domain,kind,k,axis,stratum,metric,n_files,n_targets,n_pred_blt,n_pred_ws,blt,blt_lo,blt_hi,h0,h0_lo,h0_hi,ws,ws_lo,ws_hi,delta_h0,delta_h0_lo,delta_h0_hi,p_perm_h0,h0_null_mean,h0_null_sd,h0_null_q025,h0_null_q975,z_h0,ratio_h0,delta_ws,delta_ws_lo,delta_ws_hi,p_rand_ws,length_cap,n_pred_length_cap,k_mode,smoke,preliminary
py,start,0,all,all,precision,6,50,398,63.0,0.08793969849246232,0.05587769918093824,0.11970074812967581,0.027809547738693468,0.022496913580246913,0.03316088709677419,0.1746031746031746,0.05063291139240506,0.32075471698113206,0.060130150753768846,0.030963235294117646,0.08788977556109726,9.999000099990002e-05,0.02780954773869347,0.007121842430167445,0.01507537688442211,0.04271356783919598,8.443061095969108,3.1622124645380456,-0.08666347611071228,-0.2319295020814186,0.027510486059708864,1.0,,0,calibrated,True,True
py,start,0,all,all,recall,6,50,398,63.0,0.7,0.4807692307692308,0.8730295566502461,0.221364,0.18914358974358977,0.24268571428571434,0.22,0.07272727272727272,0.38636363636363635,0.47863599999999995,0.2681906976744186,0.6477650793650793,9.999000099990002e-05,0.22136399999999998,0.056689865744132865,0.12,0.34,8.443061095969107,3.162212464538046,0.48,0.15686274509803927,0.68,0.044795520447955206,0.0,0,calibrated,True,True
py,start,0,all,all,f1,6,50,398,63.0,0.15625,0.1004566210045662,0.2096069868995633,0.049411607142857146,0.04031573333333334,0.058325531914893626,0.19469026548672566,0.06060606060606061,0.3469387755102041,0.10683839285714286,0.055774834437086106,0.15390305676855895,9.999000099990002e-05,0.049411607142857146,0.012653987889315372,0.026785714285714284,0.07589285714285714,8.443061095969108,3.1622124645380456,-0.03844026548672566,-0.20212403427847936,0.09094816725213808,0.7210278972102789,,0,calibrated,True,True
py,start,0,depth,1,precision,6,11,398,63.0,0.020100502512562814,0.005063291139240506,0.03463203463203463,0.006205527638190954,0.001859375,0.010607337526205452,0.1746031746031746,0.05063291139240506,0.32075471698113206,0.01389497487437186,0.0026443037974683546,0.025,0.0005999400059994001,0.006205527638191599,0.003377943034885676,0.0,0.01256281407035176,4.113442627916157,3.2391286743862535,-0.15450267209061178,-0.28923609233929826,-0.04334424966287806,1.0,,0,calibrated,True,True
py,start,0,depth,1,recall,6,11,398,63.0,0.7272727272727273,0.3333333333333333,1.0,0.22452727272727271,0.18958333333333333,0.253675,1.0,1.0,1.0,0.5027454545454546,0.14122222222222222,0.780225,0.0005999400059994001,0.2245272727272634,0.12222012071677146,0.0,0.45454545454545453,4.113442627916465,3.2391286743867247,-0.2727272727272727,-0.6666666666666667,0.0,1.0,0.0,0,calibrated,True,True
py,start,0,depth,1,f1,6,11,398,63.0,0.039119804400977995,0.010256410256410256,0.06652806652806653,0.012077261613691931,0.0036833333333333327,0.02027935871743487,0.2972972972972973,0.09836065573770492,0.4857142857142857,0.027042542787286065,0.005615591397849462,0.04796948529411765,0.0005999400059994001,0.012077261613692408,0.006574187422418227,0.0,0.02444987775061125,4.113442627916189,3.2391286743864622,-0.2581774928963193,-0.42560499609679936,-0.08174015712274646,1.0,,0,calibrated,True,True
py,start,0,depth,2,precision,6,1,398,63.0,0.002512562814070352,0.0,0.006330121744739161,0.0006198492462311558,0.0,0.001561641034427151,0.0,0.0,0.0,0.001892713567839196,0.0,0.00476848071031201,0.24677532246775322,0.0006198492462311458,0.0010831963856095554,0.0,0.002512562814070352,1.7473411035932371,4.053506282934804,0.002512562814070352,0.0,0.006330121744739161,0.4991500849915009,,0,calibrated,True,True
py,start,0,depth,2,recall,6,1,398,63.0,1.0,1.0,1.0,0.2467,0.2467,0.2467,0.0,0.0,0.0,0.7533,0.7533,0.7533,0.24677532246775322,0.2467,0.4311121614725616,0.0,1.0,1.7473411035933957,4.053506282934738,1.0,1.0,1.0,0.4991500849915009,0.0,0,calibrated,True,True
py,start,0,depth,2,f1,6,1,398,63.0,0.005012531328320802,0.00425531914893617,0.012903225806451613,0.0012365914786967417,0.001049787234042553,0.0031832258064516126,0.0,0.0,0.0,0.00377593984962406,0.003205531914893617,0.00972,0.24677532246775322,0.0012365914786967168,0.002160963215401417,0.0,0.005012531328320802,1.7473411035933217,4.05350628293482,0.005012531328320802,0.00425531914893617,0.012903225806451613,0.4991500849915009,,0,calibrated,True,True
py,start,0,depth,3,precision,6,12,398,63.0,0.02512562814070352,0.010126582278481013,0.0405982905982906,0.007065075376884421,0.003170796460176991,0.0098993006993007,0.0,0.0,0.0,0.0180605527638191,0.005344522144522145,0.03090811965811966,9.999000099990002e-05,0.007065075376885119,0.0036168039331910375,0.0,0.01507537688442211,4.993511701886454,3.5563142359255355,0.02512562814070352,0.010126582278481013,0.0405982905982906,0.07789221077892211,,0,calibrated,True,True
py,start,0,depth,3,recall,6,12,398,63.0,0.8333333333333334,0.5,1.0,0.23432499999999998,0.19558571428571428,0.25344,0.0,0.0,0.0,0.5990083333333334,0.2579916666666666,0.8044142857142857,9.999000099990002e-05,0.23432499999999978,0.11995733045083895,0.0,0.5,4.993511701886529,3.55631423592589,0.8333333333333334,0.5,1.0,0.03189681031896811,0.0,0,calibrated,True,True
py,start,0,depth,3,f1,6,12,398,63.0,0.04878048780487805,0.020429895984718328,0.07802874743326489,0.013716585365853656,0.0062313043478260865,0.01900503144654088,0.0,0.0,0.0,0.035063902439024394,0.010421818181818181,0.059404517453798766,9.999000099990002e-05,0.01371658536585357,0.0070218925141955334,0.0,0.02926829268292683,4.993511701886481,3.5563142359259095,0.04878048780487805,0.020429895984718328,0.07802874743326489,0.07789221077892211,,0,calibrated,True,True
py,start,0,depth,4,precision,6,1,398,63.0,0.0,0.0,0.0,0.00042537688442211057,0.0,0.0014187150837988826,0.0,0.0,0.0,-0.00042537688442211057,-0.0014187150837988826,0.0,1.0,0.00042537688442210406,0.0009423000800739264,0.0,0.002512562814070352,-0.4514240138754227,0.0,0.0,0.0,0.0,1.0,,0,calibrated,True,True
py,start,0,depth,4,recall,6,1,398,63.0,0.0,0.0,0.0,0.1693,0.1693,0.1693,0.0,0.0,0.0,-0.1693,-0.1693,-0.1693,1.0,0.1693,0.37503543186944477,0.0,1.0,-0.45142401387540304,0.0,0.0,0.0,0.0,1.0,0.0,0,calibrated,True,True
py,start,0,depth,4,f1,6,1,398,63.0,0.0,0.0,0.0,0.0008486215538847118,0.0006772,0.003050450450450451,0.0,0.0,0.0,-0.0008486215538847118,-0.003050450450450451,-0.0006772,1.0,0.0008486215538846952,0.0018798768514759342,0.0,0.005012531328320802,-0.4514240138753893,0.0,0.0,0.0,0.0,1.0,,0,calibrated,True,True
py,start,0,depth,5,precision,6,15,398,63.0,0.022613065326633167,0.012578616352201259,0.029473684210526315,0.008470100502512564,0.003406959706959707,0.012629550827423168,0.0,0.0,0.0,0.014142964824120603,0.008186214593684564,0.01806737400530504,0.0013998600139986002,0.008470100502513376,0.0039806765027352795,0.002512562814070352,0.017587939698492462,3.552904842782779,2.6697517130904265,0.022613065326633167,0.012578616352201259,0.029473684210526315,0.034596540345965404,,0,calibrated,True,True
py,start,0,depth,5,recall,6,15,398,63.0,0.6,0.4444444444444444,0.875,0.22474000000000002,0.18119000000000002,0.24291304347826087,0.0,0.0,0.0,0.3752599999999999,0.23710298295454554,0.6630003124999992,0.0013998600139986002,0.22474000000001032,0.10562061653924788,0.06666666666666667,0.4666666666666667,3.5529048427827123,2.6697517130905597,0.6,0.4444444444444444,0.875,0.034596540345965404,0.0,0,calibrated,True,True
py,start,0,depth,5,f1,6,15,398,63.0,0.043583535108958835,0.024390243902439025,0.056,0.01632493946731235,0.0066913669064748195,0.024004379562043793,0.0,0.0,0.0,0.027258595641646486,0.015923489774535313,0.034782212581344896,0.0013998600139986002,0.016324939467314253,0.007672199748613862,0.004842615012106538,0.03389830508474576,3.5529048427824623,2.669751713090371,0.043583535108958835,0.024390243902439025,0.056,0.034596540345965404,,0,calibrated,True,True
py,start,0,depth,6,precision,6,3,398,63.0,0.007537688442211055,0.0,0.02040816326530612,0.0015560301507537688,0.0,0.004102654867256637,0.0,0.0,0.0,0.005981658291457286,0.0,0.016195238095238096,0.007599240075992401,0.0015560301507537427,0.0017541508194864066,0.0,0.005025125628140704,3.4100022786003468,4.844178911674552,0.007537688442211055,0.0,0.02040816326530612,0.28977102289771023,,0,calibrated,True,True
py,start,0,depth,6,recall,6,3,398,63.0,1.0,1.0,1.0,0.20643333333333333,0.17384999999999998,0.2716,0.0,0.0,0.0,0.7935666666666666,0.7283999999999999,0.82615,0.007599240075992401,0.20643333333332495,0.2327173420518871,0.0,0.6666666666666666,3.410002278600019,4.844178911674668,1.0,1.0,1.0,0.24567543245675433,0.0,0,calibrated,True,True
py,start,0,depth,6,f1,6,3,398,63.0,0.014962593516209476,0.004319654427645789,0.040100250626566414,0.003088778054862843,0.0011732181425485962,0.008134871794871797,0.0,0.0,0.0,0.011873815461346634,0.0031464362850971922,0.031928502415458936,0.007599240075992401,0.0030887780548627913,0.0034820549932946376,0.0,0.00997506234413965,3.41000227860042,4.844178911674552,0.014962593516209476,0.004319654427645789,0.040100250626566414,0.28977102289771023,,0,calibrated,True,True
py,start,0,depth,7,precision,6,3,398,63.0,0.002512562814070352,0.0,0.00967741935483871,0.0015409547738693466,0.0,0.003993768545994066,0.0,0.0,0.0,0.0009716080402010052,-0.0014332688588007737,0.0060161392405063295,0.49955004499550043,0.001540954773869321,0.0017396863198893527,0.0,0.005025125628140704,0.5584961088058834,1.6305233980107887,0.002512562814070352,0.0,0.00967741935483871,0.49835016498350165,,0,calibrated,True,True
py,start,0,depth,7,recall,6,3,398,63.0,0.3333333333333333,0.0,0.5,0.20443333333333333,0.18315,0.247,0.0,0.0,0.0,0.1289,-0.247,0.31684999999999997,0.49955004499550043,0.20443333333332409,0.23079838510534753,0.0,0.6666666666666666,0.5584961088058439,1.6305233980108351,0.3333333333333333,0.0,0.5,0.49835016498350165,0.0,0,calibrated,True,True
py,start,0,depth,7,f1,6,3,398,63.0,0.004987531172069825,0.0,0.0189873417721519,0.0030588528678304238,0.0010881057268722467,0.00787741935483871,0.0,0.0,0.0,0.0019286783042394015,-0.0028832684824902726,0.012032278481012657,0.49955004499550043,0.0030588528678303726,0.00345334242052904,0.0,0.00997506234413965,0.5584961088057946,1.6305233980107887,0.004987531172069825,0.0,0.0189873417721519,0.49835016498350165,,0,calibrated,True,True
py,start,0,depth,8,precision,6,3,398,63.0,0.007537688442211055,0.0,0.01818181818181818,0.0014670854271356783,0.0,0.003230434782608696,0.0,0.0,0.0,0.006070603015075377,0.0,0.01490103896103896,0.006899310068993101,0.0014670854271356538,0.0017033744449188684,0.0,0.005025125628140704,3.563868785975912,5.1378660729577845,0.007537688442211055,0.0,0.01818181818181818,0.30796920307969206,,0,calibrated,True,True
py,start,0,depth,8,recall,6,3,398,63.0,1.0,1.0,1.0,0.19463333333333332,0.1698,0.2443,0.0,0.0,0.0,0.8053666666666667,0.7557,0.8302,0.006899310068993101,0.19463333333332458,0.2259810096925665,0.0,0.6666666666666666,3.5638687859759903,5.137866072957929,1.0,1.0,1.0,0.25007499250074994,0.0,0,calibrated,True,True
py,start,0,depth,8,f1,6,3,398,63.0,0.014962593516209476,0.004618937644341801,0.03571428571428571,0.002912219451371571,0.0011284064665127022,0.006347663551401871,0.0,0.0,0.0,0.012050374064837905,0.0034905311778290994,0.029401113019541826,0.006899310068993101,0.0029122194513715224,0.003381261990412685,0.0,0.00997506234413965,3.563868785975735,5.137866072957784,0.014962593516209476,0.004618937644341801,0.03571428571428571,0.30796920307969206,,0,calibrated,True,True
py,start,0,depth,9,precision,6,1,398,63.0,0.0,0.0,0.0,0.0004595477386934674,0.0,0.0017699999999999999,0.0,0.0,0.0,-0.0004595477386934674,-0.0017699999999999999,0.0,1.0,0.0004595477386934602,0.0009713664553978248,0.0,0.002512562814070352,-0.4730940996981944,0.0,0.0,0.0,0.0,1.0,,0,calibrated,True,True
py,start,0,depth,9,recall,6,1,398,63.0,0.0,0.0,0.0,0.1829,0.18289999999999998,0.1829,0.0,0.0,0.0,-0.1829,-0.1829,-0.18289999999999998,1.0,0.1829,0.3866038492483656,0.0,1.0,-0.4730940996981634,0.0,0.0,0.0,0.0,1.0,0.0,0,calibrated,True,True
py,start,0,depth,9,f1,6,1,398,63.0,0.0,0.0,0.0,0.0009167919799498746,0.0007495901639344262,0.0038505263157894735,0.0,0.0,0.0,-0.0009167919799498746,-0.0038505263157894735,-0.0007495901639344262,1.0,0.0009167919799498566,0.0019378639060066132,0.0,0.005012531328320802,-0.4730940996982107,0.0,0.0,0.0,0.0,1.0,,0,calibrated,True,True
py,start,0,node_type,binary_operator,precision,6,1,398,63.0,0.0,0.0,0.0,0.0006206030150753769,0.0,0.0015635400709505729,0.0,0.0,0.0,-0.0006206030150753769,-0.0015635400709505744,0.0,1.0,0.0006206030150753669,0.0010836389541706412,0.0,0.002512562814070352,-0.5727027555504803,0.0,0.0,0.0,0.0,1.0,,0,calibrated,True,True
py,start,0,node_type,binary_operator,recall,6,1,398,63.0,0.0,0.0,0.0,0.247,0.247,0.247,0.0,0.0,0.0,-0.247,-0.247,-0.247,1.0,0.247,0.43128830375992616,0.0,1.0,-0.572702755550475,0.0,0.0,0.0,0.0,1.0,0.0,0,calibrated,True,True
py,start,0,node_type,binary_operator,f1,6,1,398,63.0,0.0,0.0,0.0,0.0012380952380952382,0.001051063829787234,0.0031870967741935486,0.0,0.0,0.0,-0.0012380952380952382,-0.0031870967741935486,-0.001051063829787234,1.0,0.0012380952380952129,0.0021618461341347084,0.0,0.005012531328320802,-0.5727027555505322,0.0,0.0,0.0,0.0,1.0,,0,calibrated,True,True
py,start,0,node_type,call,precision,6,17,398,63.0,0.03015075376884422,0.011655011655011656,0.047619047619047616,0.009323115577889448,0.0038815724815724818,0.014263312368972747,0.0,0.0,0.0,0.020827638190954772,0.0069242677824267775,0.033970186335403725,0.00019998000199980003,0.00932311557789026,0.004249971408361469,0.002512562814070352,0.017587939698492462,4.9006537196879245,3.233978332344891,0.03015075376884422,0.011655011655011656,0.047619047619047616,0.07589241075892411,,0,calibrated,True,True
py,start,0,node_type,call,recall,6,17,398,63.0,0.7058823529411765,0.42857142857142855,0.9333333333333333,0.21827058823529413,0.18028,0.24439982919254633,0.0,0.0,0.0,0.4876117647058824,0.2312428571428571,0.7003533333333334,0.00019998000199980003,0.2182705882352811,0.09949933061929006,0.058823529411764705,0.4117647058823529,4.900653719688055,3.2339783323453664,0.7058823529411765,0.42857142857142855,0.9333333333333333,0.030796920307969204,0.0,0,calibrated,True,True
py,start,0,node_type,call,f1,6,17,398,63.0,0.05783132530120482,0.022935779816513763,0.08961303462321792,0.017882409638554215,0.007613493975903614,0.02684317718940937,0.0,0.0,0.0,0.0399489156626506,0.01341197604790419,0.06421761252446184,0.00019998000199980003,0.017882409638554878,0.008151752388086162,0.004819277108433735,0.033734939759036145,4.900653719687995,3.2339783323450537,0.05783132530120482,0.022935779816513763,0.08961303462321792,0.0603939606039396,,0,calibrated,True,True
py,start,0,node_type,expression_statement,precision,6,17,398,63.0,0.035175879396984924,0.018867924528301886,0.04987531172069826,0.009868844221105526,0.006416905444126075,0.012351295336787565,0.09523809523809523,0.014285714285714285,0.2112676056338028,0.0253070351758794,0.011716313559322032,0.038409476309226934,9.999000099990002e-05,0.009868844221106414,0.0042992585200938745,0.002512562814070352,0.017587939698492462,5.886372047086374,3.564336269667178,-0.06006221584111031,-0.16735885060051633,0.013276734104046242,1.0,,0,calibrated,True,True
py,start,0,node_type,expression_statement,recall,6,17,398,63.0,0.8235294117647058,0.5454545454545454,1.0,0.23104705882352938,0.1973,0.24857142857142858,0.35294117647058826,0.06666666666666667,0.6666666666666666,0.5924823529411765,0.32848181818181815,0.7827916666666667,9.999000099990002e-05,0.23104705882351445,0.10065322888219465,0.058823529411764705,0.4117647058823529,5.886372047086909,3.564336269667729,0.4705882352941176,0.09090909090909088,0.7222222222222222,0.06379362063793621,0.0,0,calibrated,True,True
py,start,0,node_type,expression_statement,f1,6,17,398,63.0,0.06746987951807229,0.03644646924829157,0.09501187648456057,0.018929156626506023,0.01247632311977716,0.02353149606299212,0.15,0.023529411764705882,0.3116883116883117,0.04854072289156627,0.02252226890756303,0.07316959619952494,9.999000099990002e-05,0.018929156626506717,0.008246288631312118,0.004819277108433735,0.033734939759036145,5.886372047086831,3.564336269667368,-0.0825301204819277,-0.24167641886975494,0.02973628043265926,1.0,,0,calibrated,True,True
py,start,0,node_type,for_statement,precision,6,1,398,63.0,0.002512562814070352,0.0,0.006330121744739161,0.0006253768844221106,0.0,0.0015755673022655773,0.015873015873015872,0.0,0.04477611940298507,0.0018871859296482412,0.0,0.004754554442473584,0.24897510248975102,0.0006253768844221005,0.0010864255561508231,0.0,0.002512562814070352,1.7370595886334825,4.017677782241929,-0.01336045305894552,-0.03856493927876147,0.0,1.0,,0,calibrated,True,True
py,start,0,node_type,for_statement,recall,6,1,398,63.0,1.0,1.0,1.0,0.2489,0.2489,0.2489,1.0,1.0,1.0,0.7511,0.7511,0.7511,0.24897510248975102,0.2489,0.4323973713480034,0.0,1.0,1.7370595886335705,4.017677782241864,0.0,0.0,0.0,1.0,0.0,0,calibrated,True,True
py,start,0,node_type,for_statement,f1,6,1,398,63.0,0.005012531328320802,0.00425531914893617,0.012903225806451613,0.0012476190476190475,0.0010591489361702127,0.0032116129032258066,0.03125,0.025974025974025976,0.08823529411764706,0.003764912280701754,0.0031961702127659575,0.009691612903225805,0.24897510248975102,0.0012476190476190222,0.0021674053701655894,0.0,0.005012531328320802,1.7370595886334548,4.017677782241946,-0.0262374686716792,-0.07621890547263681,-0.021597658359146326,1.0,,0,calibrated,True,True
py,start,0,node_type,function_definition,precision,6,8,398,63.0,0.007537688442211055,0.0019342359767891683,0.015384615384615385,0.004156532663316583,0.0009226158038147139,0.007602313624678663,0.06349206349206349,0.0,0.16666666666666666,0.0033811557788944718,-0.00026217765042979915,0.009626345609065157,0.22197780221977803,0.004156532663317021,0.0028657776451740803,0.0,0.010050251256281407,1.1798388422032118,1.8134558423500475,-0.055954375049852435,-0.1523645733779335,0.004415011037527594,1.0,,0,calibrated,True,True
py,start,0,node_type,function_definition,recall,6,8,398,63.0,0.375,0.16666666666666666,0.6964285714285714,0.2067875,0.17353333333333332,0.2411142857142857,0.5,0.0,1.0,0.1682125,-0.018299999999999983,0.4975428571428571,0.22197780221977803,0.2067875,0.14257243784740364,0.0,0.5,1.1798388422034216,1.8134558423502387,-0.125,-0.5714285714285714,0.2857142857142857,0.7508249175082492,0.0,0,calibrated,True,True
py,start,0,node_type,function_definition,f1,6,8,398,63.0,0.014778325123152709,0.003976143141153081,0.029850746268656716,0.008149261083743841,0.0018762886597938145,0.014676426799007446,0.11267605633802817,0.0,0.28125,0.006629064039408867,-0.0005169491525423729,0.018619726027397254,0.22197780221977803,0.008149261083743267,0.005618618240291786,0.0,0.019704433497536946,1.1798388422035202,1.8134558423503666,-0.09789773121487547,-0.25644620542517527,0.008676789587852495,1.0,,0,calibrated,True,True
py,start,0,node_type,if_statement,precision,6,2,398,63.0,0.005025125628140704,0.0,0.010230179028132993,0.0010670854271356783,0.0,0.002043717277486911,0.0,0.0,0.0,0.0039580402010050255,0.0,0.008082608695652173,0.0448955104489551,0.0010670854271356608,0.0014519989554780252,0.0,0.005025125628140704,2.725924964389511,4.709206498705046,0.005025125628140704,0.0,0.010230179028132993,0.2682731726827317,,0,calibrated,True,True
py,start,0,node_type,if_statement,recall,6,2,398,63.0,1.0,1.0,1.0,0.21234999999999998,0.178,0.2467,0.0,0.0,0.0,0.78765,0.7533,0.8220000000000001,0.0448955104489551,0.21235,0.2889477921401277,0.0,1.0,2.725924964389492,4.709206498704968,1.0,1.0,1.0,0.25317468253174685,0.0,0,calibrated,True,True
py,start,0,node_type,if_statement,f1,6,2,398,63.0,0.01,0.0045871559633027525,0.020366598778004074,0.0021235,0.0009198966408268734,0.004082309124767225,0.0,0.0,0.0,0.0078765,0.0034756871035940802,0.016300253164556962,0.0448955104489551,0.002123500000000011,0.0028894779214012566,0.0,0.01,2.725924964389508,4.709206498704944,0.01,0.0045871559633027525,0.020366598778004074,0.2682731726827317,,0,calibrated,True,True
py,start,0,node_type,return_statement,precision,6,4,398,63.0,0.007537688442211055,0.0020325203252032522,0.014962593516209476,0.0021479899497487435,0.0003756818181818182,0.004231506849315068,0.0,0.0,0.0,0.0053896984924623114,0.0010875816993464054,0.011592307692307693,0.0314968503149685,0.002147989949748905,0.0020466398710970346,0.0,0.007537688442211055,2.6334376499629015,3.5091823605097376,0.007537688442211055,0.0020325203252032522,0.014962593516209476,0.15648435156484353,,0,calibrated,True,True
py,start,0,node_type,return_statement,recall,6,4,398,63.0,0.75,0.5,1.0,0.213725,0.1653,0.2504,0.0,0.0,0.0,0.5362750000000001,0.2496,0.8347,0.0314968503149685,0.213725,0.20364066717415025,0.0,0.75,2.6334376499630414,3.509182360510001,0.75,0.5,1.0,0.12788721127887212,0.0,0,calibrated,True,True
py,start,0,node_type,return_statement,f1,6,4,398,63.0,0.014925373134328358,0.004405286343612335,0.029339853300733496,0.004253233830845771,0.0008317180616740088,0.00830936329588015,0.0,0.0,0.0,0.010672139303482587,0.002553452685421995,0.022855244755244756,0.0314968503149685,0.004253233830845458,0.0040525505905303506,0.0,0.014925373134328358,2.6334376499631196,3.5091823605102594,0.014925373134328358,0.004405286343612335,0.029339853300733496,0.15648435156484353,,0,calibrated,True,True
py,start,0,category,deterministic_opener,precision,6,11,398,63.0,0.01507537688442211,0.009456264775413711,0.019553072625698324,0.005848994974874372,0.0033483516483516483,0.008059897172236504,0.07936507936507936,0.014492753623188406,0.16981132075471697,0.009226381909547738,0.0041367875647668395,0.014018048780487805,0.013498650134986502,0.00584899497487496,0.0033709207799750285,0.0,0.01256281407035176,2.737050945948216,2.5774303019886577,-0.06428970248065725,-0.1524822695035461,-0.0012198195605764178,1.0,,0,calibrated,True,True
py,start,0,category,deterministic_opener,recall,6,11,398,63.0,0.5454545454545454,0.35714285714285715,0.875,0.21162727272727275,0.17833749999999998,0.24354545454545456,0.45454545454545453,0.07692307692307693,0.9090909090909091,0.33382727272727264,0.14516363636363638,0.6648777777777778,0.013498650134986502,0.21162727272726062,0.12196604276636619,0.0,0.45454545454545453,2.7370509459485577,2.5774303019890645,0.09090909090909088,-0.4,0.4545454545454546,0.49895010498950104,0.0,0,calibrated,True,True
py,start,0,category,deterministic_opener,f1,6,11,398,63.0,0.029339853300733496,0.018561484918793503,0.03800475059382423,0.011383374083129585,0.006576258992805755,0.01552128712871287,0.13513513513513514,0.024390243902439025,0.2857142857142857,0.01795647921760391,0.008044332493702771,0.02730356294536817,0.013498650134986502,0.011383374083130011,0.00656052063780008,0.0,0.02444987775061125,2.737050945948213,2.5774303019888203,-0.10579528183440165,-0.25655632537849626,0.0010399274275254018,1.0,,0,calibrated,True,True
py,start,0,category,open_ended,precision,6,39,398,63.0,0.0728643216080402,0.042105263157894736,0.10224438902743142,0.021960552763819093,0.015777064220183486,0.02864465811965812,0.09523809523809523,0.014285714285714285,0.2112676056338028,0.050903768844221105,0.02492032085561497,0.0746790523690773,9.999000099990002e-05,0.021960552763820175,0.00638868316601084,0.010050251256281407,0.035175879396984924,7.967802991865202,3.3179639142819553,-0.022373773630055035,-0.12354651162790697,0.04824087556954296,0.7826217378262174,,0,calibrated,True,True
py,start,0,category,open_ended,recall,6,39,398,63.0,0.7435897435897436,0.53125,0.8947368421052632,0.2241102564102564,0.190525,0.24556956521739132,0.15384615384615385,0.030303030303030304,0.2777777777777778,0.5194794871794872,0.31067333333333336,0.6736894736842105,9.999000099990002e-05,0.22411025641025076,0.06519733077108318,0.10256410256410256,0.358974358974359,7.967802991865679,3.317963914282202,0.5897435897435898,0.37027777777777865,0.7560975609756098,0.0334966503349665,0.0,0,calibrated,True,True
py,start,0,category,open_ended,f1,6,39,398,63.0,0.13272311212814644,0.07842371323529418,0.18222222222222223,0.04000137299771167,0.029266169154228857,0.051069333333333335,0.11764705882352941,0.0196078431372549,0.2318840579710145,0.09272173913043477,0.04613960396039604,0.1330946666666667,9.999000099990002e-05,0.04000137299771286,0.011637052174243549,0.018306636155606407,0.06407322654462243,7.967802991865578,3.3179639142820196,0.015076053304617032,-0.09238728750923872,0.09929078014184398,0.39066093390660933,,0,calibrated,True,True
py,end,0,all,all,precision,6,40,398,63.0,0.002512562814070352,0.0,0.006330121744739161,0.02357437185929648,0.01873935860058309,0.027823290598290598,0.0,0.0,0.0,-0.02106180904522613,-0.026072112676056337,-0.01751375358166189,1.0,0.02357437185929648,0.006767961322389557,0.010050251256281407,0.03768844221105527,-3.1119872058887386,0.10658026559802188,0.002512562814070352,0.0,0.006330121744739161,0.49555044495550443,,0,calibrated,True,True
py,end,0,all,all,recall,6,40,398,63.0,0.025,0.0,0.06382978723404255,0.234565,0.20105945945945944,0.2633121337209302,0.0,0.0,0.0,-0.209565,-0.2525514285714286,-0.18340392156862745,1.0,0.234565,0.0673412151577761,0.1,0.375,-3.1119872058887386,0.10658026559802188,0.025,0.0,0.06382978723404255,0.49555044495550443,0.0,0,calibrated,True,True
py,end,0,all,all,f1,6,40,398,63.0,0.0045662100456621,0.0,0.01160541586073501,0.04284292237442922,0.0348379403794038,0.04939030837004406,0.0,0.0,0.0,-0.03827671232876712,-0.04616259351620948,-0.032341921397379916,1.0,0.04284292237442922,0.012299765325621204,0.0182648401826484,0.0684931506849315,-3.1119872058887386,0.10658026559802186,0.0045662100456621,0.0,0.01160541586073501,0.49555044495550443,,0,calibrated,True,True
py,end,0,depth,1,precision,6,12,398,63.0,0.0,0.0,0.0,0.007189195979899498,0.003246363636363636,0.010778787878787879,0.0,0.0,0.0,-0.007189195979899498,-0.010778787878787879,-0.003246363636363636,1.0,0.007189195979900205,0.003619372519379653,0.0,0.01507537688442211,-1.9863100417009318,0.0,0.0,0.0,0.0,1.0,,0,calibrated,True,True
py,end,0,depth,1,recall,6,12,398,63.0,0.0,0.0,0.0,0.2384416666666667,0.1681466666666667,0.30262500000000003,0.0,0.0,0.0,-0.2384416666666667,-0.30262500000000003,-0.1681466666666667,1.0,0.23844166666666702,0.12004252189275721,0.0,0.5,-1.9863100417007604,0.0,0.0,0.0,0.0,1.0,0.0,0,calibrated,True,True
py,end,0,depth,1,f1,6,12,398,63.0,0.0,0.0,0.0,0.013957560975609757,0.0064197752808988744,0.02055032397408207,0.0,0.0,0.0,-0.013957560975609757,-0.02055032397408207,-0.0064197752808988744,1.0,0.013957560975609655,0.007026879330307743,0.0,0.02926829268292683,-1.986310041700742,0.0,0.0,0.0,0.0,1.0,,0,calibrated,True,True
py,end,0,depth,2,precision,6,1,398,63.0,0.0,0.0,0.0,0.0006050251256281406,0.0,0.0015242933161331899,0.0,0.0,0.0,-0.0006050251256281406,-0.0015242933161331912,0.0,1.0,0.000605025125628131,0.0010743480124965072,0.0,0.002512562814070352,-0.5631556242396809,0.0,0.0,0.0,0.0,1.0,,0,calibrated,True,True
py,end,0,depth,2,recall,6,1,398,63.0,0.0,0.0,0.0,0.2408,0.2408,0.2408,0.0,0.0,0.0,-0.2408,-0.2408,-0.2408,1.0,0.2408,0.42759050897366613,0.0,1.0,-0.5631556242396157,0.0,0.0,0.0,0.0,1.0,0.0,0,calibrated,True,True
py,end,0,depth,2,f1,6,1,398,63.0,0.0,0.0,0.0,0.001207017543859649,0.0010246808510638297,0.003107096774193549,0.0,0.0,0.0,-0.001207017543859649,-0.003107096774193549,-0.0010246808510638297,1.0,0.0012070175438596246,0.0021433108219228642,0.0,0.005012531328320802,-0.5631556242396765,0.0,0.0,0.0,0.0,1.0,,0,calibrated,True,True
py,end,0,depth,3,precision,6,8,398,63.0,0.0,0.0,0.0,0.005055276381909547,0.0012610526315789473,0.0078136460554371,0.0,0.0,0.0,-0.005055276381909547,-0.0078136460554371,-0.0012610526315789473,1.0,0.005055276381910112,0.003069448214069811,0.0,0.01256281407035176,-1.646965848368972,0.0,0.0,0.0,0.0,1.0,,0,calibrated,True,True
py,end,0,depth,3,recall,6,8,398,63.0,0.0,0.0,0.0,0.2515,0.1786,0.29199,0.0,0.0,0.0,-0.2515,-0.29199,-0.1786,1.0,0.2515,0.15270504864997095,0.0,0.625,-1.6469658483688112,0.0,0.0,0.0,0.0,1.0,0.0,0,calibrated,True,True
py,end,0,depth,3,f1,6,8,398,63.0,0.0,0.0,0.0,0.009911330049261084,0.0025774647887323943,0.015205809128630706,0.0,0.0,0.0,-0.009911330049261084,-0.015205809128630706,-0.0025774647887323943,1.0,0.009911330049260023,0.0060179329517228005,0.0,0.024630541871921183,-1.6469658483686875,0.0,0.0,0.0,0.0,1.0,,0,calibrated,True,True
py,end,0,depth,4,precision,6,1,398,63.0,0.0,0.0,0.0,0.0010590452261306533,0.0,0.0035321229050279328,0.0,0.0,0.0,-0.0010590452261306533,-0.0035321229050279328,0.0,1.0,0.0010590452261306355,0.0012407638018920514,0.0,0.002512562814070352,-0.8535429745094822,0.0,0.0,0.0,0.0,1.0,,0,calibrated,True,True
py,end,0,depth,4,recall,6,1,398,63.0,0.0,0.0,0.0,0.4215,0.4215,0.4215,0.0,0.0,0.0,-0.4215,-0.4215,-0.4215,1.0,0.4215,0.4938239931530407,0.0,1.0,-0.8535429745094892,0.0,0.0,0.0,0.0,1.0,0.0,0,calibrated,True,True
py,end,0,depth,4,f1,6,1,398,63.0,0.0,0.0,0.0,0.0021127819548872177,0.001686,0.007594594594594595,0.0,0.0,0.0,-0.0021127819548872177,-0.007594594594594595,-0.001686,1.0,0.002112781954887355,0.0024753082363562586,0.0,0.005012531328320802,-0.8535429745094878,0.0,0.0,0.0,0.0,1.0,,0,calibrated,True,True
py,end,0,depth,5,precision,6,8,398,63.0,0.0,0.0,0.0,0.004498492462311558,0.0012412060301507538,0.007868119891008175,0.0,0.0,0.0,-0.004498492462311558,-0.007868119891008175,-0.0012412060301507538,1.0,0.0044984924623120435,0.00295117140213102,0.0,0.010050251256281407,-1.5243074187638554,0.0,0.0,0.0,0.0,1.0,,0,calibrated,True,True
py,end,0,depth,5,recall,6,8,398,63.0,0.0,0.0,0.0,0.2238,0.19622,0.24834285714285714,0.0,0.0,0.0,-0.2238,-0.24834285714285714,-0.19622,1.0,0.2238,0.14682077725603485,0.0,0.5,-1.5243074187635186,0.0,0.0,0.0,0.0,1.0,0.0,0,calibrated,True,True
py,end,0,depth,5,f1,6,8,398,63.0,0.0,0.0,0.0,0.008819704433497538,0.0024735632183908044,0.01515800524934383,0.0,0.0,0.0,-0.008819704433497538,-0.01515800524934383,-0.0024735632183908044,1.0,0.008819704433496757,0.0057860404829961,0.0,0.019704433497536946,-1.5243074187634753,0.0,0.0,0.0,0.0,1.0,,0,calibrated,True,True
py,end,0,depth,6,precision,6,2,398,63.0,0.0,0.0,0.0,0.001051507537688442,0.0,0.002846938775510204,0.0,0.0,0.0,-0.001051507537688442,-0.002846938775510204,0.0,1.0,0.001051507537688425,0.001444648914566185,0.0,0.005025125628140704,-0.7278637232106897,0.0,0.0,0.0,0.0,1.0,,0,calibrated,True,True
py,end,0,depth,6,recall,6,2,398,63.0,0.0,0.0,0.0,0.20925,0.174,0.24450000000000002,0.0,0.0,0.0,-0.20925,-0.24450000000000002,-0.174,1.0,0.20925,0.28748513399867154,0.0,1.0,-0.7278637232106998,0.0,0.0,0.0,0.0,1.0,0.0,0,calibrated,True,True
py,end,0,depth,6,f1,6,2,398,63.0,0.0,0.0,0.0,0.0020925,0.0007280334728033473,0.005617692663735243,0.0,0.0,0.0,-0.0020925,-0.005617692663735245,-0.0007280334728033473,1.0,0.002092500000000019,0.002874851339986543,0.0,0.01,-0.72786372321075,0.0,0.0,0.0,0.0,1.0,,0,calibrated,True,True
py,end,0,depth,7,precision,6,5,398,63.0,0.002512562814070352,0.0,0.006330121744739161,0.002571859296482412,0.0004753886010362694,0.005935656836461126,0.0,0.0,0.0,-5.92964824120603e-05,-0.005522695035460993,0.004246756152125279,0.6875312468753124,0.0025718592964826914,0.002242696611313423,0.0,0.007537688442211055,-0.02643981451312442,0.9769441187962987,0.002512562814070352,0.0,0.006330121744739161,0.49355064493550643,,0,calibrated,True,True
py,end,0,depth,7,recall,6,5,398,63.0,0.2,0.0,1.0,0.20472,0.1835,0.2449,0.0,0.0,0.0,-0.004720000000000002,-0.1984,0.7551,0.6875312468753124,0.20472000000001903,0.17851865026054384,0.0,0.6,-0.026439814513107084,0.9769441187963142,0.2,0.0,1.0,0.49355064493550643,0.0,0,calibrated,True,True
py,end,0,depth,7,f1,6,5,398,63.0,0.004962779156327543,0.0,0.012578616352201259,0.005079900744416874,0.001066860465116279,0.01153125,0.0,0.0,0.0,-0.00011712158808933025,-0.01078958904109589,0.008399557522123895,0.6875312468753124,0.00507990074441682,0.004429743182643813,0.0,0.01488833746898263,-0.02643981451298821,0.9769441187964152,0.004962779156327543,0.0,0.012578616352201259,0.49355064493550643,,0,calibrated,True,True
py,end,0,depth,8,precision,6,2,398,63.0,0.0,0.0,0.0,0.0010457286432160803,0.0,0.0020009615384615387,0.0,0.0,0.0,-0.0010457286432160803,-0.0020009615384615387,0.0,1.0,0.001045728643216063,0.0014372436494105544,0.0,0.005025125628140704,-0.7275931562786446,0.0,0.0,0.0,0.0,1.0,,0,calibrated,True,True
py,end,0,depth,8,recall,6,2,398,63.0,0.0,0.0,0.0,0.2081,0.1707,0.2455,0.0,0.0,0.0,-0.2081,-0.2455,-0.1707,1.0,0.2081,0.2860114862326606,0.0,1.0,-0.7275931562787578,0.0,0.0,0.0,0.0,1.0,0.0,0,calibrated,True,True
py,end,0,depth,8,f1,6,2,398,63.0,0.0,0.0,0.0,0.002081,0.0008821705426356589,0.003987368421052632,0.0,0.0,0.0,-0.002081,-0.003987368421052632,-0.0008821705426356589,1.0,0.002081000000000022,0.002860114862326602,0.0,0.01,-0.7275931562787665,0.0,0.0,0.0,0.0,1.0,,0,calibrated,True,True
py,end,0,depth,9,precision,6,1,398,63.0,0.0,0.0,0.0,0.0004982412060301508,0.0,0.0019190322580645161,0.0,0.0,0.0,-0.0004982412060301508,-0.0019190322580645161,0.0,1.0,0.000498241206030143,0.0010018574744755143,0.0,0.002512562814070352,-0.49731745155764684,0.0,0.0,0.0,0.0,1.0,,0,calibrated,True,True
py,end,0,depth,9,recall,6,1,398,63.0,0.0,0.0,0.0,0.1983,0.1983,0.1983,0.0,0.0,0.0,-0.1983,-0.1983,-0.1983,1.0,0.1983,0.398739274841243,0.0,1.0,-0.4973174515576692,0.0,0.0,0.0,0.0,1.0,0.0,0,calibrated,True,True
py,end,0,depth,9,f1,6,1,398,63.0,0.0,0.0,0.0,0.000993984962406015,0.0008127049180327868,0.004174736842105263,0.0,0.0,0.0,-0.000993984962406015,-0.004174736842105263,-0.0008127049180327868,1.0,0.0009939849624059952,0.0019986931069737317,0.0,0.005012531328320802,-0.49731745155763873,0.0,0.0,0.0,0.0,1.0,,0,calibrated,True,True
py,end,0,node_type,binary_operator,precision,6,1,398,63.0,0.002512562814070352,0.0,0.006330121744739161,0.0006153266331658291,0.0,0.0015502468152866205,0.0,0.0,0.0,0.0018972361809045228,0.0,0.004779874929452541,0.24497550244975502,0.0006153266331658193,0.0010805261242501222,0.0,0.002512562814070352,1.7558448040496952,4.0832993058391835,0.002512562814070352,0.0,0.006330121744739161,0.49845015498450157,,0,calibrated,True,True
py,end,0,node_type,binary_operator,recall,6,1,398,63.0,1.0,1.0,1.0,0.2449,0.2449,0.2449,0.0,0.0,0.0,0.7551,0.7551,0.7551,0.24497550244975502,0.2449,0.43004939745150333,0.0,1.0,1.755844804049871,4.083299305839118,1.0,1.0,1.0,0.49845015498450157,0.0,0,calibrated,True,True
py,end,0,node_type,binary_operator,f1,6,1,398,63.0,0.005012531328320802,0.00425531914893617,0.012903225806451613,0.0012275689223057644,0.001042127659574468,0.0031600000000000005,0.0,0.0,0.0,0.0037849624060150374,0.003213191489361702,0.009743225806451612,0.24497550244975502,0.0012275689223057394,0.0021556360774514197,0.0,0.005012531328320802,1.7558448040496584,4.0832993058392,0.005012531328320802,0.00425531914893617,0.012903225806451613,0.49845015498450157,,0,calibrated,True,True
py,end,0,node_type,call,precision,6,13,398,63.0,0.0,0.0,0.0,0.006883919597989951,0.0025069948186528497,0.013307951070336391,0.0,0.0,0.0,-0.006883919597989951,-0.013307951070336391,-0.0025069948186528497,1.0,0.0068839195979906054,0.0036782325793956205,0.0,0.01507537688442211,-1.8715291785930839,0.0,0.0,0.0,0.0,1.0,,0,calibrated,True,True
py,end,0,node_type,call,recall,6,13,398,63.0,0.0,0.0,0.0,0.21075384615384618,0.19121818181818184,0.23625555555555555,0.0,0.0,0.0,-0.21075384615384618,-0.23625555555555555,-0.19121818181818184,1.0,0.21075384615387055,0.11261050512303847,0.0,0.46153846153846156,-1.871529178593067,0.0,0.0,0.0,0.0,1.0,0.0,0,calibrated,True,True
py,end,0,node_type,call,f1,6,13,398,63.0,0.0,0.0,0.0,0.0133323600973236,0.004949872122762149,0.02493810888252149,0.0,0.0,0.0,-0.0133323600973236,-0.02493810888252149,-0.004949872122762149,1.0,0.013332360097322611,0.007123778912893078,0.0,0.029197080291970802,-1.8715291785926764,0.0,0.0,0.0,0.0,1.0,,0,calibrated,True,True
py,end,0,node_type,expression_statement,precision,6,15,398,63.0,0.0,0.0,0.0,0.008764572864321609,0.005114150943396227,0.011235862068965517,0.0,0.0,0.0,-0.008764572864321609,-0.011235862068965517,-0.005114150943396227,1.0,0.008764572864322433,0.004073395120237534,0.002512562814070352,0.017587939698492462,-2.1516628280861054,0.0,0.0,0.0,0.0,1.0,,0,calibrated,True,True
py,end,0,node_type,expression_statement,recall,6,15,398,63.0,0.0,0.0,0.0,0.23255333333333333,0.20041111111111112,0.2491117647058824,0.0,0.0,0.0,-0.23255333333333333,-0.2491117647058824,-0.20041111111111112,1.0,0.23255333333334297,0.1080807505236372,0.06666666666666667,0.4666666666666667,-2.151662828085966,0.0,0.0,0.0,0.0,1.0,0.0,0,calibrated,True,True
py,end,0,node_type,expression_statement,f1,6,15,398,63.0,0.0,0.0,0.0,0.016892493946731237,0.009977300613496934,0.02148395604395605,0.0,0.0,0.0,-0.016892493946731237,-0.02148395604395605,-0.009977300613496934,1.0,0.016892493946733266,0.007850901975082583,0.004842615012106538,0.03389830508474576,-2.151662828086142,0.0,0.0,0.0,0.0,1.0,,0,calibrated,True,True
py,end,0,node_type,for_statement,precision,6,1,398,63.0,0.0,0.0,0.0,0.001100753768844221,0.0,0.002773226336370227,0.0,0.0,0.0,-0.001100753768844221,-0.002773226336370229,0.0,1.0,0.0011007537688442026,0.0012466794088199947,0.0,0.002512562814070352,-0.8829485439934286,0.0,0.0,0.0,0.0,1.0,,0,calibrated,True,True
py,end,0,node_type,for_statement,recall,6,1,398,63.0,0.0,0.0,0.0,0.4381,0.4381,0.4381,0.0,0.0,0.0,-0.4381,-0.4381,-0.4381,1.0,0.4381,0.4961784047103956,0.0,1.0,-0.8829485439933763,0.0,0.0,0.0,0.0,1.0,0.0,0,calibrated,True,True
py,end,0,node_type,for_statement,f1,6,1,398,63.0,0.0,0.0,0.0,0.0021959899749373437,0.0018642553191489364,0.0056529032258064525,0.0,0.0,0.0,-0.0021959899749373437,-0.0056529032258064525,-0.0018642553191489364,1.0,0.002195989974937508,0.0024871097980468577,0.0,0.005012531328320802,-0.8829485439935271,0.0,0.0,0.0,0.0,1.0,,0,calibrated,True,True
py,end,0,node_type,function_definition,precision,6,8,398,63.0,0.0,0.0,0.0,0.005152763819095477,0.0016286324786324786,0.008824736842105262,0.0,0.0,0.0,-0.005152763819095477,-0.008824736842105262,-0.0016286324786324786,1.0,0.00515276381909608,0.0029504776561294194,0.0,0.010050251256281407,-1.7464168245407854,0.0,0.0,0.0,0.0,1.0,,0,calibrated,True,True
py,end,0,node_type,function_definition,recall,6,8,398,63.0,0.0,0.0,0.0,0.25634999999999997,0.15555714285714287,0.3945666666666667,0.0,0.0,0.0,-0.25634999999999997,-0.3945666666666667,-0.15555714285714287,1.0,0.25635,0.14678626339244571,0.0,0.5,-1.7464168245404967,0.0,0.0,0.0,0.0,1.0,0.0,0,calibrated,True,True
py,end,0,node_type,function_definition,f1,6,8,398,63.0,0.0,0.0,0.0,0.01010246305418719,0.00326735112936345,0.01706073298429319,0.0,0.0,0.0,-0.01010246305418719,-0.01706073298429319,-0.00326735112936345,1.0,0.010102463054186097,0.0057846803307361645,0.0,0.019704433497536946,-1.7464168245404923,0.0,0.0,0.0,0.0,1.0,,0,calibrated,True,True
py,end,0,node_type,if_statement,precision,6,2,398,63.0,0.0,0.0,0.0,0.001057035175879397,0.0,0.0020225961538461535,0.0,0.0,0.0,-0.001057035175879397,-0.0020225961538461535,0.0,1.0,0.0010570351758793794,0.0014489119199774005,0.0,0.005025125628140704,-0.7295372212107045,0.0,0.0,0.0,0.0,1.0,,0,calibrated,True,True
py,end,0,node_type,if_statement,recall,6,2,398,63.0,0.0,0.0,0.0,0.21034999999999998,0.174,0.2467,0.0,0.0,0.0,-0.21034999999999998,-0.2467,-0.174,1.0,0.21035,0.28833347207550175,0.0,1.0,-0.7295372212107191,0.0,0.0,0.0,0.0,1.0,0.0,0,calibrated,True,True
py,end,0,node_type,if_statement,f1,6,2,398,63.0,0.0,0.0,0.0,0.0021035,0.0008992248062015502,0.004045789473684211,0.0,0.0,0.0,-0.0021035,-0.004045789473684211,-0.0008992248062015502,1.0,0.002103500000000021,0.0028833347207549375,0.0,0.01,-0.7295372212107466,0.0,0.0,0.0,0.0,1.0,,0,calibrated,True,True
py,end,0,category,deterministic_opener,precision,6,11,398,63.0,0.0,0.0,0.0,0.0073105527638190945,0.0045767025089605735,0.00944894259818731,0.0,0.0,0.0,-0.0073105527638190945,-0.00944894259818731,-0.0045767025089605735,1.0,0.0073105527638198595,0.003482796339749443,0.0,0.01507537688442211,-2.0990468723031306,0.0,0.0,0.0,0.0,1.0,,0,calibrated,True,True
py,end,0,category,deterministic_opener,recall,6,11,398,63.0,0.0,0.0,0.0,0.26450909090909086,0.17898333333333336,0.3319111111111111,0.0,0.0,0.0,-0.26450909090909086,-0.3319111111111111,-0.17898333333333336,1.0,0.2645090909090892,0.12601390392911258,0.0,0.5454545454545454,-2.0990468723029583,0.0,0.0,0.0,0.0,1.0,0.0,0,calibrated,True,True
py,end,0,category,deterministic_opener,f1,6,11,398,63.0,0.0,0.0,0.0,0.014227872860635695,0.008991304347826086,0.018261691542288554,0.0,0.0,0.0,-0.014227872860635695,-0.018261691542288554,-0.008991304347826086,1.0,0.014227872860636023,0.006778254001077075,0.0,0.029339853300733496,-2.099046872302984,0.0,0.0,0.0,0.0,1.0,,0,calibrated,True,True
py,end,0,category,open_ended,precision,6,29,398,63.0,0.002512562814070352,0.0,0.006330121744739161,0.01626381909547739,0.010778061224489795,0.0212268221574344,0.0,0.0,0.0,-0.013751256281407036,-0.019439325842696628,-0.009845564516129033,0.9991000899910009,0.016263819095477933,0.005738768645313364,0.005025125628140704,0.02763819095477387,-2.396203285287988,0.15448787270198772,0.002512562814070352,0.0,0.006330121744739161,0.5076492350764924,,0,calibrated,True,True
py,end,0,category,open_ended,recall,6,29,398,63.0,0.034482758620689655,0.0,0.08108108108108109,0.22320689655172415,0.19807999999999998,0.24379000000000003,0.0,0.0,0.0,-0.18872413793103449,-0.2306809523809524,-0.1541595744680851,0.9991000899910009,0.22320689655174555,0.07875965244257084,0.06896551724137931,0.3793103448275862,-2.3962032852883377,0.15448787270197806,0.034482758620689655,0.0,0.08108108108108109,0.5076492350764924,0.0,0,calibrated,True,True
py,end,0,category,open_ended,f1,6,29,398,63.0,0.00468384074941452,0.0,0.011787819253438114,0.030318501170960188,0.020609756097560977,0.03862493368700265,0.0,0.0,0.0,-0.02563466042154567,-0.03546432748538012,-0.018769852941176474,0.9991000899910009,0.030318501170960233,0.010698032416087662,0.00936768149882904,0.05152224824355972,-2.3962032852879003,0.15448787270199266,0.00468384074941452,0.0,0.011787819253438114,0.5076492350764924,,0,calibrated,True,True
cpp,start,0,all,all,precision,6,55,337,110.0,0.142433234421365,0.058823529411764705,0.2661596958174905,0.02405608308605341,0.009952105263157894,0.04389122807017544,0.07272727272727272,0.023255813953488372,0.14285714285714285,0.11837715133531158,0.04859090909090909,0.2204944576979155,9.999000099990002e-05,0.024056083086053413,0.00768651584942969,0.008902077151335312,0.03857566765578635,15.400625413931163,5.920882211449506,0.06970596169409227,-0.03885918003565063,0.19391470881773798,0.26317368263173685,,0,calibrated,True,True
cpp,start,0,all,all,recall,6,55,337,110.0,0.8727272727272727,0.7586206896551724,1.0,0.14739818181818182,0.12175,0.18174,0.14545454545454545,0.057971014492753624,0.3548387096774194,0.7253290909090908,0.6293103448275862,0.8411410256410257,9.999000099990002e-05,0.14739818181818182,0.0470973789319601,0.05454545454545454,0.23636363636363636,15.400625413931161,5.920882211449506,0.7272727272727273,0.5686274509803921,0.8571428571428572,0.016198380161983803,0.0,0,calibrated,True,True
cpp,start,0,all,all,f1,6,55,337,110.0,0.24489795918367346,0.11055276381909548,0.39892183288409705,0.04136173469387755,0.018629556650246303,0.06672679045092837,0.09696969696969697,0.033707865168539325,0.19402985074626866,0.2035362244897959,0.09132160804020101,0.33463126684636124,9.999000099990002e-05,0.04136173469387755,0.013216101230907171,0.015306122448979591,0.0663265306122449,15.400625413931163,5.920882211449506,0.14792826221397648,-0.024837260935387177,0.32052616332092315,0.2201779822017798,,0,calibrated,True,True
cpp,start,0,depth,1,precision,6,8,337,110.0,0.020771513353115726,0.005405405405405406,0.041044776119402986,0.0037258160237388727,0.0011487341772151898,0.00707171241008204,0.07272727272727272,0.023255813953488372,0.14285714285714285,0.017045697329376854,0.004099175824175825,0.035175,9.999000099990002e-05,0.003725816023738564,0.0030388618382141755,0.0,0.011869436201780416,5.609237351637637,5.575023892960003,-0.051955759374157,-0.11227610310179117,-0.015968688845401174,1.0,,0,calibrated,True,True
cpp,start,0,depth,1,recall,6,8,337,110.0,0.875,0.6,1.0,0.15695,0.1238,0.19075,1.0,1.0,1.0,0.71805,0.42103999999999997,0.8762,9.999000099990002e-05,0.15695,0.12801205493476256,0.0,0.5,5.6092373516379554,5.575023892959541,-0.125,-0.4,0.0,1.0,0.0,0,calibrated,True,True
cpp,start,0,depth,1,f1,6,8,337,110.0,0.04057971014492753,0.010752688172043012,0.07885304659498207,0.007278840579710145,0.0022758620689655173,0.013574581939799329,0.13559322033898305,0.047619047619047616,0.25,0.03330086956521739,0.00813133514986376,0.06674484848484848,9.999000099990002e-05,0.007278840579709795,0.005936790953496479,0.0,0.02318840579710145,5.609237351637783,5.575023892959809,-0.09501351019405552,-0.19100294985250738,-0.03218308600035759,1.0,,0,calibrated,True,True
cpp,start,0,depth,2,precision,6,1,337,110.0,0.002967359050445104,0.0,0.007957559681697613,0.0004884272997032641,0.0,0.0013098143236074272,0.0,0.0,0.0,0.00247893175074184,0.0,0.006647745358090186,0.16468353164683533,0.0004884272997032843,0.00110040857460616,0.0,0.002967359050445104,2.2527375812470725,6.075334143377635,0.002967359050445104,0.0,0.007957559681697613,0.5056494350564944,,0,calibrated,True,True
cpp,start,0,depth,2,recall,6,1,337,110.0,1.0,1.0,1.0,0.1646,0.1646,0.1646,0.0,0.0,0.0,0.8354,0.8354,0.8354,0.16468353164683533,0.1646,0.3708376896422869,0.0,1.0,2.252737581247024,6.075334143377886,1.0,1.0,1.0,0.5056494350564944,0.0,0,calibrated,True,True
cpp,start,0,depth,2,f1,6,1,337,110.0,0.005917159763313609,0.005141388174807198,0.01634877384196185,0.0009739644970414201,0.0008462724935732647,0.002691008174386921,0.0,0.0,0.0,0.004943195266272189,0.0042951156812339325,0.01365776566757493,0.16468353164683533,0.0009739644970414387,0.002194305855871188,0.0,0.005917159763313609,2.2527375812473567,6.07533414337777,0.005917159763313609,0.005141388174807198,0.01634877384196185,0.5056494350564944,,0,calibrated,True,True
cpp,start,0,depth,3,precision,6,25,337,110.0,0.06528189910979229,0.01577935222672074,0.13986013986013987,0.010676854599406527,0.002098421052631579,0.022248319327731095,0.0,0.0,0.0,0.05460504451038577,0.013340000000000001,0.11731748251748253,9.999000099990002e-05,0.010676854599405181,0.005122519877354521,0.002967359050445104,0.020771513353115726,10.659801390285164,6.114338122898968,0.06528189910979229,0.01577935222672074,0.13986013986013987,0.134986501349865,,0,calibrated,True,True
cpp,start,0,depth,3,recall,6,25,337,110.0,0.88,0.7692307692307693,1.0,0.143924,0.11657407407407407,0.18329166666666666,0.0,0.0,0.0,0.736076,0.6491038461538462,0.8535125,9.999000099990002e-05,0.14392399999999694,0.06905156794674266,0.04,0.28,10.65980139028437,6.114338122898326,0.88,0.7692307692307693,1.0,0.06159384061593841,0.0,0,calibrated,True,True
cpp,start,0,depth,3,f1,6,25,337,110.0,0.12154696132596685,0.031088082901554404,0.23859649122807017,0.019879005524861878,0.00413160621761658,0.03834626865671641,0.0,0.0,0.0,0.10166795580110496,0.026275757575757577,0.2016077192982456,9.999000099990002e-05,0.019879005524862894,0.009537509384909099,0.0055248618784530384,0.03867403314917127,10.65980139028434,6.114338122897884,0.12154696132596685,0.031088082901554404,0.23859649122807017,0.134986501349865,,0,calibrated,True,True
cpp,start,0,depth,4,precision,6,1,337,110.0,0.002967359050445104,0.0,0.007957559681697613,0.0004572700296735905,0.0,0.001226259946949602,0.0,0.0,0.0,0.0025100890207715135,0.0,0.00673129973474801,0.1541845815418458,0.0004572700296736085,0.001071402478687886,0.0,0.002967359050445104,2.342806807620536,6.489292667099031,0.002967359050445104,0.0,0.007957559681697613,0.5056494350564944,,0,calibrated,True,True
cpp,start,0,depth,4,recall,6,1,337,110.0,1.0,1.0,1.0,0.1541,0.1541,0.1541,0.0,0.0,0.0,0.8459,0.8459,0.8459,0.1541845815418458,0.1541,0.36106263531782534,0.0,1.0,2.3428068076205024,6.489292667099287,1.0,1.0,1.0,0.5056494350564944,0.0,0,calibrated,True,True
cpp,start,0,depth,4,f1,6,1,337,110.0,0.005917159763313609,0.005141388174807198,0.01634877384196185,0.0009118343195266272,0.0007922879177377891,0.0025193460490463213,0.0,0.0,0.0,0.0050053254437869826,0.004349100257069408,0.01382942779291553,0.1541845815418458,0.0009118343195266431,0.0021364652977388563,0.0,0.005917159763313609,2.342806807620226,6.489292667099173,0.005917159763313609,0.005141388174807198,0.01634877384196185,0.5056494350564944,,0,calibrated,True,True
cpp,start,0,depth,5,precision,6,9,337,110.0,0.026706231454005934,0.002824858757062147,0.055944055944055944,0.004188427299703264,0.0004149717514124294,0.009548,0.0,0.0,0.0,0.02251780415430267,0.0024098870056497176,0.04675181790683604,9.999000099990002e-05,0.0041884272997028795,0.0032406590801668236,0.0,0.011869436201780416,6.948526085978744,6.37619553666371,0.026706231454005934,0.002824858757062147,0.055944055944055944,0.22477752224777522,,0,calibrated,True,True
cpp,start,0,depth,5,recall,6,9,337,110.0,1.0,1.0,1.0,0.15683333333333332,0.11173333333333334,0.18588,0.0,0.0,0.0,0.8431666666666666,0.81412,0.8882666666666666,9.999000099990002e-05,0.15683333333331465,0.12134467889069556,0.0,0.4444444444444444,6.948526085978522,6.376195536663884,1.0,1.0,1.0,0.12308769123087691,0.0,0,calibrated,True,True
cpp,start,0,depth,5,f1,6,9,337,110.0,0.05202312138728324,0.0061162079510703364,0.10596026490066225,0.008158959537572254,0.0008984709480122325,0.01810070257611241,0.0,0.0,0.0,0.04386416184971098,0.005217737003058104,0.0888155223880597,9.999000099990002e-05,0.008158959537572024,0.006312728959631211,0.0,0.023121387283236993,6.94852608597879,6.376195536663305,0.05202312138728324,0.0061162079510703364,0.10596026490066225,0.22477752224777522,,0,calibrated,True,True
cpp,start,0,depth,6,precision,6,6,337,110.0,0.008902077151335312,0.0024752475247524753,0.01858736059479554,0.002295845697329377,0.0003484126984126984,0.005965250965250965,0.0,0.0,0.0,0.006606231454005935,0.0014530219780219782,0.013490822784810128,0.0336966303369663,0.0022958456973292177,0.0024683674533795357,0.0,0.008902077151335312,2.6763565712071156,3.8774718883290786,0.008902077151335312,0.0024752475247524753,0.01858736059479554,0.13888611138886112,,0,calibrated,True,True
cpp,start,0,depth,6,recall,6,6,337,110.0,0.5,0.25,1.0,0.12895,0.117775,0.1709,0.0,0.0,0.0,0.37105,0.13222499999999998,0.8683,0.0336966303369663,0.128950000000001,0.13863997196480665,0.0,0.5,2.6763565712072483,3.8774718883287793,0.5,0.25,1.0,0.12438756124387561,0.0,0,calibrated,True,True
cpp,start,0,depth,6,f1,6,6,337,110.0,0.01749271137026239,0.005141388174807198,0.03582089552238806,0.004511370262390671,0.0007634782608695652,0.01136029411764706,0.0,0.0,0.0,0.01298134110787172,0.003254769230769231,0.026375396825396823,0.0336966303369663,0.004511370262390387,0.004850378027923917,0.0,0.01749271137026239,2.676356571206954,3.8774718883290533,0.01749271137026239,0.005141388174807198,0.03582089552238806,0.13888611138886112,,0,calibrated,True,True
cpp,start,0,depth,7,precision,6,3,337,110.0,0.008902077151335312,0.0,0.024793388429752067,0.0011937685459940653,0.0,0.00302831541218638,0.0,0.0,0.0,0.007708308605341246,0.0,0.02205,0.0014998500149985001,0.0011937685459940427,0.001730987324875161,0.0,0.005934718100890208,4.453128278046283,7.457121551081424,0.008902077151335312,0.0,0.024793388429752067,0.287971202879712,,0,calibrated,True,True
cpp,start,0,depth,7,recall,6,3,337,110.0,1.0,1.0,1.0,0.1341,0.11064999999999998,0.181,0.0,0.0,0.0,0.8659,0.819,0.88935,0.0014998500149985001,0.13409999999999855,0.19444757616096306,0.0,0.6666666666666666,4.453128278046584,7.457121551081363,1.0,1.0,1.0,0.2405759424057594,0.0,0,calibrated,True,True
cpp,start,0,depth,7,f1,6,3,337,110.0,0.01764705882352941,0.00510204081632653,0.04895104895104895,0.0023664705882352945,0.000923469387755102,0.005908391608391608,0.0,0.0,0.0,0.015280588235294117,0.004178571428571428,0.043042657342657345,0.0014998500149985001,0.0023664705882354615,0.0034314278146058115,0.0,0.011764705882352941,4.4531282780457735,7.457121551080755,0.01764705882352941,0.00510204081632653,0.04895104895104895,0.270972902709729,,0,calibrated,True,True
cpp,start,0,depth,8,precision,6,1,337,110.0,0.002967359050445104,0.0,0.008547008547008548,0.0005074183976261128,0.0,0.0014615384615384616,0.0,0.0,0.0,0.002459940652818991,0.0,0.007085470085470086,0.1710828917108289,0.0005074183976261343,0.0011172931480622446,0.0,0.002967359050445104,2.2016967141392745,5.84795321637402,0.002967359050445104,0.0,0.008547008547008548,0.49935006499350065,,0,calibrated,True,True
cpp,start,0,depth,8,recall,6,1,337,110.0,1.0,1.0,1.0,0.171,0.171,0.171,0.0,0.0,0.0,0.829,0.829,0.829,0.1710828917108289,0.171,0.3765277908969183,0.0,1.0,2.2016967141396333,5.847953216374268,1.0,1.0,1.0,0.49935006499350065,0.0,0,calibrated,True,True
cpp,start,0,depth,8,f1,6,1,337,110.0,0.005917159763313609,0.004975124378109453,0.017804154302670624,0.0010118343195266272,0.0008507462686567163,0.0030445103857566764,0.0,0.0,0.0,0.004905325443786982,0.0041243781094527365,0.014759643916913947,0.1710828917108289,0.0010118343195266474,0.0022279750940649226,0.0,0.005917159763313609,2.201696714139311,5.847953216374152,0.005917159763313609,0.004975124378109453,0.017804154302670624,0.49935006499350065,,0,calibrated,True,True
cpp,start,0,depth,9,precision,6,1,337,110.0,0.002967359050445104,0.0,0.008547008547008548,0.0005222551928783382,0.0,0.0015042735042735044,0.0,0.0,0.0,0.0024451038575667655,0.0,0.007042735042735043,0.1760823917608239,0.000522255192878361,0.0011300866764680179,0.0,0.002967359050445104,2.1636427616408067,5.681818181817936,0.002967359050445104,0.0,0.008547008547008548,0.49935006499350065,,0,calibrated,True,True
cpp,start,0,depth,9,recall,6,1,337,110.0,1.0,1.0,1.0,0.176,0.176,0.17600000000000002,0.0,0.0,0.0,0.8240000000000001,0.824,0.8240000000000001,0.1760823917608239,0.176,0.3808392099697583,0.0,1.0,2.1636427616406206,5.6818181818181825,1.0,1.0,1.0,0.49935006499350065,0.0,0,calibrated,True,True
cpp,start,0,depth,9,f1,6,1,337,110.0,0.005917159763313609,0.004975124378109453,0.017804154302670624,0.0010414201183431952,0.0008756218905472637,0.00313353115727003,0.0,0.0,0.0,0.004875739644970414,0.004099502487562189,0.014670623145400593,0.1760823917608239,0.0010414201183432167,0.0022534864495250486,0.0,0.005917159763313609,2.1636427616407534,5.681818181818065,0.005917159763313609,0.004975124378109453,0.017804154302670624,0.49935006499350065,,0,calibrated,True,True
cpp,start,0,node_type,binary_expression,precision,6,11,337,110.0,0.02373887240356083,0.0,0.07168458781362007,0.004131157270029674,0.0,0.012356272401433692,0.0,0.0,0.0,0.019607715133531156,0.0,0.059328315412186375,9.999000099990002e-05,0.004131157270029321,0.0033850131829675826,0.0,0.011869436201780416,5.792507761030864,5.746300818848358,0.02373887240356083,0.0,0.07168458781362007,0.35106489351064896,,0,calibrated,True,True
cpp,start,0,node_type,binary_expression,recall,6,11,337,110.0,0.7272727272727273,0.6666666666666666,1.0,0.12656363636363638,0.11417777777777778,0.1823,0.0,0.0,0.0,0.6007090909090909,0.5524888888888888,0.8177,9.999000099990002e-05,0.12656363636362958,0.10370449478726851,0.0,0.36363636363636365,5.792507761031444,5.746300818848175,0.7272727272727273,0.6666666666666666,1.0,0.25617438256174385,0.0,0,calibrated,True,True
cpp,start,0,node_type,binary_expression,f1,6,11,337,110.0,0.04597701149425287,0.010178117048346057,0.12987012987012986,0.008001149425287356,0.0018554707379134863,0.022385714285714287,0.0,0.0,0.0,0.03797586206896551,0.00832264631043257,0.10748441558441557,9.999000099990002e-05,0.008001149425287298,0.006556031279655543,0.0,0.022988505747126436,5.792507761030824,5.746300818847909,0.04597701149425287,0.010178117048346057,0.12987012987012986,0.31896810318968105,,0,calibrated,True,True
cpp,start,0,node_type,call_expression,precision,6,4,337,110.0,0.011869436201780416,0.006230529595015576,0.016666666666666666,0.0018967359050445103,0.0009741258741258742,0.002625,0.0,0.0,0.0,0.009972700296735906,0.005197819314641744,0.01408245033112583,0.0006999300069993001,0.0018967359050443963,0.002177073475058402,0.0,0.005934718100890208,4.580782601500618,6.257822277847686,0.011869436201780416,0.006230529595015576,0.016666666666666666,0.06519348065193481,,0,calibrated,True,True
cpp,start,0,node_type,call_expression,recall,6,4,337,110.0,1.0,1.0,1.0,0.1598,0.13676666666666668,0.1817333333333333,0.0,0.0,0.0,0.8402000000000001,0.8182666666666667,0.8632333333333333,0.0006999300069993001,0.1598,0.18341844027367238,0.0,0.5,4.580782601500516,6.25782227784731,1.0,1.0,1.0,0.06519348065193481,0.0,0,calibrated,True,True
cpp,start,0,node_type,call_expression,f1,6,4,337,110.0,0.02346041055718475,0.012422360248447204,0.03278688524590164,0.003748973607038123,0.0019347222222222224,0.0051648648648648645,0.0,0.0,0.0,0.019711436950146627,0.010430379746835442,0.027706188925081435,0.0006999300069993001,0.0037489736070385666,0.004303071912578435,0.0,0.011730205278592375,4.580782601500827,6.257822277846569,0.02346041055718475,0.012422360248447204,0.03278688524590164,0.06519348065193481,,0,calibrated,True,True
cpp,start,0,node_type,declaration,precision,6,5,337,110.0,0.01483679525222552,0.0,0.03474903474903475,0.002315727002967359,0.0,0.005752722589002162,0.0,0.0,0.0,0.01252106824925816,0.0,0.029562737642585553,0.00039996000399960006,0.0023157270029671947,0.0023986857254706816,0.0,0.008902077151335312,5.219970301362168,6.406970784213679,0.01483679525222552,0.0,0.03474903474903475,0.25617438256174385,,0,calibrated,True,True
cpp,start,0,node_type,declaration,recall,6,5,337,110.0,1.0,1.0,1.0,0.15608,0.11115,0.18603333333333336,0.0,0.0,0.0,0.84392,0.8139666666666666,0.88885,0.00039996000399960006,0.15608000000001315,0.16167141789671108,0.0,0.6,5.219970301362434,6.406970784212684,1.0,1.0,1.0,0.25617438256174385,0.0,0,calibrated,True,True
cpp,start,0,node_type,declaration,f1,6,5,337,110.0,0.029239766081871343,0.011049723756906077,0.06756756756756757,0.004563742690058479,0.0012281767955801103,0.011307031249999999,0.0,0.0,0.0,0.024676023391812865,0.009821546961325967,0.05802238805970149,0.00039996000399960006,0.004563742690058596,0.004727234441424298,0.0,0.017543859649122806,5.219970301362493,6.40697078421306,0.029239766081871343,0.011049723756906077,0.06756756756756757,0.25617438256174385,,0,calibrated,True,True
cpp,start,0,node_type,expression_statement,precision,6,19,337,110.0,0.04747774480712166,0.013020833333333334,0.0975609756097561,0.008055192878338278,0.0020925842696629215,0.016309999999999998,0.0,0.0,0.0,0.039422551928783384,0.011007291666666667,0.08004512195121952,9.999000099990002e-05,0.008055192878337303,0.004468387157393043,0.0,0.017804154302670624,8.822546153718775,5.894054372652302,0.04747774480712166,0.013020833333333334,0.0975609756097561,0.12538746125387462,,0,calibrated,True,True
cpp,start,0,node_type,expression_statement,recall,6,19,337,110.0,0.8421052631578947,0.7,1.0,0.14287368421052632,0.11519523809523809,0.1866888888888889,0.0,0.0,0.0,0.6992315789473684,0.580255,0.8535125,9.999000099990002e-05,0.14287368421051508,0.07925507747586555,0.0,0.3157894736842105,8.822546153718756,5.894054372652051,0.8421052631578947,0.7,1.0,0.06159384061593841,0.0,0,calibrated,True,True
cpp,start,0,node_type,expression_statement,f1,6,19,337,110.0,0.0898876404494382,0.026385224274406333,0.1724301075268808,0.015250561797752808,0.00413160621761658,0.02903857566765579,0.0,0.0,0.0,0.0746370786516854,0.02230501319261214,0.14262581702802665,9.999000099990002e-05,0.015250561797752053,0.008459811640682024,0.0,0.033707865168539325,8.822546153718967,5.89405437265188,0.0898876404494382,0.026385224274406333,0.1724301075268808,0.12538746125387462,,0,calibrated,True,True
cpp,start,0,node_type,function_definition,precision,6,10,337,110.0,0.026706231454005934,0.016304347826086956,0.04316546762589928,0.004721364985163205,0.0029246411483253593,0.0070963709677419355,0.07272727272727272,0.023255813953488372,0.14285714285714285,0.021984866468842727,0.013008757062146893,0.036634939759036145,9.999000099990002e-05,0.004721364985162747,0.0034270545641997777,0.0,0.011869436201780416,6.4150908767268735,5.656464081453631,-0.04602104127326679,-0.109217999126256,-0.005372277496557477,1.0,,0,calibrated,True,True
cpp,start,0,node_type,function_definition,recall,6,10,337,110.0,0.9,0.7,1.0,0.15911,0.13363298039215693,0.18453333333333333,0.8,0.42857142857142855,1.0,0.74089,0.51767,0.8663584166666665,9.999000099990002e-05,0.15910999999999798,0.11549173881353869,0.0,0.4,6.415090876726415,5.656464081453155,0.09999999999999998,-0.20000000000000007,0.5714285714285714,0.5001499850014999,0.0,0,calibrated,True,True
cpp,start,0,node_type,function_definition,f1,6,10,337,110.0,0.05187319884726225,0.031914893617021274,0.08275862068965517,0.009170605187319885,0.005746919431279622,0.013574581939799329,0.13333333333333333,0.043478260869565216,0.24742268041237114,0.04270259365994236,0.025442541436464086,0.07030520231213873,9.999000099990002e-05,0.009170605187320834,0.006656584369656193,0.0,0.023054755043227664,6.415090876726463,5.656464081452497,-0.08146013448607109,-0.18271679805942997,-0.009302325581395349,1.0,,0,calibrated,True,True
cpp,start,0,node_type,return_statement,precision,6,5,337,110.0,0.01483679525222552,0.006060606060606061,0.024,0.0024258160237388723,0.000985151515151515,0.0040239285714285715,0.0,0.0,0.0,0.012410979228486647,0.005075454545454545,0.019950666666666665,0.00029997000299970003,0.0024258160237386876,0.0024481374259217796,0.0,0.008902077151335312,5.069559860927258,6.116207951070803,0.01483679525222552,0.006060606060606061,0.024,0.0791920807919208,,0,calibrated,True,True
cpp,start,0,node_type,return_statement,recall,6,5,337,110.0,1.0,1.0,1.0,0.1635,0.14596666666666666,0.1744,0.0,0.0,0.0,0.8365,0.8256,0.8540333333333333,0.00029997000299970003,0.16350000000001444,0.16500446250712342,0.0,0.6,5.069559860927234,6.116207951069796,1.0,1.0,1.0,0.0634936506349365,0.0,0,calibrated,True,True
cpp,start,0,node_type,return_statement,f1,6,5,337,110.0,0.029239766081871343,0.012195121951219513,0.046875,0.004780701754385965,0.0019602649006622516,0.007851567944250872,0.0,0.0,0.0,0.024459064327485378,0.010171779141104294,0.038966145833333334,0.00029997000299970003,0.004780701754386088,0.004824691886173009,0.0,0.017543859649122806,5.069559860927495,6.116207951070178,0.029239766081871343,0.012195121951219513,0.046875,0.0791920807919208,,0,calibrated,True,True
cpp,start,0,node_type,while_statement,precision,6,1,337,110.0,0.002967359050445104,0.0,0.008695652173913044,0.0005100890207715133,0.0,0.0014947826086956523,0.0,0.0,0.0,0.0024572700296735905,0.0,0.0072008695652173915,0.17198280171982802,0.0005100890207715351,0.001119621283465639,0.0,0.002967359050445104,2.194733224494818,5.817335660267349,0.002967359050445104,0.0,0.008695652173913044,0.5057494250574942,,0,calibrated,True,True
cpp,start,0,node_type,while_statement,recall,6,1,337,110.0,1.0,1.0,1.0,0.1719,0.1719,0.17190000000000003,0.0,0.0,0.0,0.8281000000000001,0.8281,0.8281000000000001,0.17198280171982802,0.1719,0.37731237252791716,0.0,1.0,2.1947332244948563,5.817335660267598,1.0,1.0,1.0,0.5057494250574942,0.0,0,calibrated,True,True
cpp,start,0,node_type,while_statement,f1,6,1,337,110.0,0.005917159763313609,0.004975124378109453,0.018292682926829267,0.0010171597633136095,0.000855223880597015,0.003144512195121951,0.0,0.0,0.0,0.0049,0.004119900497512438,0.015148170731707315,0.17198280171982802,0.0010171597633136299,0.0022326175889224834,0.0,0.005917159763313609,2.1947332244949482,5.817335660267481,0.005917159763313609,0.004975124378109453,0.018292682926829267,0.5057494250574942,,0,calibrated,True,True
cpp,start,0,category,deterministic_opener,precision,6,11,337,110.0,0.02967359050445104,0.016483516483516484,0.047058823529411764,0.005231454005934719,0.0030536458333333336,0.007823666666666668,0.07272727272727272,0.023255813953488372,0.14285714285714285,0.02444213649851632,0.013008757062146893,0.04005647058823529,9.999000099990002e-05,0.005231454005934185,0.003589618226619645,0.0,0.011869436201780416,6.809118673752137,5.672149744753839,-0.04305368222282169,-0.10666666666666666,-0.0037001833118337976,1.0,,0,calibrated,True,True
cpp,start,0,category,deterministic_opener,recall,6,11,337,110.0,0.9090909090909091,0.7272727272727273,1.0,0.1602727272727273,0.13365,0.182875,0.7272727272727273,0.375,0.9285714285714286,0.7488181818181818,0.5458909090909091,0.86635,9.999000099990002e-05,0.1602727272727177,0.10997284930643657,0.0,0.36363636363636365,6.8091186737521765,5.672149744753599,0.18181818181818177,-0.15384615384615385,0.625,0.31516848315168483,0.0,0,calibrated,True,True
cpp,start,0,category,deterministic_opener,f1,6,11,337,110.0,0.05747126436781609,0.03234501347708895,0.0898876404494382,0.010132183908045976,0.005993298969072165,0.014902222222222223,0.1322314049586777,0.043478260869565216,0.2465753424657534,0.047339080459770116,0.025442541436464086,0.07651235955056179,9.999000099990002e-05,0.010132183908046178,0.006952306565349184,0.0,0.022988505747126436,6.80911867375231,5.672149744753149,-0.0747601405908616,-0.18111119419726313,-0.005701276090990838,1.0,,0,calibrated,True,True
cpp,start,0,category,open_ended,precision,6,44,337,110.0,0.11275964391691394,0.0374331550802139,0.22939068100358423,0.018824629080118695,0.005925128205128205,0.037535483870967744,0.0,0.0,0.0,0.09393501483679524,0.031425401069518716,0.19185519713261648,9.999000099990002e-05,0.018824629080116142,0.006851686630856425,0.005934718100890208,0.032640949554896145,13.709765185956323,5.9900061476387005,0.11275964391691394,0.0374331550802139,0.22939068100358423,0.1297870212978702,,0,calibrated,True,True
cpp,start,0,category,open_ended,recall,6,44,337,110.0,0.8636363636363636,0.7464788732394366,1.0,0.14417954545454548,0.11925362318840581,0.18161764705882352,0.0,0.0,0.0,0.7194568181818182,0.6283887323943662,0.849825,9.999000099990002e-05,0.14417954545454784,0.052477690786332465,0.045454545454545456,0.25,13.70976518595583,5.990006147637789,0.8636363636363636,0.7464788732394366,1.0,0.0160983901609839,0.0,0,calibrated,True,True
cpp,start,0,category,open_ended,f1,6,44,337,110.0,0.1994750656167979,0.07216494845360824,0.3545706371191136,0.033301312335958004,0.011383251231527093,0.058800000000000005,0.0,0.0,0.0,0.1661737532808399,0.06058298969072164,0.29655180055401664,9.999000099990002e-05,0.03330131233595383,0.012120831467709267,0.010498687664041995,0.05774278215223097,13.709765185956297,5.99000614763864,0.1994750656167979,0.07216494845360824,0.3545706371191136,0.09929007099290071,,0,calibrated,True,True
cpp,end,0,all,all,precision,6,75,337,110.0,0.0,0.0,0.0,0.03569940652818991,0.018172081218274114,0.059366206896551726,0.0,0.0,0.0,-0.03569940652818991,-0.059366206896551726,-0.018172081218274114,1.0,0.03569940652818991,0.009533857160799023,0.017804154302670624,0.05637982195845697,-3.744487244362908,0.0,0.0,0.0,0.0,1.0,,0,calibrated,True,True
cpp,end,0,all,all,recall,6,75,337,110.0,0.0,0.0,0.0,0.16040933333333332,0.12375822784810125,0.23183103448275863,0.0,0.0,0.0,-0.16040933333333332,-0.23183103448275863,-0.12375822784810125,1.0,0.16040933333333335,0.042838798175856944,0.08,0.25333333333333335,-3.744487244362908,0.0,0.0,0.0,0.0,1.0,0.0,0,calibrated,True,True
cpp,end,0,all,all,f1,6,75,337,110.0,0.0,0.0,0.0,0.058401456310679604,0.03349125180155212,0.08417175925925927,0.0,0.0,0.0,-0.058401456310679604,-0.08417175925925927,-0.03349125180155213,1.0,0.0584014563106796,0.01559664982130714,0.02912621359223301,0.09223300970873786,-3.744487244362907,0.0,0.0,0.0,0.0,1.0,,0,calibrated,True,True
cpp,end,0,depth,1,precision,6,8,337,110.0,0.0,0.0,0.0,0.004548071216617211,0.0012317258883248732,0.009031448763250884,0.0,0.0,0.0,-0.004548071216617211,-0.009031448763250884,-0.0012317258883248732,1.0,0.004548071216616746,0.003132556152567223,0.0,0.011869436201780416,-1.4518722075865955,0.0,0.0,0.0,0.0,1.0,,0,calibrated,True,True
cpp,end,0,depth,1,recall,6,8,337,110.0,0.0,0.0,0.0,0.19158750000000002,0.08965000000000001,0.2642166666666667,0.0,0.0,0.0,-0.19158750000000002,-0.2642166666666667,-0.08965000000000001,1.0,0.1915875,0.1319589279268945,0.0,0.5,-1.4518722075867412,0.0,0.0,0.0,0.0,1.0,0.0,0,calibrated,True,True
cpp,end,0,depth,1,f1,6,8,337,110.0,0.0,0.0,0.0,0.008885217391304349,0.0024634517766497464,0.017269594594594595,0.0,0.0,0.0,-0.008885217391304349,-0.017269594594594595,-0.0024634517766497464,1.0,0.008885217391303912,0.006119834338638847,0.0,0.02318840579710145,-1.451872207586608,0.0,0.0,0.0,0.0,1.0,,0,calibrated,True,True
cpp,end,0,depth,2,precision,6,1,337,110.0,0.0,0.0,0.0,0.0015602373887240357,0.0,0.0041840848806366055,0.0,0.0,0.0,-0.0015602373887240357,-0.0041840848806366055,0.0,1.0,0.0015602373887239054,0.0014817771065311657,0.0,0.002967359050445104,-1.0529501244464594,0.0,0.0,0.0,0.0,1.0,,0,calibrated,True,True
cpp,end,0,depth,2,recall,6,1,337,110.0,0.0,0.0,0.0,0.5258,0.5258,0.5258,0.0,0.0,0.0,-0.5258,-0.5258,-0.5258,1.0,0.5258,0.499358884901019,0.0,1.0,-1.0529501244465134,0.0,0.0,0.0,0.0,1.0,0.0,0,calibrated,True,True
cpp,end,0,depth,2,f1,6,1,337,110.0,0.0,0.0,0.0,0.0031112426035502963,0.002703341902313625,0.008596185286103543,0.0,0.0,0.0,-0.0031112426035502963,-0.008596185286103543,-0.002703341902313625,1.0,0.0031112426035504056,0.0029547863011894345,0.0,0.005917159763313609,-1.05295012444656,0.0,0.0,0.0,0.0,1.0,,0,calibrated,True,True
cpp,end,0,depth,3,precision,6,25,337,110.0,0.0,0.0,0.0,0.010540059347181007,0.0022157894736842105,0.021705172413793102,0.0,0.0,0.0,-0.010540059347181007,-0.021705172413793102,-0.0022157894736842105,1.0,0.010540059347179675,0.005057572979766919,0.002967359050445104,0.020771513353115726,-2.084015275576986,0.0,0.0,0.0,0.0,1.0,,0,calibrated,True,True
cpp,end,0,depth,3,recall,6,25,337,110.0,0.0,0.0,0.0,0.14207999999999998,0.11134074074074073,0.18557500000000002,0.0,0.0,0.0,-0.14207999999999998,-0.18557500000000002,-0.11134074074074073,1.0,0.1420799999999972,0.06817608376725494,0.04,0.28,-2.0840152755773045,0.0,0.0,0.0,0.0,1.0,0.0,0,calibrated,True,True
cpp,end,0,depth,3,f1,6,25,337,110.0,0.0,0.0,0.0,0.019624309392265192,0.004362694300518134,0.03757910447761194,0.0,0.0,0.0,-0.019624309392265192,-0.03757910447761194,-0.004362694300518134,1.0,0.019624309392266254,0.009416586155698209,0.0055248618784530384,0.03867403314917127,-2.0840152755774555,0.0,0.0,0.0,0.0,1.0,,0,calibrated,True,True
cpp,end,0,depth,4,precision,6,18,337,110.0,0.0,0.0,0.0,0.007779821958456973,0.003451699029126214,0.014608304498269897,0.0,0.0,0.0,-0.007779821958456973,-0.014608304498269897,-0.003451699029126214,1.0,0.0077798219584560594,0.004304179779859026,0.0,0.017804154302670624,-1.8075039511269833,0.0,0.0,0.0,0.0,1.0,,0,calibrated,True,True
cpp,end,0,depth,4,recall,6,18,337,110.0,0.0,0.0,0.0,0.14565555555555554,0.11780909090909092,0.225125,0.0,0.0,0.0,-0.14565555555555554,-0.225125,-0.11780909090909092,1.0,0.14565555555555437,0.08058381032291277,0.0,0.3333333333333333,-1.8075039511272581,0.0,0.0,0.0,0.0,1.0,0.0,0,calibrated,True,True
cpp,end,0,depth,4,f1,6,18,337,110.0,0.0,0.0,0.0,0.014770704225352111,0.006788066825775657,0.026141176470588234,0.0,0.0,0.0,-0.014770704225352111,-0.026141176470588234,-0.006788066825775657,1.0,0.014770704225353848,0.008171879356690285,0.0,0.03380281690140845,-1.807503951127366,0.0,0.0,0.0,0.0,1.0,,0,calibrated,True,True
cpp,end,0,depth,5,precision,6,10,337,110.0,0.0,0.0,0.0,0.005109792284866469,0.0009096045197740113,0.010059259259259259,0.0,0.0,0.0,-0.005109792284866469,-0.010059259259259259,-0.0009096045197740113,1.0,0.005109792284865954,0.0034783389944958334,0.0,0.011869436201780416,-1.4690322860859026,0.0,0.0,0.0,0.0,1.0,,0,calibrated,True,True
cpp,end,0,depth,5,recall,6,10,337,110.0,0.0,0.0,0.0,0.1722,0.1239,0.322,0.0,0.0,0.0,-0.1722,-0.322,-0.1239,1.0,0.17219999999999633,0.1172200241145059,0.0,0.4,-1.4690322860860656,0.0,0.0,0.0,0.0,1.0,0.0,0,calibrated,True,True
cpp,end,0,depth,5,f1,6,10,337,110.0,0.0,0.0,0.0,0.00992507204610951,0.0019694189602446482,0.019033962264150946,0.0,0.0,0.0,-0.00992507204610951,-0.019033962264150946,-0.0019694189602446482,1.0,0.009925072046110567,0.006756197355302815,0.0,0.023054755043227664,-1.469032286086279,0.0,0.0,0.0,0.0,1.0,,0,calibrated,True,True
cpp,end,0,depth,6,precision,6,6,337,110.0,0.0,0.0,0.0,0.0032103857566765583,0.0007624293785310734,0.006112708921845571,0.0,0.0,0.0,-0.0032103857566765583,-0.006112708921845572,-0.0007624293785310734,1.0,0.003210385756676299,0.002748418792853604,0.0,0.008902077151335312,-1.1680846328892434,0.0,0.0,0.0,0.0,1.0,,0,calibrated,True,True
cpp,end,0,depth,6,recall,6,6,337,110.0,0.0,0.0,0.0,0.18031666666666668,0.14696666666666666,0.2699,0.0,0.0,0.0,-0.18031666666666668,-0.2699,-0.14696666666666666,1.0,0.18031666666667223,0.15436952219861436,0.0,0.5,-1.1680846328893462,0.0,0.0,0.0,0.0,1.0,0.0,0,calibrated,True,True
cpp,end,0,depth,6,f1,6,6,337,110.0,0.0,0.0,0.0,0.006308454810495628,0.001735691318327974,0.011824043715846996,0.0,0.0,0.0,-0.006308454810495628,-0.011824043715846996,-0.001735691318327974,1.0,0.006308454810494985,0.005400682992371242,0.0,0.01749271137026239,-1.1680846328892143,0.0,0.0,0.0,0.0,1.0,,0,calibrated,True,True
cpp,end,0,depth,7,precision,6,3,337,110.0,0.0,0.0,0.0,0.0012166172106824926,0.0,0.00307168458781362,0.0,0.0,0.0,-0.0012166172106824926,-0.00307168458781362,0.0,1.0,0.0012166172106824662,0.001755350252931933,0.0,0.005934718100890208,-0.6930908567394857,0.0,0.0,0.0,0.0,1.0,,0,calibrated,True,True
cpp,end,0,depth,7,recall,6,3,337,110.0,0.0,0.0,0.0,0.1366666666666667,0.11175,0.1865,0.0,0.0,0.0,-0.1366666666666667,-0.1865,-0.11175,1.0,0.1366666666666647,0.1971843450793545,0.0,0.6666666666666666,-0.6930908567394881,0.0,0.0,0.0,0.0,1.0,0.0,0,calibrated,True,True
cpp,end,0,depth,7,f1,6,3,337,110.0,0.0,0.0,0.0,0.0024117647058823533,0.0009515306122448981,0.005993006993006993,0.0,0.0,0.0,-0.0024117647058823533,-0.005993006993006993,-0.0009515306122448981,1.0,0.00241176470588253,0.0034797237366944217,0.0,0.011764705882352941,-0.6930908567395629,0.0,0.0,0.0,0.0,1.0,,0,calibrated,True,True
cpp,end,0,depth,8,precision,6,3,337,110.0,0.0,0.0,0.0,0.001256379821958457,0.0,0.0030959591455570895,0.0,0.0,0.0,-0.001256379821958457,-0.0030959591455570917,0.0,1.0,0.001256379821958423,0.0017729023895221652,0.0,0.005934718100890208,-0.7086570751912878,0.0,0.0,0.0,0.0,1.0,,0,calibrated,True,True
cpp,end,0,depth,8,recall,6,3,337,110.0,0.0,0.0,0.0,0.14113333333333333,0.12795,0.1675,0.0,0.0,0.0,-0.14113333333333333,-0.1675,-0.12795,1.0,0.1411333333333306,0.199156035089651,0.0,0.6666666666666666,-0.7086570751913132,0.0,0.0,0.0,0.0,1.0,0.0,0,calibrated,True,True
cpp,end,0,depth,8,f1,6,3,337,110.0,0.0,0.0,0.0,0.0024905882352941177,0.0008678756476683939,0.0061124183006535954,0.0,0.0,0.0,-0.0024905882352941177,-0.0061124183006535954,-0.0008678756476683939,1.0,0.002490588235294315,0.0035145182662881195,0.0,0.011764705882352941,-0.7086570751913506,0.0,0.0,0.0,0.0,1.0,,0,calibrated,True,True
cpp,end,0,depth,9,precision,6,1,337,110.0,0.0,0.0,0.0,0.0004780415430267062,0.0,0.0013769230769230768,0.0,0.0,0.0,-0.0004780415430267062,-0.0013769230769230768,0.0,1.0,0.0004780415430267257,0.0010909244675728629,0.0,0.002967359050445104,-0.4381985712450778,0.0,0.0,0.0,0.0,1.0,,0,calibrated,True,True
cpp,end,0,depth,9,recall,6,1,337,110.0,0.0,0.0,0.0,0.1611,0.1611,0.1611,0.0,0.0,0.0,-0.1611,-0.1611,-0.1611,1.0,0.1611,0.36764154557202483,0.0,1.0,-0.43819857124509565,0.0,0.0,0.0,0.0,1.0,0.0,0,calibrated,True,True
cpp,end,0,depth,9,f1,6,1,337,110.0,0.0,0.0,0.0,0.0009532544378698224,0.0008014925373134327,0.002868249258160237,0.0,0.0,0.0,-0.0009532544378698224,-0.002868249258160237,-0.0008014925373134327,1.0,0.0009532544378698402,0.002175393760781423,0.0,0.005917159763313609,-0.4381985712450613,0.0,0.0,0.0,0.0,1.0,,0,calibrated,True,True
cpp,end,0,node_type,assignment_expression,precision,6,8,337,110.0,0.0,0.0,0.0,0.003583679525222552,0.0011081460674157303,0.006900000000000001,0.0,0.0,0.0,-0.003583679525222552,-0.006900000000000001,-0.0011081460674157303,1.0,0.003583679525222253,0.002976634370349366,0.0,0.008902077151335312,-1.203936755188928,0.0,0.0,0.0,0.0,1.0,,0,calibrated,True,True
cpp,end,0,node_type,assignment_expression,recall,6,8,337,110.0,0.0,0.0,0.0,0.1509625,0.11235714285714285,0.18771666666666667,0.0,0.0,0.0,-0.1509625,-0.18771666666666667,-0.11235714285714285,1.0,0.1509625,0.12539072285096967,0.0,0.375,-1.203936755189003,0.0,0.0,0.0,0.0,1.0,0.0,0,calibrated,True,True
cpp,end,0,node_type,assignment_expression,f1,6,8,337,110.0,0.0,0.0,0.0,0.007001159420289856,0.0022607449856733523,0.013205538461538463,0.0,0.0,0.0,-0.007001159420289856,-0.013205538461538463,-0.0022607449856733523,1.0,0.007001159420289517,0.005815221929320126,0.0,0.017391304347826087,-1.2039367551889877,0.0,0.0,0.0,0.0,1.0,,0,calibrated,True,True
cpp,end,0,node_type,binary_expression,precision,6,18,337,110.0,0.0,0.0,0.0,0.007316913946587536,0.0,0.018733333333333334,0.0,0.0,0.0,-0.007316913946587536,-0.018733333333333334,0.0,1.0,0.0073169139465866775,0.004222034541559818,0.0,0.01483679525222552,-1.7330303375214609,0.0,0.0,0.0,0.0,1.0,,0,calibrated,True,True
cpp,end,0,node_type,binary_expression,recall,6,18,337,110.0,0.0,0.0,0.0,0.13698888888888888,0.11503333333333333,0.18089999999999998,0.0,0.0,0.0,-0.13698888888888888,-0.18089999999999998,-0.11503333333333333,1.0,0.1369888888888865,0.07904586891698438,0.0,0.2777777777777778,-1.7330303375215608,0.0,0.0,0.0,0.0,1.0,0.0,0,calibrated,True,True
cpp,end,0,node_type,binary_expression,f1,6,18,337,110.0,0.0,0.0,0.0,0.01389183098591549,0.00546801007556675,0.032564485981308414,0.0,0.0,0.0,-0.01389183098591549,-0.032564485981308414,-0.00546801007556675,1.0,0.013891830985917099,0.008015919101440427,0.0,0.028169014084507043,-1.7330303375218439,0.0,0.0,0.0,0.0,1.0,,0,calibrated,True,True
cpp,end,0,node_type,call_expression,precision,6,9,337,110.0,0.0,0.0,0.0,0.004230563798219585,0.0004867069486404834,0.010430463576158941,0.0,0.0,0.0,-0.004230563798219585,-0.010430463576158941,-0.0004867069486404834,1.0,0.004230563798219191,0.003220913904253757,0.0,0.011869436201780416,-1.3134668991406513,0.0,0.0,0.0,0.0,1.0,,0,calibrated,True,True
cpp,end,0,node_type,call_expression,recall,6,9,337,110.0,0.0,0.0,0.0,0.1584111111111111,0.13465714285714286,0.322,0.0,0.0,0.0,-0.1584111111111111,-0.322,-0.13465714285714286,1.0,0.15841111111109174,0.12060533174816958,0.0,0.4444444444444444,-1.3134668991406007,0.0,0.0,0.0,0.0,1.0,0.0,0,calibrated,True,True
cpp,end,0,node_type,call_expression,f1,6,9,337,110.0,0.0,0.0,0.0,0.008241040462427745,0.001134507042253521,0.019663815789473685,0.0,0.0,0.0,-0.008241040462427745,-0.019663815789473685,-0.001134507042253521,1.0,0.008241040462427542,0.006274265813488212,0.0,0.023121387283236993,-1.3134668991408083,0.0,0.0,0.0,0.0,1.0,,0,calibrated,True,True
cpp,end,0,node_type,declaration,precision,6,5,337,110.0,0.0,0.0,0.0,0.0022682492581602375,0.0,0.005629140011659526,0.0,0.0,0.0,-0.0022682492581602375,-0.005629140011659532,0.0,1.0,0.0022682492581600675,0.002380104942767362,0.0,0.008902077151335312,-0.9530038854180777,0.0,0.0,0.0,0.0,1.0,,0,calibrated,True,True
cpp,end,0,node_type,declaration,recall,6,5,337,110.0,0.0,0.0,0.0,0.15288,0.10795,0.18283333333333332,0.0,0.0,0.0,-0.15288,-0.18283333333333332,-0.10795,1.0,0.15288000000001337,0.16041907314250187,0.0,0.6,-0.9530038854183414,0.0,0.0,0.0,0.0,1.0,0.0,0,calibrated,True,True
cpp,end,0,node_type,declaration,f1,6,5,337,110.0,0.0,0.0,0.0,0.004470175438596491,0.001192817679558011,0.011079761904761905,0.0,0.0,0.0,-0.004470175438596491,-0.011079761904761905,-0.001192817679558011,1.0,0.004470175438596606,0.0046906161737576176,0.0,0.017543859649122806,-0.953003885418231,0.0,0.0,0.0,0.0,1.0,,0,calibrated,True,True
cpp,end,0,node_type,expression_statement,precision,6,19,337,110.0,0.0,0.0,0.0,0.00807032640949555,0.0021381176470588233,0.016073,0.0,0.0,0.0,-0.00807032640949555,-0.016073,-0.0021381176470588233,1.0,0.008070326409494573,0.004468766580770798,0.0,0.017804154302670624,-1.805940467828722,0.0,0.0,0.0,0.0,1.0,,0,calibrated,True,True
cpp,end,0,node_type,expression_statement,recall,6,19,337,110.0,0.0,0.0,0.0,0.1431421052631579,0.11542857142857142,0.1873,0.0,0.0,0.0,-0.1431421052631579,-0.1873,-0.11542857142857142,1.0,0.14314210526314664,0.07926180724841152,0.0,0.3157894736842105,-1.8059404678287265,0.0,0.0,0.0,0.0,1.0,0.0,0,calibrated,True,True
cpp,end,0,node_type,expression_statement,f1,6,19,337,110.0,0.0,0.0,0.0,0.015279213483146066,0.004252525252525252,0.028668111455108364,0.0,0.0,0.0,-0.015279213483146066,-0.028668111455108364,-0.004252525252525252,1.0,0.01527921348314531,0.008460529987190076,0.0,0.033707865168539325,-1.8059404678287614,0.0,0.0,0.0,0.0,1.0,,0,calibrated,True,True
cpp,end,0,node_type,function_definition,precision,6,10,337,110.0,0.0,0.0,0.0,0.006909198813056379,0.004332118154761914,0.009464864864864865,0.0,0.0,0.0,-0.006909198813056379,-0.009464864864864865,-0.004332118154761919,1.0,0.006909198813055572,0.0037295718375991702,0.0,0.01483679525222552,-1.8525447729418765,0.0,0.0,0.0,0.0,1.0,,0,calibrated,True,True
cpp,end,0,node_type,function_definition,recall,6,10,337,110.0,0.0,0.0,0.0,0.23284,0.15104,0.33668571428571425,0.0,0.0,0.0,-0.23284,-0.33668571428571425,-0.15104,1.0,0.23283999999999538,0.12568657092709282,0.0,0.5,-1.852544772942045,0.0,0.0,0.0,0.0,1.0,0.0,0,calibrated,True,True
cpp,end,0,node_type,function_definition,f1,6,10,337,110.0,0.0,0.0,0.0,0.013420172910662822,0.008407936507936507,0.01812764705882353,0.0,0.0,0.0,-0.013420172910662822,-0.01812764705882353,-0.008407936507936507,1.0,0.013420172910663997,0.007244182762368846,0.0,0.02881844380403458,-1.8525447729421454,0.0,0.0,0.0,0.0,1.0,,0,calibrated,True,True
cpp,end,0,node_type,return_statement,precision,6,5,337,110.0,0.0,0.0,0.0,0.002786350148367953,0.0009170731707317074,0.004261823361823363,0.0,0.0,0.0,-0.002786350148367953,-0.004261823361823363,-0.0009170731707317074,1.0,0.0027863501483677117,0.002521995509626396,0.0,0.008902077151335312,-1.104819631015313,0.0,0.0,0.0,0.0,1.0,,0,calibrated,True,True
cpp,end,0,node_type,return_statement,recall,6,5,337,110.0,0.0,0.0,0.0,0.18780000000000002,0.10596666666666667,0.2785666666666667,0.0,0.0,0.0,-0.18780000000000002,-0.2785666666666667,-0.10596666666666667,1.0,0.18780000000001826,0.16998249734882226,0.0,0.6,-1.1048196310154956,0.0,0.0,0.0,0.0,1.0,0.0,0,calibrated,True,True
cpp,end,0,node_type,return_statement,f1,6,5,337,110.0,0.0,0.0,0.0,0.005491228070175438,0.0018416326530612246,0.008333704735376046,0.0,0.0,0.0,-0.005491228070175438,-0.008333704735376046,-0.0018416326530612246,1.0,0.005491228070175582,0.004970248460491609,0.0,0.017543859649122806,-1.104819631015477,0.0,0.0,0.0,0.0,1.0,,0,calibrated,True,True
cpp,end,0,node_type,while_statement,precision,6,1,337,110.0,0.0,0.0,0.0,0.0005341246290801187,0.0,0.001565217391304348,0.0,0.0,0.0,-0.0005341246290801187,-0.001565217391304348,0.0,1.0,0.0005341246290801422,0.0011400791248057434,0.0,0.002967359050445104,-0.4684978590158389,0.0,0.0,0.0,0.0,1.0,,0,calibrated,True,True
cpp,end,0,node_type,while_statement,recall,6,1,337,110.0,0.0,0.0,0.0,0.18,0.18,0.18000000000000002,0.0,0.0,0.0,-0.18,-0.18000000000000002,-0.18,1.0,0.18,0.38420666505953777,0.0,1.0,-0.46849785901581553,0.0,0.0,0.0,0.0,1.0,0.0,0,calibrated,True,True
cpp,end,0,node_type,while_statement,f1,6,1,337,110.0,0.0,0.0,0.0,0.0010650887573964497,0.0008955223880597015,0.0032926829268292686,0.0,0.0,0.0,-0.0010650887573964497,-0.0032926829268292686,-0.0008955223880597015,1.0,0.0010650887573964722,0.0022734122192870064,0.0,0.005917159763313609,-0.46849785901586655,0.0,0.0,0.0,0.0,1.0,,0,calibrated,True,True
cpp,end,0,category,deterministic_opener,precision,6,11,337,110.0,0.0,0.0,0.0,0.0074433234421365,0.004487719298245614,0.00997461773700306,0.0,0.0,0.0,-0.0074433234421365,-0.00997461773700306,-0.004487719298245614,1.0,0.007443323442135605,0.0039032926430456476,0.0,0.01483679525222552,-1.9069345096112893,0.0,0.0,0.0,0.0,1.0,,0,calibrated,True,True
cpp,end,0,category,deterministic_opener,recall,6,11,337,110.0,0.0,0.0,0.0,0.22803636363636368,0.15324285714285715,0.32356250000000003,0.0,0.0,0.0,-0.22803636363636368,-0.32356250000000003,-0.15324285714285715,1.0,0.22803636363635554,0.11958269279149364,0.0,0.45454545454545453,-1.9069345096113826,0.0,0.0,0.0,0.0,1.0,0.0,0,calibrated,True,True
cpp,end,0,category,deterministic_opener,f1,6,11,337,110.0,0.0,0.0,0.0,0.01441609195402299,0.008742458100558658,0.019148618784530388,0.0,0.0,0.0,-0.01441609195402299,-0.019148618784530388,-0.008742458100558658,1.0,0.01441609195402342,0.007559825406359065,0.0,0.028735632183908046,-1.9069345096114387,0.0,0.0,0.0,0.0,1.0,,0,calibrated,True,True
cpp,end,0,category,open_ended,precision,6,64,337,110.0,0.0,0.0,0.0,0.028256083086053416,0.011568781725888324,0.051971031746031744,0.0,0.0,0.0,-0.028256083086053416,-0.051971031746031744,-0.011568781725888324,1.0,0.02825608308604963,0.008796896717597395,0.011869436201780416,0.04747774480712166,-3.21205124865521,0.0,0.0,0.0,0.0,1.0,,0,calibrated,True,True
cpp,end,0,category,open_ended,recall,6,64,337,110.0,0.0,0.0,0.0,0.14878593750000002,0.120605,0.20064444444444446,0.0,0.0,0.0,-0.14878593750000002,-0.20064444444444446,-0.120605,1.0,0.1487859375,0.046321159278598624,0.0625,0.25,-3.212051248655651,0.0,0.0,0.0,0.0,1.0,0.0,0,calibrated,True,True
cpp,end,0,category,open_ended,f1,6,64,337,110.0,0.0,0.0,0.0,0.047492768079800504,0.021861390887290166,0.07500759493670887,0.0,0.0,0.0,-0.047492768079800504,-0.07500759493670887,-0.021861390887290166,1.0,0.04749276807980267,0.014785806453018743,0.0199501246882793,0.0798004987531172,-3.212051248655856,0.0,0.0,0.0,0.0,1.0,,0,calibrated,True,True
prose,start,0,all,all,precision,6,217,629,,0.3179650238473768,0.25449101796407186,0.3675078864353312,0.09920095389507155,0.08772052469135802,0.11000125786163523,,,,0.21876406995230524,0.16626961077844313,0.2593308186195826,9.999000099990002e-05,0.09920095389507153,0.0098236130720163,0.0794912559618442,0.11764705882352941,22.269206690914984,3.205261757701443,,,,,,0,calibrated,True,True
prose,start,0,all,all,recall,6,217,629,,0.9216589861751152,0.8897850629613548,0.9611650485436893,0.2875456221198157,0.26689494163424127,0.3240443181818182,,,,0.6341133640552995,0.5968757425742575,0.6780810679611651,9.999000099990002e-05,0.28754562211981566,0.028474896876950474,0.2304147465437788,0.34101382488479265,22.26920669091498,3.2052617577014426,,,,,0.0,0,calibrated,True,True
prose,start,0,all,all,f1,6,217,629,,0.4728132387706856,0.4,0.5230414746543779,0.1475115839243499,0.1372982543640898,0.15659065817409767,,,,0.32530165484633566,0.2610296122209166,0.3722652073732719,9.999000099990002e-05,0.1475115839243499,0.014607689414416673,0.1182033096926714,0.17494089834515367,22.269206690914977,3.205261757701442,,,,,,0,calibrated,True,True
prose,start,0,depth,1,precision,6,11,629,,0.017488076311605722,0.01195814648729447,0.023769100169779286,0.005006995230524642,0.003536474164133739,0.006617815126050421,,,,0.01248108108108108,0.008253495440729484,0.017225342465753423,9.999000099990002e-05,0.005006995230524486,0.002379699867079717,0.001589825119236884,0.009538950715421303,5.244813118554138,3.4927287737347883,,,,,,0,calibrated,True,True
prose,start,0,depth,1,recall,6,11,629,,1.0,1.0,1.0,0.2863090909090909,0.2674,0.316525,,,,0.7136909090909092,0.683475,0.7325999999999999,9.999000099990002e-05,0.2863090909090939,0.13607556512664928,0.09090909090909091,0.5454545454545454,5.244813118554049,3.492728773734643,,,,,0.0,0,calibrated,True,True
prose,start,0,depth,1,f1,6,11,629,,0.034375,0.023633677991137372,0.04643449419568822,0.009841875,0.006987987987987989,0.01293136288998358,,,,0.024533125000000003,0.016308708708708708,0.03364414715719063,9.999000099990002e-05,0.009841875000000163,0.0046775975512287375,0.003125,0.01875,5.244813118553848,3.492728773734622,,,,,,0,calibrated,True,True
prose,start,0,depth,2,precision,6,24,629,,0.03815580286168521,0.029595015576323987,0.049069373942470386,0.011435930047694753,0.00839968895800933,0.014921383647798743,,,,0.026719872813990457,0.02066197836166924,0.034145049504950495,9.999000099990002e-05,0.011435930047694439,0.0035077035302877066,0.0047694753577106515,0.019077901430842606,7.617483228920197,3.336484457543327,,,,,,0,calibrated,True,True
prose,start,0,depth,2,recall,6,24,629,,1.0,1.0,1.0,0.2997166666666667,0.2676,0.33981428571428574,,,,0.7002833333333334,0.6601857142857143,0.7323999999999999,9.999000099990002e-05,0.2997166666666678,0.091931063356293,0.125,0.5,7.617483228919873,3.336484457543223,,,,,0.0,0,calibrated,True,True
prose,start,0,depth,2,f1,6,24,629,,0.07350689127105667,0.057488653555219364,0.0935483870967742,0.0220312404287902,0.01629260935143288,0.0284984984984985,,,,0.05147565084226647,0.04014504504504504,0.06508338762214984,9.999000099990002e-05,0.02203124042879136,0.006757566678563789,0.009188361408882083,0.036753445635528334,7.617483228919559,3.3364844575430594,,,,,,0,calibrated,True,True
prose,start,0,depth,3,precision,6,28,629,,0.04292527821939587,0.03215434083601286,0.056105610561056105,0.013804451510333863,0.009782894736842105,0.018395087163232963,,,,0.029120826709062006,0.02094725274725275,0.03876345177664975,9.999000099990002e-05,0.013804451510333443,0.0037910177899203226,0.006359300476947536,0.022257551669316374,7.681532591719773,3.1095243579408987,,,,,,0,calibrated,True,True
prose,start,0,depth,3,recall,6,28,629,,0.9642857142857143,0.8928571428571429,1.0,0.31010714285714286,0.2691518518518518,0.35833103448275866,,,,0.6541785714285715,0.5361888888888888,0.7308481481481481,9.999000099990002e-05,0.3101071428571387,0.08516250678070969,0.14285714285714285,0.5,7.6815325917197494,3.109524357940846,,,,,0.0,0,calibrated,True,True
prose,start,0,depth,3,f1,6,28,629,,0.0821917808219178,0.062302873504745594,0.10625,0.026432267884322676,0.018882539682539678,0.03480449775112444,,,,0.055759512937595124,0.040434545454545445,0.07342692307692307,9.999000099990002e-05,0.026432267884321955,0.007258904687548868,0.0121765601217656,0.0426179604261796,7.681532591720019,3.109524357940889,,,,,,0,calibrated,True,True
prose,start,0,depth,4,precision,6,39,629,,0.05564387917329094,0.048316251830161056,0.06451612903225806,0.018090302066772656,0.015511062590975256,0.021274545454545456,,,,0.037553577106518285,0.031323076923076926,0.04556,9.999000099990002e-05,0.018090302066772285,0.00447814651052783,0.009538950715421303,0.02702702702702703,8.385964375714963,3.0758955250114877,,,,,,0,calibrated,True,True
prose,start,0,depth,4,recall,6,39,629,,0.8974358974358975,0.813953488372093,0.9743589743589743,0.29176410256410257,0.26694615384615383,0.3269694444444444,,,,0.6056717948717949,0.5222599461145774,0.691321052631579,9.999000099990002e-05,0.2917641025640954,0.07222446551594755,0.15384615384615385,0.4358974358974359,8.38596437571513,3.0758955250115,,,,,0.0,0,calibrated,True,True
prose,start,0,depth,4,f1,6,39,629,,0.10479041916167664,0.09192200557103064,0.12044374009508717,0.034068263473053896,0.029560932944606415,0.03978701700154559,,,,0.07072215568862275,0.05961074964639322,0.08468049155145929,9.999000099990002e-05,0.034068263473054694,0.008433395674017588,0.017964071856287425,0.05089820359281437,8.385964375715174,3.075895525011352,,,,,,0,calibrated,True,True
prose,start,0,depth,5,precision,6,38,629,,0.057233704292527825,0.0464,0.06842923794712286,0.017514944356120825,0.016162767710049424,0.01892675635276532,,,,0.039718759936407,0.030023039999999997,0.049604665629860024,9.999000099990002e-05,0.017514944356120353,0.004407683134169638,0.009538950715421303,0.02702702702702703,9.01125573852987,3.2677068866923524,,,,,,0,calibrated,True,True
prose,start,0,depth,5,recall,6,38,629,,0.9473684210526315,0.875,1.0,0.28991842105263155,0.26665581395348836,0.33079601151315774,,,,0.65745,0.5711818181818182,0.7176761904761905,9.999000099990002e-05,0.28991842105263255,0.07295875503664921,0.15789473684210525,0.4473684210526316,9.011255738529853,3.2677068866922525,,,,,0.0,0,calibrated,True,True
prose,start,0,depth,5,f1,6,38,629,,0.10794602698650675,0.0882800608828006,0.12790697674418605,0.03303418290854573,0.03066446776611694,0.035459644322845416,,,,0.07491184407796103,0.05712146118721461,0.09272034883720931,9.999000099990002e-05,0.03303418290854589,0.008313141503426076,0.017991004497751123,0.050974512743628186,9.011255738530087,3.267706886692248,,,,,,0,calibrated,True,True
prose,start,0,depth,6,precision,6,27,629,,0.04292527821939587,0.0288,0.05687203791469194,0.012093640699523053,0.00889824,0.015352352048558423,,,,0.030831637519872813,0.019901429302752294,0.04162338072669826,9.999000099990002e-05,0.012093640699522767,0.0036726357486561185,0.0047694753577106515,0.019077901430842606,8.394961991848751,3.5494090891165437,,,,,,0,calibrated,True,True
prose,start,0,depth,6,recall,6,27,629,,1.0,1.0,1.0,0.28173703703703706,0.266735294117647,0.31507,,,,0.7182629629629629,0.68493,0.7332647058823529,9.999000099990002e-05,0.2817370370370268,0.08555881058906441,0.1111111111111111,0.4444444444444444,8.394961991848646,3.549409089116589,,,,,0.0,0,calibrated,True,True
prose,start,0,depth,6,f1,6,27,629,,0.08231707317073171,0.05598755832037325,0.10762331838565023,0.02319176829268293,0.01729828926905132,0.02903070301291248,,,,0.059125304878048776,0.03868838947957084,0.07876711509715995,9.999000099990002e-05,0.023191768292684004,0.007042950871660864,0.009146341463414634,0.036585365853658534,8.394961991848286,3.5494090891162955,,,,,,0,calibrated,True,True
prose,start,0,depth,7,precision,6,14,629,,0.017488076311605722,0.007704160246533128,0.02710843373493976,0.006016057233704293,0.00269072,0.009299368088467614,,,,0.011472019077901428,0.004689908256880734,0.01825209380234506,0.00019998000199980003,0.0060160572337040865,0.0026582744900052833,0.001589825119236884,0.011128775834658187,4.315588597428415,2.906899923363647,,,,,,0,calibrated,True,True
prose,start,0,depth,7,recall,6,14,629,,0.7857142857142857,0.6666666666666666,0.9090909090909091,0.27029285714285717,0.26411538461538464,0.281625,,,,0.5154214285714285,0.3932725000000003,0.6362636363636363,0.00019998000199980003,0.2702928571428563,0.1194324753009579,0.07142857142857142,0.5,4.315588597428119,2.906899923363557,,,,,0.0,0,calibrated,True,True
prose,start,0,depth,7,f1,6,14,629,,0.03421461897356143,0.015267175572519083,0.052478134110787174,0.0117701399688958,0.00533026941362916,0.017974045801526714,,,,0.02244447900466563,0.009280484114977307,0.03537824675324676,0.00019998000199980003,0.01177013996889561,0.0052007920815348345,0.003110419906687403,0.02177293934681182,4.315588597428049,2.906899923363594,,,,,,0,calibrated,True,True
prose,start,0,depth,8,precision,6,10,629,,0.014308426073131956,0.006211180124223602,0.022151898734177215,0.004228934817170111,0.0016581929555895866,0.0068203852327447835,,,,0.010079491255961845,0.004546345256609642,0.015535963581183612,9.999000099990002e-05,0.004228934817169993,0.002198901886745607,0.0,0.009538950715421303,4.583874940814068,3.383458646616636,,,,,,0,calibrated,True,True
prose,start,0,depth,8,recall,6,10,629,,0.9,0.7857142857142857,1.0,0.266,0.26371,0.26968333333333333,,,,0.634,0.5216642857142857,0.7342833333333334,9.999000099990002e-05,0.26599999999999924,0.13831092867629768,0.0,0.6,4.583874940814053,3.383458646616551,,,,,0.0,0,calibrated,True,True
prose,start,0,depth,8,f1,6,10,629,,0.028169014084507043,0.012345679012345678,0.04326123128119801,0.008325508607198748,0.0032961948249619487,0.013299217527386543,,,,0.019843505477308294,0.009036476043276662,0.030292156862745098,9.999000099990002e-05,0.008325508607199595,0.004328980553248973,0.0,0.018779342723004695,4.58387494081362,3.383458646616197,,,,,,0,calibrated,True,True
prose,start,0,depth,9,precision,6,5,629,,0.00794912559618442,0.0030627871362940277,0.01335559265442404,0.0021464228934817173,0.0008264615384615385,0.003585191347753744,,,,0.0058027027027027014,0.0022259878419452887,0.009781803005008348,0.0013998600139986002,0.002146422893481484,0.0015621004938623732,0.0,0.0047694753577106515,3.7146795135794735,3.703429375602209,,,,,,0,calibrated,True,True
prose,start,0,depth,9,recall,6,5,629,,1.0,1.0,1.0,0.27002000000000004,0.26674,0.27499999999999997,,,,0.72998,0.7250000000000001,0.73326,0.0013998600139986002,0.2700200000000028,0.1965122421278794,0.0,0.6,3.714679513579445,3.7034293756017687,,,,,0.0,0,calibrated,True,True
prose,start,0,depth,9,f1,6,5,629,,0.015772870662460567,0.0061068702290076335,0.026359143327841845,0.004258990536277602,0.0016680061823802163,0.007076190476190476,,,,0.011513880126182964,0.004438484848484849,0.019305766062602966,0.0013998600139986002,0.004258990536277921,0.0030995621786733684,0.0,0.00946372239747634,3.714679513579126,3.7034293756015297,,,,,,0,calibrated,True,True
prose,start,0,depth,10,precision,6,5,629,,0.00794912559618442,0.003105590062111801,0.012841091492776886,0.002106200317965024,0.0008226646248085758,0.003397752808988764,,,,0.005842925278219395,0.0022830745341614906,0.009443338683788122,0.0010998900109989002,0.0021062003179647903,0.0015648288056263565,0.0,0.0047694753577106515,3.7339070300925803,3.774154589372399,,,,,,0,calibrated,True,True
prose,start,0,depth,10,recall,6,5,629,,1.0,1.0,1.0,0.26496,0.26344,0.2675666666666667,,,,0.73504,0.7324333333333333,0.73656,0.0010998900109989002,0.264960000000001,0.19685546374779386,0.0,0.6,3.7339070300924604,3.774154589371967,,,,,0.0,0,calibrated,True,True
prose,start,0,depth,10,f1,6,5,629,,0.015772870662460567,0.006191950464396285,0.025356576862123614,0.004179179810725552,0.0016403053435114503,0.006709350237717908,,,,0.011593690851735016,0.0045520123839009295,0.018647226624405707,0.0010998900109989002,0.0041791798107258665,0.0031049757688928654,0.0,0.00946372239747634,3.733907030092102,3.7741545893716966,,,,,,0,calibrated,True,True
prose,start,0,depth,11,precision,6,5,629,,0.00794912559618442,0.0015923566878980893,0.014858841010401188,0.0021416534181240066,0.000432484076433121,0.0040089686098654705,,,,0.005807472178060413,0.0011598726114649682,0.01087369985141159,0.0015998400159984002,0.002141653418123774,0.0015845069413126108,0.0,0.0047694753577106515,3.665160452531509,3.711676935639924,,,,,,0,calibrated,True,True
prose,start,0,depth,11,recall,6,5,629,,1.0,1.0,1.0,0.26942000000000005,0.26775,0.2716,,,,0.73058,0.7283999999999999,0.7322500000000001,0.0015998400159984002,0.26942000000000177,0.19933097321712448,0.0,0.6,3.6651604525313894,3.7116769356394976,,,,,0.0,0,calibrated,True,True
prose,start,0,depth,11,f1,6,5,629,,0.015772870662460567,0.003278688524590164,0.029455081001472753,0.0042495268138801265,0.0008904918032786886,0.007907642276422764,,,,0.01152334384858044,0.0023881967213114754,0.02150049099836334,0.0015998400159984002,0.004249526813880459,0.0031440216595762832,0.0,0.00946372239747634,3.6651604525310737,3.711676935639231,,,,,,0,calibrated,True,True
prose,start,0,depth,12,precision,6,7,629,,0.0047694753577106515,0.001519756838905775,0.008417508417508417,0.0029559618441971384,0.00043694267515923565,0.006275308158480066,,,,0.001813513513513513,-0.00017745571658615107,0.004363468013468013,0.2735726427357264,0.002955961844196876,0.0018406560720035075,0.0,0.006359300476947536,0.9852538674103369,1.613510460926298,,,,,,0,calibrated,True,True
prose,start,0,depth,12,recall,6,7,629,,0.42857142857142855,0.25,1.0,0.2656142857142857,0.263775,0.2744,,,,0.16295714285714286,-0.013774999999999982,0.7256,0.2735726427357264,0.2656142857142846,0.16539609561288748,0.0,0.5714285714285714,0.9852538674101962,1.613510460926162,,,,,0.0,0,calibrated,True,True
prose,start,0,depth,12,f1,6,7,629,,0.009433962264150943,0.0030911901081916537,0.01658374792703151,0.005846855345911949,0.0008996721311475408,0.01227801652892562,,,,0.003587106918238994,-0.00035039745627980876,0.008636000000000003,0.2735726427357264,0.005846855345912565,0.0036407945575162646,0.0,0.012578616352201259,0.9852538674100546,1.6135104609259852,,,,,,0,calibrated,True,True
prose,start,0,depth,13,precision,6,3,629,,0.003179650238473768,0.0,0.00974025974025974,0.00127758346581876,0.0,0.0030364217252396163,,,,0.0019020667726550081,-0.0011452095808383233,0.007022903225806452,0.17578242175782421,0.0012775834658186702,0.001217110188777437,0.0,0.003179650238473768,1.5627728616467225,2.4888003982082387,,,,,,0,calibrated,True,True
prose,start,0,depth,13,recall,6,3,629,,0.6666666666666666,0.0,1.0,0.26786666666666664,0.255,0.2743,,,,0.3988,-0.255,0.7257,0.17578242175782421,0.26786666666667164,0.2551874362470122,0.0,0.6666666666666666,1.5627728616465706,2.4888003982080176,,,,,0.0,0,calibrated,True,True
prose,start,0,depth,13,f1,6,3,629,,0.006329113924050633,0.0,0.01932367149758454,0.002543037974683544,0.0007870370370370369,0.006063157894736842,,,,0.0037860759493670887,-0.0022969575362694577,0.014000643086816722,0.17578242175782421,0.002543037974683594,0.002422665533990449,0.0,0.006329113924050633,1.562772861646681,2.488800398208015,,,,,,0,calibrated,True,True
prose,start,0,depth,14,precision,6,1,629,,0.0,0.0,0.0,0.0003818759936406995,0.0,0.0011103235747303543,,,,-0.0003818759936406995,-0.0011103235747303543,0.0,1.0,0.000381875993640706,0.0006792149187812975,0.0,0.001589825119236884,-0.5622314573506408,0.0,,,,,,0,calibrated,True,True
prose,start,0,depth,14,recall,6,1,629,,0.0,0.0,0.0,0.2402,0.2402,0.2402,,,,-0.2402,-0.2402,-0.2402,1.0,0.2402,0.4272261839134536,0.0,1.0,-0.5622314573506082,0.0,,,,,0.0,0,calibrated,True,True
prose,start,0,depth,14,f1,6,1,629,,0.0,0.0,0.0,0.0007625396825396826,0.0007234939759036145,0.0022309597523219814,,,,-0.0007625396825396826,-0.0022309597523219814,-0.0007234939759036145,1.0,0.00076253968253968,0.0013562735997250653,0.0,0.0031746031746031746,-0.5622314573506827,0.0,,,,,,0,calibrated,True,True
prose,start,0,node_type,ADJP,precision,6,3,629,,0.003179650238473768,0.0,0.006837606837606838,0.0014178060413354533,0.0,0.00351900826446281,,,,0.0017618441971383148,0.0,0.004320067453625632,0.21277872212778723,0.001417806041335346,0.0012550106835931918,0.0,0.0047694753577106515,1.403847967328953,2.2426553038799635,,,,,,0,calibrated,True,True
prose,start,0,node_type,ADJP,recall,6,3,629,,0.6666666666666666,0.5,1.0,0.2972666666666667,0.2732,0.3093,,,,0.36939999999999995,0.19069999999999998,0.7268,0.21277872212778723,0.2972666666666729,0.2631339066600395,0.0,1.0,1.4038479673288422,2.2426553038797468,,,,,0.0,0,calibrated,True,True
prose,start,0,node_type,ADJP,f1,6,3,629,,0.006329113924050633,0.0029850746268656717,0.01353637901861252,0.002822151898734177,0.000824132730015083,0.006957516339869281,,,,0.0035069620253164557,0.001138507462686567,0.008567892976588628,0.21277872212778723,0.002822151898734245,0.0024981067087976668,0.0,0.00949367088607595,1.403847967328938,2.2426553038797397,,,,,,0,calibrated,True,True
prose,start,0,node_type,ADVP,precision,6,4,629,,0.0047694753577106515,0.0,0.010802469135802469,0.0017580286168521464,0.0004240126382306477,0.0032865443425076453,,,,0.003011446740858505,-0.0010364532019704433,0.007792156862745099,0.0638936106389361,0.00175802861685198,0.001411353913111184,0.0,0.0047694753577106515,2.133728976752718,2.71296798697801,,,,,,0,calibrated,True,True
prose,start,0,node_type,ADVP,recall,6,4,629,,0.75,0.0,1.0,0.27645000000000003,0.2609,0.3156,,,,0.47354999999999997,-0.3156,0.7391,0.0638936106389361,0.27645,0.22193540283673743,0.0,0.75,2.1337289767525647,2.712967986977754,,,,,0.0,0,calibrated,True,True
prose,start,0,node_type,ADVP,f1,6,4,629,,0.009478672985781991,0.0,0.021374045801526718,0.0034938388625592428,0.000896160267111853,0.006493655589123868,,,,0.0059848341232227485,-0.0020661211129296233,0.015421492537313434,0.0638936106389361,0.003493838862559214,0.0028048708099429505,0.0,0.009478672985781991,2.133728976752589,2.7129679869777754,,,,,,0,calibrated,True,True
prose,start,0,node_type,CONJP,precision,6,1,629,,0.001589825119236884,0.0,0.004615384615384616,0.000624960254372019,0.0,0.0018143076923076923,,,,0.000964864864864865,0.0,0.0028010769230769235,0.39316068393160686,0.0006249602543720431,0.0007765709868584731,0.0,0.001589825119236884,1.2424683399106742,2.5438819638767787,,,,,,0,calibrated,True,True
prose,start,0,node_type,CONJP,recall,6,1,629,,1.0,1.0,1.0,0.3931,0.3931,0.3931,,,,0.6069,0.6069,0.6069,0.39316068393160686,0.3931,0.48846315073400554,0.0,1.0,1.2424683399106389,2.543881963876876,,,,,0.0,0,calibrated,True,True
prose,start,0,node_type,CONJP,f1,6,1,629,,0.0031746031746031746,0.0030120481927710845,0.00927357032457496,0.001247936507936508,0.0011840361445783134,0.003645440494590417,,,,0.0019266666666666666,0.0018280120481927711,0.005628129829984544,0.39316068393160686,0.0012479365079365037,0.001550676668996733,0.0,0.0031746031746031746,1.2424683399107297,2.543881963876885,,,,,,0,calibrated,True,True
prose,start,0,node_type,NML,precision,6,6,629,,0.009538950715421303,0.0031446540880503146,0.01854974704890388,0.002763593004769475,0.0008752012882447666,0.0051602006688963205,,,,0.006775357710651828,0.0021165907290015855,0.013439799331103681,0.0004999500049995,0.0027635930047691932,0.0017461562089915012,0.0,0.006359300476947536,3.8801555529589424,3.451648161997706,,,,,,0,calibrated,True,True
prose,start,0,node_type,NML,recall,6,6,629,,1.0,1.0,1.0,0.2897166666666667,0.26749999999999996,0.3576,,,,0.7102833333333334,0.6424000000000001,0.7325,0.0004999500049995,0.2897166666666652,0.18305537590928225,0.0,0.6666666666666666,3.880155552958651,3.4516481619973716,,,,,0.0,0,calibrated,True,True
prose,start,0,node_type,NML,f1,6,6,629,,0.01889763779527559,0.006269592476489028,0.03642384105960265,0.00547496062992126,0.0017447833065810596,0.01013399014778325,,,,0.01342267716535433,0.004220062695924764,0.026394088669950737,0.0004999500049995,0.005474960629921443,0.003459314190411702,0.0,0.012598425196850394,3.880155552958513,3.451648161997238,,,,,,0,calibrated,True,True
prose,start,0,node_type,NP,precision,6,86,629,,0.13195548489666137,0.11419753086419752,0.14730164885187305,0.039657869634340225,0.03620048231511254,0.04365443886097153,,,,0.09229761526232114,0.0766244011976048,0.10488807495741057,9.999000099990002e-05,0.03965786963434035,0.006542520853042688,0.02702702702702703,0.05246422893481717,14.107347509545463,3.3273467816939695,,,,,,0,calibrated,True,True
prose,start,0,node_type,NP,recall,6,86,629,,0.9651162790697675,0.9278350515463918,1.0,0.2900558139534884,0.2652778947368421,0.3270925,,,,0.675060465116279,0.6426135802469135,0.7104759036144577,9.999000099990002e-05,0.29005581395348773,0.04785169321585934,0.19767441860465115,0.38372093023255816,14.107347509545315,3.3273467816939877,,,,,0.0,0,calibrated,True,True
prose,start,0,node_type,NP,f1,6,86,629,,0.23216783216783216,0.20470262793914246,0.2553191489361702,0.06977566433566434,0.06426347826086956,0.07585959885386821,,,,0.1623921678321678,0.1370417670682731,0.18170029673590504,9.999000099990002e-05,0.06977566433566493,0.011511176549829144,0.04755244755244755,0.09230769230769231,14.107347509545196,3.3273467816939517,,,,,,0,calibrated,True,True
prose,start,0,node_type,PP,precision,6,55,629,,0.07154213036565978,0.05132192846034215,0.09615384615384616,0.025369952305246423,0.020418181818181818,0.03108276397515528,,,,0.04617217806041335,0.029737715179968705,0.06537852564102564,9.999000099990002e-05,0.025369952305245722,0.005234749954335936,0.01589825119236884,0.035015898251191786,8.820321593807877,2.8199552567100046,,,,,,0,calibrated,True,True
prose,start,0,node_type,PP,recall,6,55,629,,0.8181818181818182,0.7222222222222222,0.9056603773584906,0.29014,0.2674779411764706,0.3349454545454545,,,,0.5280418181818183,0.4228163265306123,0.6212207547169811,9.999000099990002e-05,0.290140000000019,0.05986650402322362,0.18181818181818182,0.40045454545453885,8.820321593807439,2.8199552567097426,,,,,0.0,0,calibrated,True,True
prose,start,0,node_type,PP,f1,6,55,629,,0.13157894736842105,0.09606986899563319,0.17189631650750342,0.04665994152046783,0.0383589001447178,0.05575849582172701,,,,0.08491900584795321,0.05564392386530014,0.11723045977011495,9.999000099990002e-05,0.046659941520463835,0.009627654155781599,0.029239766081871343,0.06440058479532057,8.82032159380815,2.8199552567101684,,,,,,0,calibrated,True,True
prose,start,0,node_type,PRT,precision,6,2,629,,0.001589825119236884,0.0,0.0049586776859504135,0.000920349761526232,0.0,0.002018781725888325,,,,0.000669475357710652,-0.0012840944881889762,0.003352741935483871,0.49435056494350565,0.0009203497615262235,0.0010217222259392015,0.0,0.003179650238473768,0.6552420420288463,1.727414061150474,,,,,,0,calibrated,True,True
prose,start,0,node_type,PRT,recall,6,2,629,,0.5,0.0,1.0,0.28945,0.2718,0.3071,,,,0.21055000000000001,-0.2718,0.6929000000000001,0.49435056494350565,0.28945,0.3213316400579058,0.0,1.0,0.6552420420287828,1.7274140611504578,,,,,0.0,0,calibrated,True,True
prose,start,0,node_type,PRT,f1,6,2,629,,0.003169572107765452,0.0,0.009884678747940691,0.00183486529318542,0.0008186746987951807,0.004010420168067227,,,,0.0013347068145800319,-0.002556112852664577,0.006673194221508827,0.49435056494350565,0.001834865293185372,0.0020369676073398557,0.0,0.006339144215530904,0.6552420420288951,1.7274140611505029,,,,,,0,calibrated,True,True
prose,start,0,node_type,S,precision,6,14,629,,0.02066772655007949,0.014947683109118086,0.027164685908319185,0.006294117647058823,0.004820914124718973,0.007721768707482994,,,,0.014373608903020666,0.00968236173393124,0.01968249158249158,9.999000099990002e-05,0.006294117647058622,0.0026556257288942076,0.001589825119236884,0.011128775834658187,5.412513046033028,3.283657489265071,,,,,,0,calibrated,True,True
prose,start,0,node_type,S,recall,6,14,629,,0.9285714285714286,0.8,1.0,0.28278571428571425,0.2680625,0.31046999999999997,,,,0.6457857142857144,0.5192866666666667,0.7263200000000001,9.999000099990002e-05,0.28278571428571064,0.11931347024818378,0.07142857142857142,0.5,5.412513046032607,3.2836574892650083,,,,,0.0,0,calibrated,True,True
prose,start,0,node_type,S,f1,6,14,629,,0.04043545878693624,0.02936857562408223,0.05289256198347107,0.012314152410575426,0.009494444205770669,0.015009586776859506,,,,0.028121306376360813,0.019023494860499264,0.03833245901639344,9.999000099990002e-05,0.012314152410575242,0.005195609901942432,0.003110419906687403,0.02177293934681182,5.412513046032875,3.2836574892650154,,,,,,0,calibrated,True,True
prose,start,0,node_type,S+VP,precision,6,6,629,,0.009538950715421303,0.001519756838905775,0.019230769230769232,0.0026360890302066773,0.00046990881458966563,0.005285416666666667,,,,0.006902861685214626,0.0010498480243161094,0.013945352564102564,0.0004999500049995,0.0026360890302064,0.0017468735674060374,0.0,0.006359300476947536,3.9515519691932144,3.6185996019544238,,,,,,0,calibrated,True,True
prose,start,0,node_type,S+VP,recall,6,6,629,,1.0,1.0,1.0,0.27635000000000004,0.26445,0.3092,,,,0.7236499999999999,0.6908000000000001,0.7355499999999999,0.0004999500049995,0.2763500000000006,0.18313057898307475,0.0,0.6666666666666666,3.95155196919287,3.618599601954036,,,,,0.0,0,calibrated,True,True
prose,start,0,node_type,S+VP,f1,6,6,629,,0.01889763779527559,0.003284072249589491,0.03773584905660377,0.00522236220472441,0.0010154351395730706,0.010371383647798743,,,,0.013675275590551181,0.00226863711001642,0.02736446540880503,0.0004999500049995,0.0052223622047245745,0.0034607353508611556,0.0,0.012598425196850394,3.9515519691929386,3.6185996019539295,,,,,,0,calibrated,True,True
prose,start,0,node_type,SBAR,precision,6,3,629,,0.0047694753577106515,0.0015408320493066256,0.008077544426494346,0.0012546899841017487,0.00039812206572769954,0.0021496774193548386,,,,0.003514785373608903,0.0011331306990881459,0.005938610662358643,0.016698330166983303,0.0012546899841016645,0.001204727454903071,0.0,0.003179650238473768,2.917494209419986,3.801317790167513,,,,,,0,calibrated,True,True
prose,start,0,node_type,SBAR,recall,6,3,629,,1.0,1.0,1.0,0.2630666666666666,0.2544,0.2718,,,,0.7369333333333334,0.7282,0.7456,0.016698330166983303,0.26306666666666895,0.25259118971137356,0.0,0.6666666666666666,2.9174942094195644,3.801317790167225,,,,,0.0,0,calibrated,True,True
prose,start,0,node_type,SBAR,f1,6,3,629,,0.00949367088607595,0.0031545741324921135,0.016051364365971106,0.0024974683544303797,0.0008193236714975845,0.00426496,,,,0.0069962025316455696,0.00233,0.011816551943565705,0.016698330166983303,0.0024974683544304165,0.0023980176238418065,0.0,0.006329113924050633,2.9174942094199814,3.801317790167202,,,,,,0,calibrated,True,True
prose,start,0,node_type,VP,precision,6,37,629,,0.058823529411764705,0.03881987577639751,0.07692622950819668,0.01650349761526232,0.011783832335329342,0.020811794871794874,,,,0.042320031796502386,0.02696599378881987,0.05611613114754092,9.999000099990002e-05,0.016503497615261896,0.004263425653885246,0.00794912559618442,0.025437201907790145,9.926297590749988,3.564306838652591,,,,,,0,calibrated,True,True
prose,start,0,node_type,VP,recall,6,37,629,,1.0,1.0,1.0,0.2805594594594594,0.26872,0.305356,,,,0.7194405405405406,0.694644,0.7312799999999999,9.999000099990002e-05,0.28055945945946814,0.07247823611604715,0.13513513513513514,0.43243243243243246,9.926297590750048,3.564306838652389,,,,,0.0,0,calibrated,True,True
prose,start,0,node_type,VP,f1,6,37,629,,0.1111111111111111,0.07473841554559044,0.14286257882148284,0.031173273273273266,0.02268472622478386,0.03865047619047619,,,,0.07993783783783784,0.05191659192825112,0.10421536605783853,9.999000099990002e-05,0.031173273273272867,0.008053137346227538,0.015015015015015015,0.04804804804804805,9.926297590750123,3.5643068386525454,,,,,,0,calibrated,True,True
prose,start,0,category,clause_level,precision,6,23,629,,0.034976152623211444,0.02108433734939759,0.05128205128205128,0.01018489666136725,0.006676923076923077,0.01424261275272162,,,,0.024791255961844193,0.01426869300911854,0.03694531001589825,9.999000099990002e-05,0.01018489666136702,0.0033670037024461984,0.003179650238473768,0.017488076311605722,7.363002287117492,3.434119538579288,,,,,,0,calibrated,True,True
prose,start,0,category,clause_level,recall,6,23,629,,0.9565217391304348,0.8571428571428571,1.0,0.27853478260869563,0.2672428571428571,0.3010428571428571,,,,0.6779869565217391,0.5803285714285713,0.7274538461538462,9.999000099990002e-05,0.27853478260871345,0.09208023168863425,0.08695652173913043,0.4782608695652174,7.36300228711748,3.4341195385789915,,,,,0.0,0,calibrated,True,True
prose,start,0,category,clause_level,f1,6,23,629,,0.06748466257668712,0.041176470588235294,0.0974124809741248,0.019651226993865033,0.013064204545454542,0.027054652880354507,,,,0.04783343558282208,0.027859940652818986,0.07031346444780637,9.999000099990002e-05,0.019651226993864502,0.006496458063922394,0.006134969325153374,0.03374233128834356,7.363002287117362,3.4341195385793033,,,,,,0,calibrated,True,True
prose,start,0,category,phrase_level,precision,6,194,629,,0.28298887122416533,0.23040443321499562,0.3307453416149068,0.0890160572337043,0.07915111464968154,0.09884968253968254,,,,0.193972813990461,0.14986526946107787,0.23229332321699547,9.999000099990002e-05,0.08901605723370384,0.00933698079344352,0.07154213036565978,0.10810810810810811,20.77468276754626,3.179076674685814,,,,,,0,calibrated,True,True
prose,start,0,category,phrase_level,recall,6,194,629,,0.9175257731958762,0.8815165876777251,0.9583333333333334,0.2886139175257732,0.2668524017467249,0.3260320987654321,,,,0.628911855670103,0.5885072222222223,0.6745210526315789,9.999000099990002e-05,0.28861391752577975,0.03027299442822796,0.23195876288659795,0.35051546391752575,20.77468276754511,3.1790766746857257,,,,,0.0,0,calibrated,True,True
prose,start,0,category,phrase_level,f1,6,194,629,,0.43256379100850545,0.3686868686868687,0.48519362186788156,0.13606585662211423,0.12615679674317085,0.14499487776484285,,,,0.2964979343863912,0.23834993954050784,0.34326817102137763,9.999000099990002e-05,0.13606585662211457,0.014272079997754896,0.10935601458080195,0.1652490886998785,20.7746827675456,3.17907667468579,,,,,,0,calibrated,True,True
prose,end,0,all,all,precision,6,150,629,,0.030206677265500796,0.020512820512820513,0.04017857142857143,0.07020476947535771,0.06584254658385093,0.07465152,,,,-0.039998092209856916,-0.04851968253968254,-0.028729288025889976,1.0,0.07020476947535771,0.00843617570865646,0.05405405405405406,0.08744038155802862,-4.741258787297945,0.43026531518066613,,,,,,0,calibrated,True,True
prose,end,0,all,all,recall,6,150,629,,0.12666666666666668,0.08024691358024691,0.17857142857142858,0.294392,0.2667509433962264,0.3340118055555556,,,,-0.1677253333333333,-0.19106129032258065,-0.12516013986013988,1.0,0.294392,0.03537569680496609,0.22666666666666666,0.36666666666666664,-4.741258787297944,0.4302653151806662,,,,,0.0,0,calibrated,True,True
prose,end,0,all,all,f1,6,150,629,,0.04878048780487805,0.032520325203252036,0.0661764705882353,0.11337304236200257,0.105742144638404,0.12146825396825399,,,,-0.06459255455712452,-0.07738582278481013,-0.04666988265971317,1.0,0.11337304236200257,0.013623503262502988,0.08729139922978177,0.14120667522464697,-4.741258787297945,0.43026531518066613,,,,,,0,calibrated,True,True
prose,end,0,depth,1,precision,6,17,629,,0.006359300476947536,0.0015552099533437014,0.012213740458015267,0.008568839427662957,0.006829331306990881,0.01029932998324958,,,,-0.002209538950715421,-0.007273898305084745,0.003344495412844038,0.8422157784221578,0.00856883942766279,0.002986421560184344,0.003179650238473768,0.014308426073131956,-0.7398617061212434,0.7421425655868638,,,,,,0,calibrated,True,True
prose,end,0,depth,1,recall,6,17,629,,0.23529411764705882,0.05555555555555555,0.5,0.3170470588235294,0.28518750000000004,0.36493333333333333,,,,-0.08175294117647058,-0.25502941176470584,0.1428928571428572,0.8422157784221578,0.3170470588235321,0.11049759772682011,0.11764705882352941,0.5294117647058824,-0.7398617061213281,0.7421425655868429,,,,,0.0,0,calibrated,True,True
prose,end,0,depth,1,f1,6,17,629,,0.01238390092879257,0.0030349013657056147,0.023880597014925373,0.01668668730650155,0.01337410714285714,0.01996331168831169,,,,-0.004302786377708978,-0.014084709480122326,0.006529253731343287,0.8422157784221578,0.01668668730650196,0.0058156630382537175,0.006191950464396285,0.02786377708978328,-0.7398617061213709,0.7421425655868309,,,,,,0,calibrated,True,True
prose,end,0,depth,2,precision,6,40,629,,0.003179650238473768,0.0,0.009787928221859706,0.018388235294117646,0.014694056463595838,0.022861008403361343,,,,-0.015208585055643879,-0.021965630114566283,-0.0067954468802698155,0.9999000099990001,0.0183882352941171,0.004513710241646228,0.009538950715421303,0.02702702702702703,-3.3694198877277732,0.17291763932839302,,,,,,0,calibrated,True,True
prose,end,0,depth,2,recall,6,40,629,,0.05,0.0,0.16216216216216217,0.289155,0.26025641025641033,0.3272742857142857,,,,-0.239155,-0.32021136363636366,-0.11500571428571427,0.9999000099990001,0.2891550000000006,0.07097809354988885,0.15,0.425,-3.369419887727812,0.17291763932838752,,,,,0.0,0,calibrated,True,True
prose,end,0,depth,2,f1,6,40,629,,0.005979073243647235,0.0,0.018404907975460124,0.034577578475336324,0.027840251572327047,0.04249012345679013,,,,-0.028598505231689088,-0.04087899628446307,-0.012772424722662441,0.9999000099990001,0.03457757847533585,0.008487664400584467,0.017937219730941704,0.05082212257100149,-3.3694198877278065,0.17291763932839024,,,,,,0,calibrated,True,True
prose,end,0,depth,3,precision,6,9,629,,0.001589825119236884,0.0,0.005050505050505051,0.0040842607313195545,0.0021983974358974357,0.0061508417508417505,,,,-0.0024944356120826707,-0.004222272047832586,-0.0004571675302245245,0.9531046895310469,0.004084260731319433,0.002130258012759874,0.0,0.00794912559618442,-1.17095469053106,0.3892565200467224,,,,,,0,calibrated,True,True
prose,end,0,depth,3,recall,6,9,629,,0.1111111111111111,0.0,0.25,0.28544444444444445,0.26459166666666667,0.33441666666666664,,,,-0.17433333333333334,-0.3341857142857143,-0.022058333333333346,0.9531046895310469,0.2854444444444403,0.14888136555844111,0.0,0.5555555555555556,-1.170954690531081,0.38925652004671646,,,,,0.0,0,calibrated,True,True
prose,end,0,depth,3,f1,6,9,629,,0.003134796238244514,0.0,0.009884678747940691,0.008053291536050156,0.0043618441971383145,0.012038220757825369,,,,-0.004918495297805642,-0.008320176730486007,-0.0008957698815566847,0.9531046895310469,0.008053291536050286,0.0042004147022756755,0.0,0.01567398119122257,-1.1709546905311659,0.3892565200467045,,,,,,0,calibrated,True,True
prose,end,0,depth,4,precision,6,22,629,,0.001589825119236884,0.0,0.004893964110929853,0.01033275039745628,0.007426100151745068,0.01352935483870968,,,,-0.008742925278219396,-0.01282920792079208,-0.004853074433656958,0.9993000699930007,0.0103327503974561,0.0033986045598217588,0.0047694753577106515,0.017488076311605722,-2.5725044277224596,0.15386272367793724,,,,,,0,calibrated,True,True
prose,end,0,depth,4,recall,6,22,629,,0.045454545454545456,0.0,0.13636363636363635,0.2954227272727273,0.2669681818181818,0.33006956521739134,,,,-0.2499681818181818,-0.32573888888888886,-0.14761614718614802,0.9993000699930007,0.2954227272727372,0.09716919400580716,0.13636363636363635,0.5,-2.57250442772277,0.15386272367792936,,,,,0.0,0,calibrated,True,True
prose,end,0,depth,4,f1,6,22,629,,0.0030721966205837174,0.0,0.009404388714733543,0.019967127496159757,0.014478698224852071,0.025813201320132012,,,,-0.016894930875576038,-0.0246418383518225,-0.00942043343653251,0.9993000699930007,0.019967127496159275,0.006567503127888723,0.009216589861751152,0.03379416282642089,-2.572504427722569,0.15386272367793824,,,,,,0,calibrated,True,True
prose,end,0,depth,5,precision,6,19,629,,0.006359300476947536,0.0015337423312883436,0.012678288431061807,0.00933100158982512,0.005763815789473685,0.01284607250755287,,,,-0.0029717011128775834,-0.009559935897435897,0.0031643952299829636,0.8871112888711129,0.009331001589824962,0.0031773007094693597,0.003179650238473768,0.01589825119236884,-0.9352911117354481,0.6815238874122653,,,,,,0,calibrated,True,True
prose,end,0,depth,5,recall,6,19,629,,0.21052631578947367,0.047619047619047616,0.4090909090909091,0.30890526315789474,0.26671176470588237,0.3513,,,,-0.09837894736842107,-0.2978722222222222,0.11777647058823526,0.8871112888711129,0.30890526315787903,0.1051853761187546,0.10526315789473684,0.5263157894736842,-0.9352911117352971,0.6815238874122884,,,,,0.0,0,calibrated,True,True
prose,end,0,depth,5,f1,6,19,629,,0.012345679012345678,0.0029717682020802376,0.024464831804281346,0.018114814814814816,0.011286312399355878,0.024764976958525347,,,,-0.005769135802469138,-0.018583800623052957,0.006120263591433278,0.8871112888711129,0.018114814814814185,0.006168278229186093,0.006172839506172839,0.030864197530864196,-0.9352911117353645,0.6815238874122774,,,,,,0,calibrated,True,True
prose,end,0,depth,6,precision,6,14,629,,0.00794912559618442,0.0015552099533437014,0.016442451420029897,0.007052782193958665,0.0029942277691107646,0.011638473053892217,,,,0.0008963434022257544,-0.004950161812297736,0.006057004830917874,0.47865213478652135,0.007052782193958454,0.0027317363211926903,0.001589825119236884,0.012718600953895072,0.32812222587962553,1.1270907533474932,,,,,,0,calibrated,True,True
prose,end,0,depth,6,recall,6,14,629,,0.35714285714285715,0.0625,0.6111111111111112,0.3168714285714286,0.2656555555555556,0.36543333333333333,,,,0.04027142857142857,-0.21353125,0.2928644642857139,0.47865213478652135,0.31687142857142137,0.12273301043072797,0.07142857142857142,0.5714285714285714,0.32812222587960943,1.1270907533474852,,,,,0.0,0,calibrated,True,True
prose,end,0,depth,6,f1,6,14,629,,0.015552099533437015,0.0030581039755351682,0.03197674418604651,0.013798444790046655,0.005923765432098766,0.022534782608695656,,,,0.00175365474339036,-0.00966571879936809,0.011796220930232564,0.47865213478652135,0.01379844479004659,0.005344516783919801,0.003110419906687403,0.024883359253499222,0.3281222258795584,1.127090753347465,,,,,,0,calibrated,True,True
prose,end,0,depth,7,precision,6,13,629,,0.001589825119236884,0.0,0.004622496147919877,0.005673290937996821,0.0028305280528052807,0.0084375,,,,-0.004083465818759937,-0.005998253968253969,-0.002108709677419355,0.9845015498450155,0.005673290937996648,0.002579914931417424,0.001589825119236884,0.011128775834658187,-1.5827908777272275,0.28022978842651824,,,,,,0,calibrated,True,True
prose,end,0,depth,7,recall,6,13,629,,0.07692307692307693,0.0,0.16666666666666666,0.2745,0.26218,0.31071111111111116,,,,-0.1975769230769231,-0.31071111111111116,-0.10438947368421053,0.9845015498450155,0.27450000000000757,0.12482819168165916,0.07692307692307693,0.5384615384615384,-1.5827908777273456,0.28022978842650204,,,,,0.0,0,calibrated,True,True
prose,end,0,depth,7,f1,6,13,629,,0.003115264797507788,0.0,0.008955223880597015,0.011116822429906541,0.0056055555555555555,0.016350931677018635,,,,-0.008001557632398753,-0.011728758169934642,-0.004190384615384615,0.9845015498450155,0.011116822429907698,0.00505534732667172,0.003115264797507788,0.021806853582554516,-1.582790877727462,0.2802297884264806,,,,,,0,calibrated,True,True
prose,end,0,depth,8,precision,6,3,629,,0.0,0.0,0.0,0.001263751987281399,0.0,0.0028868012422360247,,,,-0.001263751987281399,-0.0028868012422360247,0.0,1.0,0.0012637519872813136,0.0012181553991598964,0.0,0.003179650238473768,-1.0374308467974307,0.0,,,,,,0,calibrated,True,True
prose,end,0,depth,8,recall,6,3,629,,0.0,0.0,0.0,0.26496666666666663,0.2628,0.26605,,,,-0.26496666666666663,-0.26605,-0.2628,1.0,0.26496666666666985,0.255406582023834,0.0,0.6666666666666666,-1.037430846797612,0.0,,,,,0.0,0,calibrated,True,True
prose,end,0,depth,8,f1,6,3,629,,0.0,0.0,0.0,0.002515506329113924,0.0008290220820189274,0.005720307692307693,,,,-0.002515506329113924,-0.005720307692307693,-0.0008290220820189274,1.0,0.0025155063291139655,0.002424746031872007,0.0,0.006329113924050633,-1.037430846797546,0.0,,,,,,0,calibrated,True,True
prose,end,0,depth,9,precision,6,4,629,,0.0,0.0,0.0,0.0017038155802861683,0.0004260596546310832,0.003176041666666666,,,,-0.0017038155802861683,-0.003176041666666666,-0.0004260596546310832,1.0,0.0017038155802860196,0.001406647037062089,0.0,0.0047694753577106515,-1.2112602062878504,0.0,,,,,,0,calibrated,True,True
prose,end,0,depth,9,recall,6,4,629,,0.0,0.0,0.0,0.26792499999999997,0.26525,0.2714,,,,-0.26792499999999997,-0.2714,-0.26525,1.0,0.267925,0.22119524657800843,0.0,0.75,-1.2112602062879843,0.0,,,,,0.0,0,calibrated,True,True
prose,end,0,depth,9,f1,6,4,629,,0.0,0.0,0.0,0.0033860979462875195,0.0008703225806451613,0.00627735294117647,,,,-0.0033860979462875195,-0.00627735294117647,-0.0008703225806451613,1.0,0.00338609794628753,0.002795516544429894,0.0,0.009478672985781991,-1.2112602062879498,0.0,,,,,,0,calibrated,True,True
prose,end,0,depth,10,precision,6,3,629,,0.0,0.0,0.0,0.0012486486486486485,0.0003932618683001531,0.0022199999999999998,,,,-0.0012486486486486485,-0.0022199999999999998,-0.0003932618683001531,1.0,0.0012486486486485667,0.0012136991113637088,0.0,0.003179650238473768,-1.028795882733727,0.0,,,,,,0,calibrated,True,True
prose,end,0,depth,10,recall,6,3,629,,0.0,0.0,0.0,0.2618,0.2568,0.2649,,,,-0.2618,-0.2649,-0.2568,1.0,0.2618000000000025,0.2544722470159258,0.0,0.6666666666666666,-1.028795882733798,0.0,,,,,0.0,0,calibrated,True,True
prose,end,0,depth,10,f1,6,3,629,,0.0,0.0,0.0,0.0024854430379746832,0.0008051908396946565,0.004403,,,,-0.0024854430379746832,-0.004403,-0.0008051908396946565,1.0,0.0024854430379747205,0.00241587576280959,0.0,0.006329113924050633,-1.0287958827337322,0.0,,,,,,0,calibrated,True,True
prose,end,0,depth,11,precision,6,2,629,,0.001589825119236884,0.0,0.005050505050505051,0.0008416534181240064,0.0,0.0018010860289232955,,,,0.0007481717011128777,-0.0011554234769687963,0.0036673366834170853,0.45585441455854414,0.000841653418124022,0.0010009275291915118,0.0,0.003179650238473768,0.747478393083253,1.8889308651303012,,,,,,0,calibrated,True,True
prose,end,0,depth,11,recall,6,2,629,,0.5,0.0,1.0,0.2647,0.2592,0.2702,,,,0.2353,-0.2592,0.7298,0.45585441455854414,0.2647,0.3147917079307029,0.0,1.0,0.7474783930833341,1.8889308651303363,,,,,0.0,0,calibrated,True,True
prose,end,0,depth,11,f1,6,2,629,,0.003169572107765452,0.0,0.010050251256281407,0.0016779714738510301,0.0007902439024390244,0.0035839195979899497,,,,0.0014916006339144216,-0.0023039999999999996,0.0073346733668341706,0.45585441455854414,0.0016779714738509868,0.0019955100344259237,0.0,0.006339144215530904,0.7474783930833876,1.888930865130385,,,,,,0,calibrated,True,True
prose,end,0,depth,12,precision,6,2,629,,0.0,0.0,0.0,0.000865341812400636,0.0,0.0026508116883116883,,,,-0.000865341812400636,-0.0026508116883116883,0.0,1.0,0.0008653418124006455,0.0009916691635018231,0.0,0.003179650238473768,-0.872611395261011,0.0,,,,,,0,calibrated,True,True
prose,end,0,depth,12,recall,6,2,629,,0.0,0.0,0.0,0.27215,0.27215,0.27215,,,,-0.27215,-0.27215,-0.27215,1.0,0.27215,0.3118799519213289,0.0,1.0,-0.8726113952609859,0.0,,,,,0.0,0,calibrated,True,True
prose,end,0,depth,12,f1,6,2,629,,0.0,0.0,0.0,0.0017251980982567353,0.001622354694485842,0.00536256157635468,,,,-0.0017251980982567353,-0.00536256157635468,-0.001622354694485842,1.0,0.0017251980982566906,0.001977051993162089,0.0,0.006339144215530904,-0.8726113952609894,0.0,,,,,,0,calibrated,True,True
prose,end,0,depth,13,precision,6,1,629,,0.0,0.0,0.0,0.0004241653418124006,0.0,0.0012332819722650232,,,,-0.0004241653418124006,-0.0012332819722650232,0.0,1.0,0.0004241653418124102,0.0007031940885139156,0.0,0.001589825119236884,-0.6031981052468935,0.0,,,,,,0,calibrated,True,True
prose,end,0,depth,13,recall,6,1,629,,0.0,0.0,0.0,0.2668,0.2668,0.2668,,,,-0.2668,-0.2668,-0.2668,1.0,0.2668,0.44230908167523675,0.0,1.0,-0.6031981052469019,0.0,,,,,0.0,0,calibrated,True,True
prose,end,0,depth,13,f1,6,1,629,,0.0,0.0,0.0,0.000846984126984127,0.0008036144578313253,0.0024780185758513933,,,,-0.000846984126984127,-0.0024780185758513933,-0.0008036144578313253,1.0,0.0008469841269841241,0.0014041558148419461,0.0,0.0031746031746031746,-0.6031981052469323,0.0,,,,,,0,calibrated,True,True
prose,end,0,depth,14,precision,6,1,629,,0.0,0.0,0.0,0.0004262321144674086,0.0,0.0013056818181818182,,,,-0.0004262321144674086,-0.0013056818181818182,0.0,1.0,0.0004262321144674183,0.0007042799924981786,0.0,0.001589825119236884,-0.6052026452654349,0.0,,,,,,0,calibrated,True,True
prose,end,0,depth,14,recall,6,1,629,,0.0,0.0,0.0,0.2681,0.2681,0.2681,,,,-0.2681,-0.2681,-0.2681,1.0,0.2681,0.4429921152813212,0.0,1.0,-0.6052026452654663,0.0,,,,,0.0,0,calibrated,True,True
prose,end,0,depth,14,f1,6,1,629,,0.0,0.0,0.0,0.0008511111111111111,0.0008002985074626866,0.0026544554455445544,,,,-0.0008511111111111111,-0.0026544554455445544,-0.0008002985074626866,1.0,0.0008511111111111083,0.0014063241754963018,0.0,0.0031746031746031746,-0.6052026452654454,0.0,,,,,,0,calibrated,True,True
prose,end,0,node_type,ADJP,precision,6,1,629,,0.0,0.0,0.0,0.0005087440381558028,0.0,0.0015867768595041322,,,,-0.0005087440381558028,-0.0015867768595041322,0.0,1.0,0.0005087440381558185,0.0007416525868753751,0.0,0.001589825119236884,-0.6859600399955271,0.0,,,,,,0,calibrated,True,True
prose,end,0,node_type,ADJP,recall,6,1,629,,0.0,0.0,0.0,0.32,0.32,0.32,,,,-0.32,-0.32,-0.32,1.0,0.32,0.46649947714461637,0.0,1.0,-0.6859600399954981,0.0,,,,,0.0,0,calibrated,True,True
prose,end,0,node_type,ADJP,f1,6,1,629,,0.0,0.0,0.0,0.001015873015873016,0.0009566517189835577,0.0032323232323232323,,,,-0.001015873015873016,-0.0032323232323232323,-0.0009566517189835577,1.0,0.0010158730158730124,0.0014809507210940436,0.0,0.0031746031746031746,-0.6859600399954849,0.0,,,,,,0,calibrated,True,True
prose,end,0,node_type,ADVP,precision,6,3,629,,0.0,0.0,0.0,0.0013472178060413354,0.0003969088098918083,0.002457095709570957,,,,-0.0013472178060413354,-0.002457095709570957,-0.0003969088098918083,1.0,0.0013472178060412413,0.0012392215124239253,0.0,0.003179650238473768,-1.087148498097063,0.0,,,,,,0,calibrated,True,True
prose,end,0,node_type,ADVP,recall,6,3,629,,0.0,0.0,0.0,0.28246666666666664,0.2568,0.3208,,,,-0.28246666666666664,-0.3208,-0.2568,1.0,0.28246666666667103,0.2598234437715445,0.0,0.6666666666666666,-1.0871484980971775,0.0,,,,,0.0,0,calibrated,True,True
prose,end,0,node_type,ADVP,f1,6,3,629,,0.0,0.0,0.0,0.002681645569620253,0.0008243980738362761,0.004873977086743043,,,,-0.002681645569620253,-0.004873977086743043,-0.0008243980738362761,1.0,0.0026816455696203013,0.0024666782636538136,0.0,0.006329113924050633,-1.0871484980972197,0.0,,,,,,0,calibrated,True,True
prose,end,0,node_type,CONJP,precision,6,1,629,,0.0,0.0,0.0,0.0006120826709062003,0.0,0.001776923076923077,,,,-0.0006120826709062003,-0.001776923076923077,0.0,1.0,0.0006120826709062234,0.0007736401367164366,0.0,0.001589825119236884,-0.7911723317563226,0.0,,,,,,0,calibrated,True,True
prose,end,0,node_type,CONJP,recall,6,1,629,,0.0,0.0,0.0,0.385,0.385,0.385,,,,-0.385,-0.385,-0.385,1.0,0.385,0.4866196459946396,0.0,1.0,-0.7911723317562913,0.0,,,,,0.0,0,calibrated,True,True
prose,end,0,node_type,CONJP,f1,6,1,629,,0.0,0.0,0.0,0.0012222222222222222,0.0011596385542168674,0.00357032457496136,,,,-0.0012222222222222222,-0.00357032457496136,-0.0011596385542168674,1.0,0.001222222222222218,0.0015448242729990437,0.0,0.0031746031746031746,-0.7911723317561924,0.0,,,,,,0,calibrated,True,True
prose,end,0,node_type,NML,precision,6,8,629,,0.0,0.0,0.0,0.0036090620031796507,0.0010681159420289855,0.006805564924114672,,,,-0.0036090620031796507,-0.006805564924114672,-0.0010681159420289855,1.0,0.0036090620031794776,0.002008916043053541,0.0,0.00794912559618442,-1.79652206753933,0.0,,,,,,0,calibrated,True,True
prose,end,0,node_type,NML,recall,6,8,629,,0.0,0.0,0.0,0.28376250000000003,0.26668000000000003,0.3504333333333333,,,,-0.28376250000000003,-0.3504333333333333,-0.26668000000000003,1.0,0.2837625,0.15795102388507917,0.0,0.625,-1.7965220675394784,0.0,,,,,0.0,0,calibrated,True,True
prose,end,0,node_type,NML,f1,6,8,629,,0.0,0.0,0.0,0.0071274725274725285,0.002146601941747573,0.013275328947368421,,,,-0.0071274725274725285,-0.013275328947368421,-0.002146601941747573,1.0,0.007127472527472132,0.003967372656454206,0.0,0.015698587127158554,-1.7965220675393343,0.0,,,,,,0,calibrated,True,True
prose,end,0,node_type,NP,precision,6,71,629,,0.019077901430842606,0.010558069381598794,0.02936378466557912,0.033057233704292525,0.03002082018927445,0.03622701863354037,,,,-0.01397933227344992,-0.0245445765230312,-0.0021001730103806238,0.9964003599640036,0.03305723370429252,0.0058694728603858656,0.022257551669316374,0.04451510333863275,-2.381701492786338,0.5771172990910404,,,,,,0,calibrated,True,True
prose,end,0,node_type,NP,recall,6,71,629,,0.16901408450704225,0.09210526315789473,0.2647058823529412,0.2928591549295775,0.2660272727272727,0.33335797101449277,,,,-0.12384507042253523,-0.21233506493506496,-0.01839242424242421,0.9964003599640036,0.29285915492957704,0.05199856942510757,0.19718309859154928,0.39436619718309857,-2.3817014927863775,0.577117299091041,,,,,0.0,0,calibrated,True,True
prose,end,0,node_type,NP,f1,6,71,629,,0.03428571428571429,0.018995929443690638,0.05286343612334802,0.05940857142857143,0.054207212205270465,0.06535070028011203,,,,-0.02512285714285714,-0.04419668965517241,-0.0037698757763975146,0.9964003599640036,0.05940857142857173,0.010548281226236331,0.04,0.08,-2.3817014927863633,0.5771172990910374,,,,,,0,calibrated,True,True
prose,end,0,node_type,PP,precision,6,19,629,,0.003179650238473768,0.0,0.0065252854812398045,0.008772178060413353,0.00546268656716418,0.01249633027522936,,,,-0.005592527821939586,-0.00933201320132013,-0.0009480582524271849,0.9872012798720128,0.008772178060413144,0.003096637393515429,0.003179650238473768,0.014308426073131956,-1.80600022258031,0.3624698696920906,,,,,,0,calibrated,True,True
prose,end,0,node_type,PP,recall,6,19,629,,0.10526315789473684,0.0,0.23529411764705882,0.2904052631578947,0.2657391304347826,0.3302090909090909,,,,-0.18514210526315789,-0.3215,-0.04259166666666664,0.9872012798720128,0.29040526315787857,0.1025149958169014,0.10526315789473684,0.47368421052631576,-1.806000222580293,0.362469869692102,,,,,0.0,0,calibrated,True,True
prose,end,0,node_type,PP,f1,6,19,629,,0.006172839506172839,0.0,0.012678288431061807,0.017029938271604934,0.01071219512195122,0.023896491228070176,,,,-0.010857098765432095,-0.018125641025641025,-0.001845354330708664,0.9872012798720128,0.01702993827160464,0.006011681853460561,0.006172839506172839,0.027777777777777776,-1.8060002225803127,0.36246986969208816,,,,,,0,calibrated,True,True
prose,end,0,node_type,PRT,precision,6,2,629,,0.0,0.0,0.0,0.0009332273449920508,0.0,0.002045685279187817,,,,-0.0009332273449920508,-0.002045685279187817,0.0,1.0,0.0009332273449920386,0.0010225336534528953,0.0,0.003179650238473768,-0.9126617415873924,0.0,,,,,,0,calibrated,True,True
prose,end,0,node_type,PRT,recall,6,2,629,,0.0,0.0,0.0,0.2935,0.276,0.311,,,,-0.2935,-0.311,-0.276,1.0,0.2935,0.32158683401091626,0.0,1.0,-0.9126617415874592,0.0,,,,,0.0,0,calibrated,True,True
prose,end,0,node_type,PRT,f1,6,2,629,,0.0,0.0,0.0,0.0018605388272583201,0.0008313253012048192,0.004063865546218488,,,,-0.0018605388272583201,-0.004063865546218488,-0.0008313253012048192,1.0,0.0018605388272582716,0.0020385853186113776,0.0,0.006339144215530904,-0.9126617415873544,0.0,,,,,,0,calibrated,True,True
prose,end,0,node_type,QP,precision,6,5,629,,0.003179650238473768,0.0,0.009230769230769232,0.002854531001589825,0.0,0.006281316998468607,,,,0.00032511923688394303,-0.003133658536585366,0.0038321266968325803,0.593940605939406,0.002854531001589548,0.0016929906905404158,0.0,0.006359300476947536,0.19203840794921298,1.1138958507380643,,,,,,0,calibrated,True,True
prose,end,0,node_type,QP,recall,6,5,629,,0.4,0.0,0.6666666666666666,0.35910000000000003,0.3212,0.3843666666666667,,,,0.04089999999999999,-0.3212,0.2823,0.593940605939406,0.3590999999999957,0.21297822886998966,0.0,0.8,0.1920384079490646,1.1138958507379695,,,,,0.0,0,calibrated,True,True
prose,end,0,node_type,QP,f1,6,5,629,,0.006309148264984227,0.0,0.0182370820668693,0.00566403785488959,0.0020074999999999997,0.012524274809160307,,,,0.000645110410094637,-0.0062980392156862745,0.0075616071428571425,0.593940605939406,0.005664037854889986,0.003359278057886214,0.0,0.012618296529968454,0.1920384079489296,1.113895850737878,,,,,,0,calibrated,True,True
prose,end,0,node_type,S,precision,6,18,629,,0.0047694753577106515,0.0,0.010703363914373088,0.008958346581875994,0.008324447949526814,0.009647077922077923,,,,-0.004188871224165343,-0.009554924874791319,0.0023990881458966565,0.9554044595540446,0.008958346581875852,0.0030642824262023887,0.003179650238473768,0.01589825119236884,-1.3669990691284066,0.5324057641797486,,,,,,0,calibrated,True,True
prose,end,0,node_type,S,recall,6,18,629,,0.16666666666666666,0.0,0.4375,0.31304444444444446,0.28118499999999996,0.3633733333333333,,,,-0.1463777777777778,-0.3014277777777778,0.09915000000000002,0.9554044595540446,0.31304444444443924,0.1070796470045164,0.1111111111111111,0.5555555555555556,-1.3669990691284093,0.532405764179749,,,,,0.0,0,calibrated,True,True
prose,end,0,node_type,S,f1,6,18,629,,0.00927357032457496,0.0,0.02092675635276532,0.017418238021638333,0.016239076923076922,0.01871685039370079,,,,-0.008144667697063372,-0.01852233009708738,0.004691233283803865,0.9554044595540446,0.01741823802163948,0.0059580638209622136,0.0061823802163833074,0.030911901081916538,-1.3669990691286646,0.532405764179705,,,,,,0,calibrated,True,True
prose,end,0,node_type,S+VP,precision,6,1,629,,0.0,0.0,0.0,0.00045437201907790146,0.0,0.0013986949429037518,,,,-0.00045437201907790146,-0.0013986949429037518,0.0,1.0,0.00045437201907791316,0.0007183103191928734,0.0,0.001589825119236884,-0.6325567194808874,0.0,,,,,,0,calibrated,True,True
prose,end,0,node_type,S+VP,recall,6,1,629,,0.0,0.0,0.0,0.2858,0.2858,0.2858,,,,-0.2858,-0.2858,-0.2858,1.0,0.2858,0.4518171907722943,0.0,1.0,-0.6325567194809034,0.0,,,,,0.0,0,calibrated,True,True
prose,end,0,node_type,S+VP,f1,6,1,629,,0.0,0.0,0.0,0.0009073015873015873,0.0008544095665171898,0.0028250411861614495,,,,-0.0009073015873015873,-0.0028250411861614495,-0.0008544095665171898,1.0,0.0009073015873015842,0.0014343402881661184,0.0,0.0031746031746031746,-0.6325567194808551,0.0,,,,,,0,calibrated,True,True
prose,end,0,node_type,VP,precision,6,18,629,,0.0,0.0,0.0,0.007819077901430844,0.004979073243647235,0.010750334448160535,,,,-0.007819077901430844,-0.010750334448160535,-0.004979073243647235,1.0,0.007819077901430625,0.0029677641665846978,0.003179650238473768,0.014308426073131956,-2.6346695567892167,0.0,,,,,,0,calibrated,True,True
prose,end,0,node_type,VP,recall,6,18,629,,0.0,0.0,0.0,0.2732333333333334,0.25204444444444446,0.3105714285714286,,,,-0.2732333333333334,-0.3105714285714286,-0.25204444444444446,1.0,0.27323333333333233,0.10370687004342963,0.1111111111111111,0.5,-2.6346695567893392,0.0,,,,,0.0,0,calibrated,True,True
prose,end,0,node_type,VP,f1,6,18,629,,0.0,0.0,0.0,0.015203091190108193,0.00978267254038179,0.02067106109324759,,,,-0.015203091190108193,-0.02067106109324759,-0.00978267254038179,1.0,0.015203091190108726,0.005770397714936258,0.0061823802163833074,0.027820710973724884,-2.6346695567892353,0.0,,,,,,0,calibrated,True,True
prose,end,0,node_type,WHADVP,precision,6,1,629,,0.0,0.0,0.0,0.00042527821939586645,0.0,0.001236517719568567,,,,-0.00042527821939586645,-0.001236517719568567,0.0,1.0,0.0004252782193958761,0.0007037797685097923,0.0,0.001589825119236884,-0.6042774152152384,0.0,,,,,,0,calibrated,True,True
prose,end,0,node_type,WHADVP,recall,6,1,629,,0.0,0.0,0.0,0.2675,0.2675,0.2675,,,,-0.2675,-0.2675,-0.2675,1.0,0.2675,0.4426774743926143,0.0,1.0,-0.6042774152152862,0.0,,,,,0.0,0,calibrated,True,True
prose,end,0,node_type,WHADVP,f1,6,1,629,,0.0,0.0,0.0,0.0008492063492063491,0.000805722891566265,0.002484520123839009,,,,-0.0008492063492063491,-0.002484520123839009,-0.000805722891566265,1.0,0.0008492063492063464,0.001405325315532072,0.0,0.0031746031746031746,-0.6042774152153,0.0,,,,,,0,calibrated,True,True
prose,end,0,node_type,WHNP,precision,6,2,629,,0.0,0.0,0.0,0.0008534181240063592,0.0,0.0018042139384116694,,,,-0.0008534181240063592,-0.0018042139384116694,0.0,1.0,0.0008534181240063717,0.0009934623795233642,0.0,0.003179650238473768,-0.859034163342771,0.0,,,,,,0,calibrated,True,True
prose,end,0,node_type,WHNP,recall,6,2,629,,0.0,0.0,0.0,0.26839999999999997,0.2585,0.2783,,,,-0.26839999999999997,-0.2783,-0.2585,1.0,0.2684,0.31244391836010177,0.0,1.0,-0.8590341633427485,0.0,,,,,0.0,0,calibrated,True,True
prose,end,0,node_type,WHNP,f1,6,2,629,,0.0,0.0,0.0,0.0017014263074484944,0.0007786144578313253,0.003590804597701149,,,,-0.0017014263074484944,-0.003590804597701149,-0.0007786144578313253,1.0,0.0017014263074484506,0.001980627057750204,0.0,0.006339144215530904,-0.8590341633427457,0.0,,,,,,0,calibrated,True,True
prose,end,0,category,clause_level,precision,6,19,629,,0.0047694753577106515,0.0,0.010703363914373088,0.009412718600953895,0.008435429447852761,0.010536858974358973,,,,-0.004643243243243243,-0.010470840197693575,0.0021908527131782943,0.965003499650035,0.00941271860095374,0.003139607008722903,0.003179650238473768,0.01589825119236884,-1.478924983395237,0.5067054014795881,,,,,,0,calibrated,True,True
prose,end,0,category,clause_level,recall,6,19,629,,0.15789473684210525,0.0,0.4375,0.3116105263157895,0.2814047619047619,0.3618133333333333,,,,-0.15371578947368425,-0.30046,0.08904117647058823,0.965003499650035,0.31161052631577096,0.10393751623614135,0.10526315789473684,0.5263157894736842,-1.4789249833951232,0.5067054014796099,,,,,0.0,0,calibrated,True,True
prose,end,0,category,clause_level,f1,6,19,629,,0.009259259259259259,0.0,0.020895522388059702,0.01827345679012346,0.016441971383147853,0.020356037151702786,,,,-0.009014197530864201,-0.02022687022900763,0.0042691842900302104,0.965003499650035,0.01827345679012287,0.00609510126076094,0.006172839506172839,0.030864197530864196,-1.4789249833953109,0.506705401479596,,,,,,0,calibrated,True,True
prose,end,0,category,phrase_level,precision,6,131,629,,0.025437201907790145,0.01658630665380911,0.03605015673981191,0.060792050874403813,0.05588858075040783,0.0657443396226415,,,,-0.03535484896661367,-0.04506800643086817,-0.021017563291139248,1.0,0.06079205087440325,0.007858868245597343,0.046104928457869634,0.07631160572337042,-4.498720154319857,0.41842973780146947,,,,,,0,calibrated,True,True
prose,end,0,category,phrase_level,recall,6,131,629,,0.12213740458015267,0.07406045751633998,0.18333333333333332,0.2918946564885496,0.26435144927536236,0.33059767441860466,,,,-0.16975725190839697,-0.21431860465116281,-0.10575365853658533,1.0,0.29189465648854684,0.03773456585099799,0.22137404580152673,0.366412213740458,-4.498720154319849,0.4184297378014695,,,,,0.0,0,calibrated,True,True
prose,end,0,category,phrase_level,f1,6,131,629,,0.042105263157894736,0.02720298388303984,0.06036745406824147,0.10062684210526315,0.09238067885117493,0.10900424403183025,,,,-0.05852157894736842,-0.07399333333333333,-0.034955526315789485,1.0,0.10062684210525767,0.01300849506968576,0.07631578947368421,0.12631578947368421,-4.498720154319635,0.41842973780148834,,,,,,0,calibrated,True,True
