domain,kind,k,axis,stratum,metric,n_files,n_targets,n_pred_blt,n_pred_ws,blt,blt_lo,blt_hi,h0,h0_lo,h0_hi,ws,ws_lo,ws_hi,delta_h0,delta_h0_lo,delta_h0_hi,p_perm_h0,h0_null_mean,h0_null_sd,h0_null_q025,h0_null_q975,z_h0,ratio_h0,delta_ws,delta_ws_lo,delta_ws_hi,p_rand_ws,length_cap,n_pred_length_cap,k_mode,preliminary
prose,start,0,all,all,precision,300,25185,65515,,0.3436007021292834,0.33716634336932694,0.3500354657845617,0.10249554300541862,0.10121717892591746,0.10376793626162684,,,,0.24110515912386477,0.2354507318857599,0.2467462667018396,9.999000099990002e-05,0.10249554300541859,0.0010045468887556405,0.10052659696252766,0.1044646264214302,240.01384288047353,3.352347741707348,,,,,,0,grid_uncalibrated,True
prose,start,0,all,all,recall,300,25185,65515,,0.8938256898947786,0.8893506356094563,0.8982962522749217,0.2666267818145722,0.2625936166543143,0.27070146263631534,,,,0.6271989080802064,0.622402265721166,0.6319419088902292,9.999000099990002e-05,0.2666267818145721,0.002613178059036164,0.261504864006353,0.27174905697836016,240.0138428804735,3.352347741707348,,,,,0.0,0,grid_uncalibrated,True
prose,start,0,all,all,f1,300,25185,65515,,0.4963836824696803,0.48960796573248894,0.5030021662242543,0.14807046306504962,0.1465989259951522,0.14954389298077717,,,,0.34831321940463067,0.34192703725384915,0.35466040547428707,9.999000099990002e-05,0.1480704630650496,0.0014512213763357392,0.14522601984564498,0.15091510474090408,240.01384288047353,3.352347741707348,,,,,,0,grid_uncalibrated,True
prose,start,0,depth,1,precision,300,1478,65515,,0.022468137067847057,0.021731929661183463,0.023228077295211678,0.006049646645806307,0.005862363201928274,0.006243019948102258,,,,0.01641849042204075,0.015842763338040234,0.017013384173896747,9.999000099990002e-05,0.006049646645806371,0.000259579219250866,0.005540715866595436,0.0065633824315042355,63.250403747355875,3.713958580278738,,,,,,0,grid_uncalibrated,True
prose,start,0,depth,1,recall,300,1478,65515,,0.9959404600811907,0.9906715174129352,0.9993459884498819,0.26816143437077145,0.2639227347390419,0.27236466177108537,,,,0.7277790257104193,0.7206395986992554,0.7338645593138966,9.999000099990002e-05,0.26816143437077056,0.011506314309350703,0.2456021650879567,0.29093369418132614,63.25040374735674,3.7139585802787893,,,,,0.0,0,grid_uncalibrated,True
prose,start,0,depth,1,f1,300,1478,65515,,0.04394488976460227,0.04253492881035335,0.0453995959152845,0.01183235860463034,0.011472750583287327,0.012203208304377081,,,,0.03211253115997193,0.031008971771775688,0.03325130981641434,9.999000099990002e-05,0.01183235860463028,0.0005077047616682476,0.010836953114504501,0.012837162091561804,63.25040374735636,3.7139585802787964,,,,,,0,grid_uncalibrated,True
prose,start,0,depth,2,precision,300,2411,65515,,0.03615965809356636,0.03489274887457519,0.03744479805004216,0.009841692742120123,0.009531895982267075,0.010162573239821622,,,,0.02631796535144624,0.025326225571073144,0.02731545554903648,9.999000099990002e-05,0.009841692742119943,0.00033071107358462816,0.009203999084179196,0.010501411890406777,79.57993382617022,3.6741299531545235,,,,,,0,grid_uncalibrated,True
prose,start,0,depth,2,recall,300,2411,65515,,0.9825798423890502,0.9762740213830219,0.9883187317480183,0.26743197843218575,0.2634306550171526,0.2714816151073384,,,,0.7151478639568645,0.707830886469316,0.7219224624430269,9.999000099990002e-05,0.26743197843218436,0.008986535041848402,0.2501036914143509,0.2853587722936541,79.57993382617136,3.674129953154475,,,,,0.0,0,grid_uncalibrated,True
prose,start,0,depth,2,f1,300,2411,65515,,0.0697523775873745,0.06739289582658868,0.07213898570328661,0.01898473338633218,0.018407994264379127,0.01958223525887474,,,,0.05076764420104232,0.04891453974061979,0.05262932475369321,9.999000099990002e-05,0.018984733386332043,0.0006379452929922832,0.017754615316668138,0.020257338868768956,79.57993382616989,3.674129953154483,,,,,,0,grid_uncalibrated,True
prose,start,0,depth,3,precision,300,3547,65515,,0.04960696023811341,0.047972452814059534,0.05129023642160864,0.014539439822941303,0.014133014603817063,0.014954149491624987,,,,0.03506752041517211,0.03376029679602226,0.036416486152010125,9.999000099990002e-05,0.014539439822941383,0.0003997011192136417,0.013767839426085629,0.015324734793558727,87.73435632145005,3.41188937415869,,,,,,0,grid_uncalibrated,True
prose,start,0,depth,3,recall,300,3547,65515,,0.916267268113899,0.9061461325832344,0.9263598841784193,0.2685512827741752,0.26443176687534714,0.2727071612639995,,,,0.6477159853397239,0.6374041889671064,0.6579007460716361,9.999000099990002e-05,0.26855128277417584,0.007382694904223947,0.2542994079503806,0.28305610374964757,87.73435632144813,3.4118893741587004,,,,,0.0,0,grid_uncalibrated,True
prose,start,0,depth,3,f1,300,3547,65515,,0.09411832845848658,0.09115815303429042,0.09716466449802452,0.027585398627320366,0.02685483474992922,0.028328385166563167,,,,0.06653292983116621,0.06415049318469476,0.06898434507793999,9.999000099990002e-05,0.027585398627320065,0.0007583452209690486,0.02612145608293997,0.02907532362225247,87.73435632144903,3.4118893741587457,,,,,,0,grid_uncalibrated,True
prose,start,0,depth,4,precision,300,3827,65515,,0.050690681523315274,0.048922347502552664,0.052475608779378284,0.015583174845455246,0.015147223742421058,0.016032675250383047,,,,0.03510750667786003,0.033684126246393865,0.03654277517850889,9.999000099990002e-05,0.015583174845455261,0.00041139428693321003,0.01479050599099443,0.01640845607876059,85.33785663280183,3.25291104194335,,,,,,0,grid_uncalibrated,True
prose,start,0,depth,4,recall,300,3827,65515,,0.8677815521296054,0.8559319699304292,0.8791772233309818,0.26677076038672604,0.262766334235207,0.2708295844123902,,,,0.6010107917428793,0.588969487149267,0.6123647573637232,9.999000099990002e-05,0.26677076038672676,0.007042721899249911,0.25320094068460935,0.2808988764044944,85.33785663280125,3.2529110419433436,,,,,0.0,0,grid_uncalibrated,True
prose,start,0,depth,4,f1,300,3827,65515,,0.09578610366011941,0.09257959799072742,0.09902628029766498,0.029446272100602827,0.0286687206873927,0.030246435563176688,,,,0.06633983155951659,0.06373427288703779,0.06894445443003162,9.999000099990002e-05,0.029446272100602897,0.0007773786942525233,0.027948429523232673,0.03100573966715699,85.33785663280183,3.252911041943345,,,,,,0,grid_uncalibrated,True
prose,start,0,depth,5,precision,300,3346,65515,,0.044417309013203086,0.04294396804926212,0.045929530740112676,0.013622558192780276,0.013232433762982053,0.01401922963307539,,,,0.03079475082042281,0.029636772097693727,0.031984503219532674,9.999000099990002e-05,0.013622558192780625,0.00038553326618759434,0.012852018621689689,0.014363122948942991,79.8757293370327,3.2605703264121395,,,,,,0,grid_uncalibrated,True
prose,start,0,depth,5,recall,300,3346,65515,,0.8696951583980873,0.8576651808353534,0.8814792922658943,0.26673099222952773,0.26261388443911726,0.2708865813146467,,,,0.6029641661685596,0.5912511863094103,0.6144264992333707,9.999000099990002e-05,0.2667309922295298,0.007548778223036502,0.25164375373580394,0.281231320980275,79.87572933703365,3.2605703264121977,,,,,0.0,0,grid_uncalibrated,True
prose,start,0,depth,5,f1,300,3346,65515,,0.08451808716109263,0.08182792392137359,0.0872712372988355,0.025921258767662388,0.025210559802178515,0.026636763519851114,,,,0.05859682839343024,0.05646710444689691,0.060783914616494954,9.999000099990002e-05,0.025921258767662086,0.0007335999167679853,0.024455061645924397,0.027330419250373942,79.87572933703437,3.2605703264122603,,,,,,0,grid_uncalibrated,True
prose,start,0,depth,6,precision,300,2807,65515,,0.03745707089979394,0.036101789909995165,0.03883215831952872,0.01141985652140731,0.011072233543882632,0.011770794522487058,,,,0.02603721437838663,0.024967292930774914,0.02712521309605327,9.999000099990002e-05,0.011419856521407232,0.00035636972009885407,0.010715103411432496,0.012119361978172937,73.06236447688147,3.2799948781824297,,,,,,0,grid_uncalibrated,True
prose,start,0,depth,6,recall,300,2807,65515,,0.8742429640185251,0.8619468056911253,0.8862610379669321,0.26653790523690774,0.26234004795813776,0.27077602117659805,,,,0.6077050587816173,0.5957042670424485,0.6194077273051012,9.999000099990002e-05,0.2665379052369081,0.008317621023254937,0.2500890630566441,0.2828642679016744,73.06236447688062,3.279994878182402,,,,,0.0,0,grid_uncalibrated,True
prose,start,0,depth,6,f1,300,2807,65515,,0.0718363045578291,0.06932067602236218,0.07438029371689567,0.02190134656479611,0.021259908078244873,0.02254759288367076,,,,0.04993495799303299,0.047937826202202063,0.05196433209543793,9.999000099990002e-05,0.021901346564796153,0.0006834566380456287,0.02054974971458681,0.02324287930681186,73.06236447688025,3.279994878182401,,,,,,0,grid_uncalibrated,True
prose,start,0,depth,7,precision,300,2256,65515,,0.030161031824772953,0.02888077156131125,0.0314067283342744,0.009156315347630305,0.008829374518554292,0.009478521424796344,,,,0.021004716477142648,0.019987062593507302,0.02200248370763357,9.999000099990002e-05,0.009156315347630116,0.0003134884198822574,0.008547660841028771,0.009768755246890025,67.00316549182891,3.2940140962466287,,,,,,0,grid_uncalibrated,True
prose,start,0,depth,7,recall,300,2256,65515,,0.875886524822695,0.861458782908934,0.8897962947281264,0.2659024822695033,0.2615937232431814,0.27022192441714854,,,,0.6099840425531917,0.5953716779809447,0.6242919813245381,9.999000099990002e-05,0.2659024822695024,0.009103809321181685,0.24822695035460993,0.28368794326241137,67.00316549182908,3.2940140962465714,,,,,0.0,0,grid_uncalibrated,True
prose,start,0,depth,7,f1,300,2256,65515,,0.05831402812412389,0.0559063830177946,0.06065673775780254,0.017703029319325356,0.017089530623019825,0.01830500137218105,,,,0.04061099880479853,0.03868525487510536,0.04248954345114774,9.999000099990002e-05,0.017703029319325443,0.0006061056743618002,0.016526242788213248,0.018887134615100856,67.00316549182591,3.294014096246545,,,,,,0,grid_uncalibrated,True
prose,start,0,depth,8,precision,300,1684,65515,,0.02201022666564909,0.020807621474469844,0.023192953848750825,0.00680065633824315,0.006472268459018418,0.007128077242116877,,,,0.015209570327405938,0.01429515212280171,0.016113656018812938,9.999000099990002e-05,0.006800656338243289,0.00027531740382446965,0.006258108830038922,0.0073418301152407845,55.24376634432728,3.2364856524031707,,,,,,0,grid_uncalibrated,True
prose,start,0,depth,8,recall,300,1684,65515,,0.8562945368171021,0.8395140567790483,0.8724554844939183,0.2645754156769596,0.2600194078547168,0.2691367517036843,,,,0.5917191211401425,0.5749009332016506,0.6080678442317602,9.999000099990002e-05,0.2645754156769603,0.010711056835843438,0.24346793349168647,0.2856294536817102,55.24376634432704,3.236485652403228,,,,,0.0,0,grid_uncalibrated,True
prose,start,0,depth,8,f1,300,1684,65515,,0.04291730531704341,0.04062098636448358,0.045167580369005,0.013260465185493831,0.012635657881788215,0.013879745631612915,,,,0.029656840131549577,0.02790799081294592,0.03138444998637845,9.999000099990002e-05,0.013260465185493835,0.0005368359562362673,0.012202562538133009,0.014315689221565796,55.24376634432675,3.236485652403236,,,,,,0,grid_uncalibrated,True
prose,start,0,depth,9,precision,300,1195,65515,,0.01584369991604976,0.014784974272067802,0.016924981802497435,0.0048235045409448195,0.0045239876318217565,0.005121419846135825,,,,0.01102019537510494,0.010225606425756175,0.011822628827620682,9.999000099990002e-05,0.0048235045409447605,0.00022928807563739285,0.004380676181027245,0.005265969625276654,48.06266241482555,3.284686431112288,,,,,,0,grid_uncalibrated,True
prose,start,0,depth,9,recall,300,1195,65515,,0.8686192468619247,0.8491717523975588,0.8873251454117195,0.26444510460251036,0.25971758240866893,0.2693874825411519,,,,0.6041741422594143,0.5840340776010959,0.6236405970243478,9.999000099990002e-05,0.26444510460251025,0.012570550858061563,0.2401673640167364,0.28870292887029286,48.06266241482602,3.284686431112249,,,,,0.0,0,grid_uncalibrated,True
prose,start,0,depth,9,f1,300,1195,65515,,0.03111977214810373,0.029076321478542354,0.033202698599370035,0.009474198770798976,0.008895900305742084,0.010048889407973797,,,,0.021645573377304755,0.020098339327047385,0.02320123291965173,9.999000099990002e-05,0.009474198770799035,0.0004503615132778791,0.008604407135362015,0.010343276870034477,48.06266241482559,3.284686431112227,,,,,,0,grid_uncalibrated,True
prose,start,0,depth,10,precision,300,871,65515,,0.011524078455315577,0.010562613212094967,0.012455381883013534,0.0035173868579714573,0.003234205409856661,0.003793884355621296,,,,0.00800669159734412,0.007310758626290141,0.008697088077915244,9.999000099990002e-05,0.0035173868579715206,0.0001975889999467377,0.0031443180950927268,0.00390750209875601,40.52195010604005,3.2763181647757453,,,,,,0,grid_uncalibrated,True
prose,start,0,depth,10,recall,300,871,65515,,0.8668197474167624,0.8441985738147244,0.8880597014925373,0.2645712973593571,0.25970960862549775,0.26958189466476007,,,,0.6022484500574052,0.5794371424045619,0.623719686382834,9.999000099990002e-05,0.26457129735935586,0.014862277074064937,0.2365097588978186,0.2939150401836969,40.52195010604034,3.2763181647758195,,,,,0.0,0,grid_uncalibrated,True
prose,start,0,depth,10,f1,300,871,65515,,0.02274575964811858,0.020869029632087862,0.02456276786408765,0.0069424758232157395,0.006390634211590689,0.007480609766453443,,,,0.015803283824902842,0.014442460819848228,0.017151948452603677,9.999000099990002e-05,0.006942475823215741,0.0003899931711960568,0.006206127798029705,0.007712469496580604,40.52195010603977,3.276318164775803,,,,,,0,grid_uncalibrated,True
prose,start,0,depth,11,precision,300,650,65515,,0.008562924521102038,0.007742353751776864,0.009416214797860527,0.002627514309700069,0.0023856741331250916,0.00287506789160629,,,,0.005935410211401969,0.0053344043608577665,0.006556505726327146,9.999000099990002e-05,0.0026275143097000144,0.00017129069009658282,0.0022895520109898495,0.0029611539342135388,34.651096379233,3.2589449615898283,,,,,,0,grid_uncalibrated,True
prose,start,0,depth,11,recall,300,650,65515,,0.8630769230769231,0.8361921337496685,0.888717215007351,0.26483323076923077,0.25968127221318177,0.27000002569750375,,,,0.5982436923076924,0.5712823888167984,0.6239117919765137,9.999000099990002e-05,0.26483323076923154,0.017264783941043,0.23076923076923078,0.29846153846153844,34.65109637923163,3.2589449615897514,,,,,0.0,0,grid_uncalibrated,True
prose,start,0,depth,11,f1,300,650,65515,,0.016957605985037406,0.015344631631278348,0.01862924607159995,0.005203403612181668,0.0047288372187435125,0.005688720630977169,,,,0.011754202372855738,0.010572328933433923,0.012973028213228073,9.999000099990002e-05,0.005203403612181613,0.00033921588639546226,0.004534119247336205,0.005864127559888159,34.65109637923205,3.2589449615897945,,,,,,0,grid_uncalibrated,True
prose,start,0,depth,12,precision,300,411,65515,,0.005357551705716248,0.004693176805744009,0.006058273976291492,0.0016699274975196514,0.0014736957053765988,0.0018726797506609617,,,,0.0036876242081965967,0.003194462991072264,0.004205452172408928,9.999000099990002e-05,0.0016699274975196766,0.00013453962217568956,0.001404258566740441,0.0019384873693047394,27.409205916908704,3.2082540790984972,,,,,,0,grid_uncalibrated,True
prose,start,0,depth,12,recall,300,411,65515,,0.8540145985401459,0.816016883116883,0.8899533492822966,0.26619294403892935,0.26022783612440187,0.27209079615660925,,,,0.5878216545012166,0.5491756056315993,0.6242113369352655,9.999000099990002e-05,0.26619294403892924,0.021446139530025207,0.22384428223844283,0.30900243309002434,27.40920591690871,3.208254079098547,,,,,0.0,0,grid_uncalibrated,True
prose,start,0,depth,12,f1,300,411,65515,,0.010648302642356581,0.009334492472507679,0.012031808315259877,0.0033190334617601547,0.0029310085164610034,0.003719517526375009,,,,0.007329269180596426,0.006354212673012275,0.008352430109859421,9.999000099990002e-05,0.003319033461760111,0.00026740173366624105,0.002791008099990899,0.003852804659770045,27.409205916909045,3.2082540790985874,,,,,,0,grid_uncalibrated,True
prose,start,0,depth,13,precision,300,260,65515,,0.0035564374570708998,0.002990135309740911,0.004141711532908118,0.0010610898267572311,0.000899084259198508,0.0012335305534101316,,,,0.0024953476303136686,0.0020782153013709876,0.0029266258781983057,9.999000099990002e-05,0.0010610898267572374,0.00010830948190379699,0.0008547660841028772,0.0012821491261543157,23.03905056558288,3.3516836816159232,,,,,,0,grid_uncalibrated,True
prose,start,0,depth,13,recall,300,260,65515,,0.8961538461538462,0.8587786259541985,0.9305019305019305,0.2673742307692307,0.2605002209866909,0.2743837185716202,,,,0.6287796153846155,0.5904476329613454,0.6639157754761905,9.999000099990002e-05,0.26737423076922423,0.027291906565104915,0.2153846153846154,0.3230769230769231,23.039050565583114,3.3516836816160254,,,,,0.0,0,grid_uncalibrated,True
prose,start,0,depth,13,f1,300,260,65515,,0.007084758646902318,0.005960375276404448,0.008246706260268343,0.0021137909540098823,0.0017921280779497348,0.002455478961513559,,,,0.004970967692892436,0.004143137937366686,0.005826604551215935,9.999000099990002e-05,0.00211379095400989,0.00021576269728398626,0.0017027746104142912,0.002554161915621437,23.03905056558342,3.3516836816159303,,,,,,0,grid_uncalibrated,True
prose,start,0,depth,14,precision,300,150,65515,,0.001907960009158208,0.0015313608373574668,0.0023190308774222543,0.0006039075020987562,0.0004890151284732843,0.0007259356588828296,,,,0.0013040525070594517,0.0010260634517132716,0.0016010290841668442,9.999000099990002e-05,0.0006039075020987419,8.104481487995375e-05,0.00044264672212470426,0.0007631840036632832,16.090511268254133,3.1593580184507246,,,,,,0,grid_uncalibrated,True
prose,start,0,depth,14,recall,300,150,65515,,0.8333333333333334,0.7719268809607912,0.890625,0.26376666666666676,0.25695729235708364,0.2710720797948133,,,,0.5695666666666666,0.5087994852941177,0.626625242768595,9.999000099990002e-05,0.26376666666667226,0.035397673645735206,0.19333333333333333,0.3333333333333333,16.09051126825347,3.159358018450584,,,,,0.0,0,grid_uncalibrated,True
prose,start,0,depth,14,f1,300,150,65515,,0.0038072032285083376,0.0030571491706199265,0.004625601546674177,0.0012050559658874597,0.0009762438386787396,0.001447968617426975,,,,0.002602147262620878,0.002048356749882577,0.003193740694974483,9.999000099990002e-05,0.00120505596588746,0.00016171936486287117,0.0008832711490139344,0.001522881291403335,16.090511268253806,3.159358018450648,,,,,,0,grid_uncalibrated,True
prose,start,0,depth,15,precision,300,119,65515,,0.0016179500877661604,0.0012469921736629923,0.002023907965582855,0.00047925207967640995,0.00037222020223734524,0.0005941962390124145,,,,0.0011386980080897505,0.000867086950055209,0.0014361906838867098,9.999000099990002e-05,0.00047925207967641314,7.368195449294755e-05,0.0003358009616118446,0.0006258108830038922,15.4542318526409,3.375989706416269,,,,,,0,grid_uncalibrated,True
prose,start,0,depth,15,recall,300,119,65515,,0.8907563025210085,0.8333333333333334,0.9428571428571428,0.2638504201680672,0.25599991525423726,0.2720058940092166,,,,0.6269058823529412,0.5699891899719598,0.679029393443226,9.999000099990002e-05,0.26385042016806687,0.04056532141685259,0.18487394957983194,0.3445378151260504,15.454231852640957,3.3759897064162963,,,,,0.0,0,grid_uncalibrated,True
prose,start,0,depth,15,f1,300,119,65515,,0.0032300332144924887,0.002490159259665715,0.004038953060562412,0.0009567663101441326,0.0007433948319279988,0.0011857656680691188,,,,0.002273266904348356,0.001731656997571662,0.0028661132731800736,9.999000099990002e-05,0.0009567663101441339,0.00014709672573987216,0.0006703842520644788,0.0012493524697565286,15.454231852641172,3.375989706416287,,,,,,0,grid_uncalibrated,True
prose,start,0,depth,16,precision,300,76,65515,,0.000992139204762268,0.0007011317522538326,0.0013289780210186631,0.00030345417080058004,0.00021963950078270994,0.0003951769449424336,,,,0.000688685033961688,0.00047359152542387497,0.0009408057991793073,9.999000099990002e-05,0.00030345417080056866,5.7493260515439557e-05,0.00019842784095245363,0.00041211936197817293,11.97853501066888,3.2694861373788995,,,,,,0,grid_uncalibrated,True
prose,start,0,depth,16,recall,300,76,65515,,0.8552631578947368,0.7746478873239436,0.927710843373494,0.26158947368421054,0.25005481186868683,0.27278144509594887,,,,0.5936736842105264,0.5095132911568409,0.6697001265822784,9.999000099990002e-05,0.26158947368421154,0.04956146003511906,0.17105263157894737,0.35526315789473684,11.978535010668578,3.269486137378765,,,,,0.0,0,grid_uncalibrated,True
prose,start,0,depth,16,f1,300,76,65515,,0.001981979234956015,0.0014011304610429375,0.0026540683278460653,0.0006062051196048238,0.00043890461383683845,0.0007891413303557437,,,,0.0013757741153511915,0.0009463410828198522,0.001878799464119848,9.999000099990002e-05,0.000606205119604817,0.00011485328666033382,0.00039639584699120305,0.0008232836822124987,11.978535010668883,3.269486137378814,,,,,,0,grid_uncalibrated,True
prose,start,0,depth,17,precision,300,44,65515,,0.0006105472029306265,0.00037045270207319056,0.0008812047353515317,0.0001780538807906586,0.00011368492510949655,0.000251138029517797,,,,0.00043249332213996796,0.0002563594133910029,0.0006348683356344266,9.999000099990002e-05,0.00017805388079065757,4.481227982255904e-05,9.158208043959398e-05,0.00027474624131878193,9.651223366730978,3.4290025031718474,,,,,,0,grid_uncalibrated,True
prose,start,0,depth,17,recall,300,44,65515,,0.9090909090909091,0.8048780487804879,0.9803921568627451,0.2651181818181818,0.25415962499999994,0.2768296334586466,,,,0.6439727272727273,0.5377995833333334,0.718193410440376,9.999000099990002e-05,0.26511818181818114,0.06672446619488782,0.13636363636363635,0.4090909090909091,9.651223366730608,3.429002503171836,,,,,0.0,0,grid_uncalibrated,True
prose,start,0,depth,17,f1,300,44,65515,,0.0012202748669137722,0.0007405446155717897,0.0017606864985921563,0.0003558687594380634,0.00022727554416323212,0.0005018124819182988,,,,0.0008644061074757089,0.0005124845784941107,0.0012685343653661277,9.999000099990002e-05,0.00035586875943801287,8.956440801644544e-05,0.00018304123003706584,0.0005491236901111976,9.651223366731132,3.429002503172314,,,,,,0,grid_uncalibrated,True
prose,start,0,depth,18,precision,300,24,65515,,0.00032053728153857893,0.00016657839415356137,0.0005020817393011855,9.890101503472487e-05,5.324692843096972e-05,0.00015229226069114272,,,,0.00022163626650385408,0.00010931066775293939,0.00035393742862997263,9.999000099990002e-05,9.890101503472621e-05,3.318105095792479e-05,3.0527360146531325e-05,0.0001679004808059223,6.679603572077884,3.2409908171926407,,,,,,0,grid_uncalibrated,True
prose,start,0,depth,18,recall,300,24,65515,,0.875,0.7187299679487181,1.0,0.26997916666666666,0.25613189484126986,0.2849438404605263,,,,0.6050208333333333,0.45357215909090914,0.7258334375,9.999000099990002e-05,0.26997916666666616,0.09057735639618343,0.08333333333333333,0.4583333333333333,6.6796035720780536,3.240990817192691,,,,,0.0,0,grid_uncalibrated,True
prose,start,0,depth,18,f1,300,24,65515,,0.0006408398053067639,0.000333091088247493,0.001003642769782018,0.00019772959611834176,0.00010647309172267039,0.00030441588351975014,,,,0.00044311020918842215,0.00021857422020927632,0.0007074816604291231,9.999000099990002e-05,0.00019772959611835745,6.633780050072256e-05,6.103236241016799e-05,0.00033567799325592395,6.679603572077732,3.240990817192427,,,,,,0,grid_uncalibrated,True
prose,start,0,depth,19,precision,300,14,65515,,0.0001679004808059223,6.354943451910273e-05,0.0002900858612700419,5.8230939479508514e-05,2.605340898146279e-05,9.772093883570679e-05,,,,0.00010966954132641379,3.7860824095029386e-05,0.00019754931411739552,9.999000099990002e-05,5.8230939479505573e-05,2.5448967605756672e-05,1.5263680073265663e-05,0.00010684576051285965,4.309390582178626,2.883355176933304,,,,,,0,grid_uncalibrated,True
prose,start,0,depth,19,recall,300,14,65515,,0.7857142857142857,0.5454545454545454,1.0,0.2725,0.25182659090909093,0.29033050000000005,,,,0.5132142857142856,0.2787997727272727,0.7253019999999999,9.999000099990002e-05,0.27249999999999847,0.11909207947794044,0.07142857142857142,0.5,4.309390582178477,2.8833551769331747,,,,,0.0,0,grid_uncalibrated,True
prose,start,0,depth,19,f1,300,14,65515,,0.00033572921912435717,0.00012708670413772715,0.0005799596546102335,0.0001164369973599475,5.2101456268253493e-05,0.00019537078540327472,,,,0.00021929222176440968,7.571447682932097e-05,0.000394963882859168,9.999000099990002e-05,0.00011643699735995119,5.088706107803422e-05,3.052083810221429e-05,0.0002136458667155,4.30939058217817,2.8833551769330676,,,,,,0,grid_uncalibrated,True
prose,start,0,depth,20,precision,300,7,65515,,6.105472029306265e-05,1.4840235606660785e-05,0.0001244420039992111,2.933679310081661e-05,8.702107962206833e-06,5.4766818650817814e-05,,,,3.1717927192246044e-05,-5.112719752620036e-06,7.577797608537978e-05,0.09679032096790322,2.933679310081347e-05,1.8114695041346654e-05,0.0,6.105472029306265e-05,1.7509501054173562,2.0811654526537082,,,,,,0,grid_uncalibrated,True
prose,start,0,depth,20,recall,300,7,65515,,0.5714285714285714,0.2,1.0,0.2745714285714286,0.2459130397727273,0.30866666666666664,,,,0.2968571428571428,-0.08206000000000002,0.6913333333333334,0.09679032096790322,0.27457142857142874,0.16954060651910663,0.0,0.5714285714285714,1.7509501054172996,2.0811654526534844,,,,,0.0,0,grid_uncalibrated,True
prose,start,0,depth,20,f1,300,7,65515,,0.00012209639510393455,2.980538262827033e-05,0.0002488356242561089,5.866731784744056e-05,1.774781699945852e-05,0.00010952707200823517,,,,6.342907725649399e-05,-1.0227524801713497e-05,0.00015159011164198827,0.09679032096790322,5.8667317847438235e-05,3.622551953950607e-05,0.0,0.00012209639510393455,1.7509501054173466,2.081165452653568,,,,,,0,grid_uncalibrated,True
prose,start,0,depth,21,precision,300,4,65515,,4.579104021979699e-05,0.0,0.00010535397628908,1.572769594749294e-05,0.0,3.653984516524918e-05,,,,3.006334427230405e-05,0.0,6.894903856921855e-05,0.0560943905609439,1.572769594749148e-05,1.337948997615335e-05,0.0,4.579104021979699e-05,2.2469723678472255,2.9114906832300838,,,,,,0,grid_uncalibrated,True
prose,start,0,depth,21,recall,300,4,65515,,0.75,0.5,1.0,0.2576,0.2309,0.3225,,,,0.4924,0.2691,0.7539,0.0560943905609439,0.2576,0.21913932144693235,0.0,0.75,2.246972367847007,2.9114906832298137,,,,,0.0,0,grid_uncalibrated,True
prose,start,0,depth,21,f1,300,4,65515,,9.157648926265664e-05,2.990721287373631e-05,0.00021142447441989116,3.1453471512080464e-05,7.531521718933008e-06,7.341499223930629e-05,,,,6.0123017750576176e-05,1.6495793358845718e-05,0.00013883142116694926,0.0560943905609439,3.145347151208026e-05,2.6757346290012092e-05,0.0,9.157648926265664e-05,2.2469723678472158,2.911490683229833,,,,,,0,grid_uncalibrated,True
prose,start,0,depth,22,precision,300,3,65515,,4.579104021979699e-05,0.0,0.00010535397628908,1.2200259482561243e-05,0.0,2.8103033193553143e-05,,,,3.359078073723575e-05,0.0,7.715832558239265e-05,0.016698330166983303,1.2200259482560095e-05,1.1524599204446935e-05,0.0,3.0527360146531325e-05,2.9147027277335082,3.753284123608511,,,,,,0,grid_uncalibrated,True
prose,start,0,depth,22,recall,300,3,65515,,1.0,1.0,1.0,0.2664333333333333,0.2322,0.3231,,,,0.7335666666666667,0.6769000000000001,0.7678,0.016698330166983303,0.2664333333333362,0.2516780389597826,0.0,0.6666666666666666,2.9147027277333706,3.753284123608117,,,,,0.0,0,grid_uncalibrated,True
prose,start,0,depth,22,f1,300,3,65515,,9.157788699288744e-05,2.990721287373631e-05,0.00021142926417267984,2.4399401691138307e-05,7.106567939952154e-06,5.6552507955157845e-05,,,,6.717848530174913e-05,2.0810083853941303e-05,0.00015475632129401004,0.016698330166983303,2.4399401691140895e-05,2.3048143010452205e-05,0.0,6.105192466192497e-05,2.9147027277330535,3.75328412360776,,,,,,0,grid_uncalibrated,True
prose,start,0,depth,23,precision,300,1,65515,,1.5263680073265663e-05,0.0,4.7038440268759464e-05,3.7151797298328626e-06,0.0,1.1449156361416053e-05,,,,1.15485003434328e-05,0.0,3.558928390734341e-05,0.24347565243475652,3.715179729832807e-06,6.550499621434189e-06,0.0,1.5263680073265663e-05,1.7629953455221157,4.1084634346754925,,,,,,0,grid_uncalibrated,True
prose,start,0,depth,23,recall,300,1,65515,,1.0,1.0,1.0,0.2434,0.24339999999999998,0.2434,,,,0.7565999999999999,0.7565999999999999,0.7566,0.24347565243475652,0.2434,0.4291559826982852,0.0,1.0,1.7629953455220073,4.108463434675431,,,,,0.0,0,grid_uncalibrated,True
prose,start,0,depth,23,f1,300,1,65515,,3.0526894193784724e-05,2.922039264959845e-05,0.00011778746035166654,7.430246046767202e-06,7.1122435709122635e-06,2.8669467849595632e-05,,,,2.3096648147017523e-05,2.210814907868619e-05,8.911799250207092e-05,0.24347565243475652,7.430246046767411e-06,1.3100799276461573e-05,0.0,3.0526894193784724e-05,1.7629953455218148,4.108463434675316,,,,,,0,grid_uncalibrated,True
prose,start,0,category,clause_level,precision,300,4386,65515,,0.062230023658704114,0.05957755014523918,0.06486987991564619,0.017782156757994348,0.017013292461572686,0.018545324681981494,,,,0.044447866900709766,0.04251385331180211,0.04640398844451352,9.999000099990002e-05,0.017782156757994126,0.00044443222850089803,0.01689689384110509,0.018652217049530642,100.01044940110633,3.499576823307896,,,,,,0,grid_uncalibrated,True
prose,start,0,category,clause_level,recall,300,4386,65515,,0.9295485636114911,0.9213219075038153,0.9375982583346658,0.26561741906064745,0.26153184780254346,0.2697100305327005,,,,0.6639311445508436,0.655871787135858,0.6721778891274829,9.999000099990002e-05,0.2656174190606458,0.006638617749711932,0.25239398084815323,0.27861377108983126,100.0104494011054,3.4995768233078737,,,,,0.0,0,grid_uncalibrated,True
prose,start,0,category,clause_level,f1,300,4386,65515,,0.11665069169253658,0.11199382646231396,0.12125243990402985,0.033332799244645994,0.03197407985633367,0.034667039437082006,,,,0.08331789244789059,0.07991081848715811,0.08674910690874942,9.999000099990002e-05,0.03333279924464603,0.0008330918713677008,0.03167336661850331,0.03496373442440023,100.0104494011041,3.499576823307848,,,,,,0,grid_uncalibrated,True
prose,start,0,category,phrase_level,precision,300,20785,65515,,0.2811722506296268,0.27627089219433215,0.2859924945475163,0.08465318476684727,0.08374762269757142,0.08556151521638893,,,,0.19651906586277954,0.19207847579716114,0.20095930853202154,9.999000099990002e-05,0.08465318476684694,0.0009182792162793826,0.08286613752575746,0.08648401129512326,214.00796443920578,3.321460987014672,,,,,,0,grid_uncalibrated,True
prose,start,0,category,phrase_level,recall,300,20785,65515,,0.8862641327880684,0.8809429192613427,0.8915485528405923,0.26682960789030546,0.2627202340961221,0.2709363744960078,,,,0.6194345248977629,0.6138010173470004,0.6249975115407822,9.999000099990002e-05,0.26682960789030596,0.0028944461320444615,0.26119677652152995,0.2726004330045706,214.0079644392039,3.3214609870146528,,,,,0.0,0,grid_uncalibrated,True
prose,start,0,category,phrase_level,f1,300,20785,65515,,0.4269061413673233,0.4211794909605398,0.4324393213452472,0.12852962688296637,0.12735977301815765,0.12971242767519325,,,,0.2983765144843569,0.29280986076267473,0.3038638596289676,9.999000099990002e-05,0.12852962688296657,0.00139423088886545,0.12581633835457706,0.13130938586326768,214.00796443920382,3.3214609870146536,,,,,,0,grid_uncalibrated,True
prose,start,0,category,structural_other,precision,300,14,65515,,0.00019842784095245363,9.039673999673456e-05,0.0003288478243630251,6.0201480576967105e-05,2.8351368286055217e-05,9.834005936379755e-05,,,,0.00013822636037548653,5.715926904202334e-05,0.00023432513836549605,9.999000099990002e-05,6.020148057696472e-05,2.5558600782952756e-05,1.5263680073265663e-05,0.00010684576051285965,5.408213131435741,3.2960624730611583,,,,,,0,grid_uncalibrated,True
prose,start,0,category,structural_other,recall,300,14,65515,,0.9285714285714286,0.75,1.0,0.28172142857142857,0.25945696428571424,0.30793382352941173,,,,0.64685,0.45716903409090914,0.737713125,9.999000099990002e-05,0.28172142857142557,0.11960512359251026,0.07142857142857142,0.5,5.408213131435693,3.2960624730610633,,,,,0.0,0,grid_uncalibrated,True
prose,start,0,category,structural_other,f1,300,14,65515,,0.00039677089532878573,0.00018077707025241073,0.0006574591114715156,0.00012037723755894336,5.669751344816173e-05,0.00019660795263108592,,,,0.0002763936577698424,0.00011430697625366603,0.0004684790253650354,9.999000099990002e-05,0.00012037723755894807,5.110628058707092e-05,3.052083810221429e-05,0.0002136458667155,5.408213131435765,3.296062473060899,,,,,,0,grid_uncalibrated,True
prose,end,0,all,all,precision,300,16323,65515,,0.016377928718614057,0.015215002497646062,0.017569022005024672,0.06691625887201405,0.06604457817892849,0.06779218248023366,,,,-0.05053833015339999,-0.0518568002905579,-0.04920139503568992,1.0,0.06691625887201405,0.0008254248463752749,0.06529802335343052,0.06856445088910937,-61.22705219661272,0.24475260564011733,,,,,,0,grid_uncalibrated,True
prose,end,0,all,all,recall,300,16323,65515,,0.06573546529436991,0.06057811635101403,0.07103340970997418,0.26857922563254305,0.2643003592895917,0.272849236330455,,,,-0.20284376033817314,-0.2069920817140331,-0.1986292934984585,1.0,0.26857922563254305,0.0033129760957101104,0.26208417570299575,0.2751945108129633,-61.22705219661272,0.24475260564011736,,,,,0.0,0,grid_uncalibrated,True
prose,end,0,all,all,f1,300,16323,65515,,0.026222537207654145,0.024327470416330932,0.02816384528788908,0.10713895012097072,0.10583861169591934,0.10845303072316004,,,,-0.08091641291331657,-0.08287146733961014,-0.0789227581691004,1.0,0.1071389501209707,0.0013215794327885854,0.10454800948214765,0.10977785380874411,-61.227052196612725,0.24475260564011733,,,,,,0,grid_uncalibrated,True
prose,end,0,depth,1,precision,300,1778,65515,,0.001404258566740441,0.0011284517409122766,0.0016914279512964278,0.007605107227352514,0.007418631143999806,0.007800823903198046,,,,-0.006200848660612073,-0.006510474530543191,-0.005895145471552186,1.0,0.00760510722735252,0.0002869931302679535,0.007036556513775471,0.008181332519270395,-21.606261637073352,0.1846467807435885,,,,,,0,grid_uncalibrated,True
prose,end,0,depth,1,recall,300,1778,65515,,0.05174353205849269,0.041571721106651166,0.062250363035369,0.28022980877390324,0.2755381513860904,0.2849619003161866,,,,-0.22848627671541055,-0.2385843638095067,-0.21827839837576718,1.0,0.28022980877390713,0.010575002772500215,0.2592800899887514,0.3014623172103487,-21.60626163707323,0.1846467807435861,,,,,0.0,0,grid_uncalibrated,True
prose,end,0,depth,1,f1,300,1778,65515,,0.002734311146776039,0.002197919636265516,0.003293485674514987,0.014808333704842998,0.014452845866712872,0.015178824942681841,,,,-0.01207402255806696,-0.012671850182821055,-0.011482564518785652,1.0,0.01480833370484305,0.0005588205290150613,0.013701276507214718,0.01593033450730388,-21.606261637073096,0.184646780743588,,,,,,0,grid_uncalibrated,True
prose,end,0,depth,2,precision,300,4099,65515,,0.004105929939708463,0.0036151100952270493,0.004614536537478106,0.016550307563153472,0.01610577394008316,0.017005977617870486,,,,-0.012444377623445009,-0.013071871130867874,-0.011827729564723199,1.0,0.01655030756315371,0.0004214102603072008,0.0157368541555369,0.017385331603449593,-29.530314744528315,0.24808783305330104,,,,,,0,grid_uncalibrated,True
prose,end,0,depth,2,recall,300,4099,65515,,0.06562576238106856,0.05763544954426123,0.07406518846602507,0.26452632349353494,0.26050752185430426,0.26859077897388445,,,,-0.1989005611124664,-0.2062960320135564,-0.1912276718341167,1.0,0.2645263234935356,0.0067354704083987735,0.2515247621371066,0.27787265186630883,-29.530314744527516,0.24808783305330404,,,,,0.0,0,grid_uncalibrated,True
prose,end,0,depth,2,f1,300,4099,65515,,0.007728330508231103,0.006806460329604694,0.00868558011772855,0.03115159019737409,0.03036473126608686,0.031964716053295664,,,,-0.023423259689142988,-0.024573143421666,-0.022292494892283722,1.0,0.031151590197374145,0.0007931937025318505,0.02962047863935415,0.03272330278392278,-29.530314744527978,0.24808783305330417,,,,,,0,grid_uncalibrated,True
prose,end,0,depth,3,precision,300,1977,65515,,0.001953751049378005,0.0016222854506164485,0.002301033092987372,0.008075398000457916,0.007708873222790509,0.008446244702953229,,,,-0.006121646951079911,-0.006563559053488709,-0.005671551124504042,1.0,0.00807539800045798,0.0003002233652340592,0.007494466915973441,0.008669770281614897,-20.390308217041785,0.2419386696813212,,,,,,0,grid_uncalibrated,True
prose,end,0,depth,3,recall,300,1977,65515,,0.06474456246838645,0.05350823459570035,0.07648033656364588,0.2676073343449673,0.2631503690957977,0.27203641716933363,,,,-0.20286277187658086,-0.2135692435549328,-0.19166315242795715,1.0,0.2676073343449668,0.009948980158477266,0.24835609509357612,0.28730399595346484,-20.39030821704135,0.2419386696813236,,,,,0.0,0,grid_uncalibrated,True
prose,end,0,depth,3,f1,300,1977,65515,,0.0037930421383275056,0.0031491358400560525,0.004466978989914659,0.015677701060866484,0.014986501805176468,0.016375171189878152,,,,-0.011884658922538979,-0.012733829630815848,-0.011021106765063206,1.0,0.015677701060866453,0.000582858228332515,0.014549872577490665,0.016831624488828304,-20.39030821704187,0.24193866968132363,,,,,,0,grid_uncalibrated,True
prose,end,0,depth,4,precision,300,1660,65515,,0.001495840647180035,0.0012017187623944334,0.0018059478132483927,0.006789852705487295,0.00645787892539953,0.007123626130249692,,,,-0.00529401205830726,-0.00566708301691182,-0.004915871054337596,1.0,0.006789852705487466,0.0002776884168515076,0.0062428451499656566,0.0073418301152407845,-19.064576471471533,0.22030531619207544,,,,,,0,grid_uncalibrated,True
prose,end,0,depth,4,recall,300,1660,65515,,0.05903614457831325,0.047840926386281776,0.07078039927404718,0.26797421686746997,0.26373046521461946,0.2722467403713735,,,,-0.20893807228915673,-0.21991196342245964,-0.19745708427384318,1.0,0.26797421686747,0.010959491945799297,0.2463855421686747,0.2897590361445783,-19.0645764714706,0.22030531619208094,,,,,0.0,0,grid_uncalibrated,True
prose,end,0,depth,4,f1,300,1660,65515,,0.002917752139933011,0.0023453207272844316,0.003521004872304397,0.01324412951246744,0.012609601074129414,0.013878726280554346,,,,-0.01032637737253443,-0.01104472369405135,-0.00959542379502419,1.0,0.013244129512467364,0.0005416525978422541,0.012177149237067362,0.014320803870487533,-19.06457647147058,0.22030531619208227,,,,,,0,grid_uncalibrated,True
prose,end,0,depth,5,precision,300,1511,65515,,0.0015721590475463634,0.001274064806871538,0.0018947593757944205,0.006226227581469895,0.005876530317355755,0.0065892782549595765,,,,-0.004654068533923531,-0.005050065753968693,-0.004250888621380131,1.0,0.006226227581470019,0.0002584315028654909,0.005723880027474624,0.006731282912310158,-18.00890557969636,0.2525058756646308,,,,,,0,grid_uncalibrated,True
prose,end,0,depth,5,recall,300,1511,65515,,0.06816677696889477,0.05533304269392664,0.08200078124999999,0.2699611515552615,0.2650691817362773,0.27490238172178955,,,,-0.20179437458636673,-0.21431926433508125,-0.18862545226212357,1.0,0.2699611515552615,0.011205254738737534,0.24818001323626737,0.29185969556585045,-18.008905579696115,0.25250587566463584,,,,,0.0,0,grid_uncalibrated,True
prose,end,0,depth,5,f1,300,1511,65515,,0.003073434189717423,0.0024913254999468946,0.003702776779936882,0.012171733357204671,0.011503252243946733,0.012866919904504477,,,,-0.009098299167487247,-0.009864768436335032,-0.008314603589622313,1.0,0.012171733357204671,0.000505211109427159,0.011189687583922657,0.013159072598693044,-18.00890557969615,0.25250587566463584,,,,,,0,grid_uncalibrated,True
prose,end,0,depth,6,precision,300,1521,65515,,0.0018316416087918797,0.0014949369621740805,0.002185557516449937,0.006233641150881476,0.005928418919006928,0.006543957896064597,,,,-0.0044019995420895965,-0.0047795476610763095,-0.004009734909941104,1.0,0.006233641150881556,0.0002609731437270837,0.005723880027474624,0.006731282912310158,-16.86763426773572,0.2938317372556568,,,,,,0,grid_uncalibrated,True
prose,end,0,depth,6,recall,300,1521,65515,,0.07889546351084813,0.06457745939441278,0.0942211487285119,0.2685055884286653,0.2637120143960052,0.273416766060544,,,,-0.18961012491781715,-0.20296025250951436,-0.1752667061804406,1.0,0.26850558842866584,0.011241062137593495,0.2465483234714004,0.28994082840236685,-16.867634267735642,0.29383173725566003,,,,,0.0,0,grid_uncalibrated,True
prose,end,0,depth,6,f1,300,1521,65515,,0.003580165881019154,0.002922140067607842,0.004273053928641655,0.01218440837758816,0.011599891574520769,0.012778547428281757,,,,-0.008604242496569006,-0.009334425974954616,-0.00784350577772982,1.0,0.01218440837758829,0.0005101036908908616,0.011188018378184856,0.013157109612745391,-16.867634267735657,0.2938317372556575,,,,,,0,grid_uncalibrated,True
prose,end,0,depth,7,precision,300,1177,65515,,0.0013279401663741127,0.0010550983038816052,0.0016232285430444917,0.004820920399908415,0.0045219044091224046,0.005129607950634959,,,,-0.003492980233534302,-0.0038359815004233378,-0.0031437513464158064,1.0,0.004820920399908342,0.00023257293014235423,0.00436541250095398,0.00528123330534992,-15.018859810538702,0.27545365951268563,,,,,,0,grid_uncalibrated,True
prose,end,0,depth,7,recall,300,1177,65515,,0.07391673746813934,0.05901639344262295,0.08976596007676868,0.26834545454545433,0.2631815153368894,0.27354551926424947,,,,-0.194428717077315,-0.2085834304155868,-0.1794108647706569,1.0,0.26834545454545355,0.012945637653590974,0.24299065420560748,0.2939677145284622,-15.018859810538716,0.27545365951268236,,,,,0.0,0,grid_uncalibrated,True
prose,end,0,depth,7,f1,300,1177,65515,,0.0026090085767408386,0.002073771148522,0.003188332268883018,0.009471678762070408,0.008892190266058024,0.010068475448961922,,,,-0.006862670185329569,-0.007529831938157022,-0.006182336375880463,1.0,0.009471678762070444,0.0004569368295530628,0.008576740838481377,0.010376057098302645,-15.018859810539002,0.2754536595126804,,,,,,0,grid_uncalibrated,True
prose,end,0,depth,8,precision,300,796,65515,,0.0007631840036632832,0.0005319667786812431,0.0010039924998964736,0.003250933374036481,0.003008851123002622,0.003497322365082859,,,,-0.002487749370373198,-0.0027705417308097288,-0.0022034102593162966,1.0,0.003250933374036546,0.0001897305045166043,0.0028848355338472105,0.0036174921773639624,-13.112015786346824,0.23475842653633652,,,,,,0,grid_uncalibrated,True
prose,end,0,depth,8,recall,300,796,65515,,0.06281407035175879,0.044529262086514,0.08208980333862316,0.26756896984924633,0.26219430732098015,0.272992348011451,,,,-0.20475489949748754,-0.22340966424886788,-0.18536128497296256,1.0,0.26756896984924655,0.015615821612318354,0.23743718592964824,0.29773869346733667,-13.112015786346413,0.23475842653634102,,,,,0.0,0,grid_uncalibrated,True
prose,end,0,depth,8,f1,300,796,65515,,0.0015080454223281206,0.0010518475060806562,0.0019830789513687755,0.006423818069400253,0.005951111554753171,0.006905013491242338,,,,-0.0049157726470721325,-0.005472104292100603,-0.004356702273272662,1.0,0.006423818069400348,0.00037490594330972284,0.005700411696400296,0.007148135301835291,-13.112015786346541,0.23475842653633774,,,,,,0,grid_uncalibrated,True
prose,end,0,depth,9,precision,300,567,65515,,0.0005952835228573609,0.000409060395922943,0.0007948730547960134,0.0023039853468671302,0.002078686416901053,0.0025314678587100682,,,,-0.0017087018240097692,-0.001959549505792517,-0.0014578504880741925,1.0,0.0023039853468671116,0.00016011887409999085,0.001984278409524536,0.0026100892925284285,-10.6714579003516,0.25837122778007643,,,,,,0,grid_uncalibrated,True
prose,end,0,depth,9,recall,300,567,65515,,0.06878306878306878,0.04786303630363037,0.0907261798088411,0.26621798941798946,0.26069738353978983,0.2717865888568476,,,,-0.19743492063492069,-0.2185085499521181,-0.17524796148335003,1.0,0.26621798941798996,0.01850121346853765,0.2292768959435626,0.30158730158730157,-10.671457900351799,0.2583712277800739,,,,,0.0,0,grid_uncalibrated,True
prose,end,0,depth,9,f1,300,567,65515,,0.0011803516842710572,0.0008112773360163676,0.0015760560747556376,0.0045684331588027,0.004124432554149218,0.005015218227537196,,,,-0.0033880814745316434,-0.0038845766228647652,-0.002892053251089535,1.0,0.004568433158802733,0.00031749002865109986,0.003934505614236857,0.005175388154111558,-10.67145790035173,0.2583712277800725,,,,,,0,grid_uncalibrated,True
prose,end,0,depth,10,precision,300,454,65515,,0.00032053728153857893,0.00019898060704391348,0.000457505505102448,0.0018546042890940997,0.0016566916132328515,0.0020546619770799362,,,,-0.0015340670075555207,-0.001734228390187019,-0.0013388373296637955,1.0,0.0018546042890941112,0.00014346106638158624,0.0015721590475463634,0.002136915210257193,-10.693263658553395,0.17283324719104723,,,,,,0,grid_uncalibrated,True
prose,end,0,depth,10,recall,300,454,65515,,0.046255506607929514,0.029197080291970802,0.06496074410362278,0.26763083700440515,0.26198450413549224,0.2734298153735633,,,,-0.22137533039647564,-0.23809869320556926,-0.20306166870294365,1.0,0.26763083700440293,0.02070231666076966,0.22687224669603523,0.30837004405286345,-10.69326365855343,0.17283324719104973,,,,,0.0,0,grid_uncalibrated,True
prose,end,0,depth,10,f1,300,454,65515,,0.0006366626748927527,0.0003953894580278041,0.0009084598050001785,0.0036836817292970926,0.003292964000968453,0.004078012125412119,,,,-0.00304701905440434,-0.0034430405880358436,-0.0026610591555571283,1.0,0.0036836817292970983,0.000284947528808669,0.003122678833997787,0.004244417832618351,-10.693263658553425,0.17283324719104803,,,,,,0,grid_uncalibrated,True
prose,end,0,depth,11,precision,300,307,65515,,0.00041211936197817293,0.000263547170472106,0.0005663735533320528,0.0012519514614973677,0.0010944356233261799,0.0014159006092640458,,,,-0.0008398320995191947,-0.0010170355518939473,-0.0006621170062409373,1.0,0.001251951461497346,0.00011755438417924628,0.0010226665649087994,0.0014805769671067694,-7.1442005790154255,0.32918158143709036,,,,,,0,grid_uncalibrated,True
prose,end,0,depth,11,recall,300,307,65515,,0.08794788273615635,0.05839345053821467,0.11904761904761904,0.26717133550488614,0.26086886440924995,0.2734287150910029,,,,-0.1792234527687298,-0.2089428458745874,-0.14817579862863878,1.0,0.26717133550488137,0.02508656507981484,0.2182410423452769,0.31596091205211724,-7.144200579015573,0.32918158143709053,,,,,0.0,0,grid_uncalibrated,True
prose,end,0,depth,11,f1,300,307,65515,,0.0008203943970101181,0.0005248621875108568,0.0011278039524960544,0.0024922244842150057,0.002179762433806849,0.002817024083858552,,,,-0.0016718300872048874,-0.0020242791031357754,-0.0013184498482834935,1.0,0.00249222448421499,0.000234012198945739,0.0020357935036917746,0.002947342833703017,-7.14420057901564,0.3291815814370867,,,,,,0,grid_uncalibrated,True
prose,end,0,depth,12,precision,300,189,65515,,0.00030527360146531327,0.0001672821891190861,0.00046023740605922114,0.0007791727085400293,0.0006496551283883744,0.000916679571551196,,,,-0.0004738991070747161,-0.0006347882688922184,-0.0003157551039700236,1.0,0.0007791727085400304,9.291275399184699e-05,0.0005952835228573609,0.0009616118446157369,-5.100474226781626,0.39179195847005166,,,,,,0,grid_uncalibrated,True
prose,end,0,depth,12,recall,300,189,65515,,0.10582010582010581,0.059782608695652176,0.15625,0.2700925925925927,0.2622459333248774,0.2781342947375768,,,,-0.1642724867724869,-0.20915390252976188,-0.1144365086025133,1.0,0.270092592592594,0.032207296707809176,0.20634920634920634,0.3333333333333333,-5.1004742267815875,0.3917919584700503,,,,,0.0,0,grid_uncalibrated,True
prose,end,0,depth,12,f1,300,189,65515,,0.0006087909411907951,0.00033375773665393047,0.0009176195587379136,0.0015538627785218562,0.001296128485764346,0.0018272124577989783,,,,-0.0009450718373310611,-0.0012653800575940762,-0.0006298966796369749,1.0,0.0015538627785218226,0.0001852909739978046,0.0011871423353220505,0.0019176914647510044,-5.100474226781414,0.39179195847006076,,,,,,0,grid_uncalibrated,True
prose,end,0,depth,13,precision,300,108,65515,,0.0001679004808059223,7.364250194480718e-05,0.00028213780059258356,0.000445378920857819,0.0003403517874875325,0.0005561274121034955,,,,-0.00027747844005189667,-0.0003791700064784274,-0.00017303924596090065,1.0,0.00044537892085782415,7.023362457505776e-05,0.00030527360146531327,0.0005800198427840952,-3.950791970808288,0.37698344699954994,,,,,,0,grid_uncalibrated,True
prose,end,0,depth,13,recall,300,108,65515,,0.10185185185185185,0.047619047619047616,0.16058720020855052,0.27017592592592604,0.26067412442396315,0.27977140377176013,,,,-0.16832407407407418,-0.22006604102465327,-0.11205177212121215,1.0,0.270175925925926,0.04260514735217587,0.18518518518518517,0.35185185185185186,-3.9507919708081407,0.3769834469995544,,,,,0.0,0,grid_uncalibrated,True
prose,end,0,depth,13,f1,300,108,65515,,0.0003352483123295186,0.00014705985112749574,0.0005632471478204096,0.0008892918641330026,0.0006798401016576554,0.0011099760005054786,,,,-0.000554043551803484,-0.0007569000606703962,-0.00034560869127296787,1.0,0.0008892918641330147,0.0001402360731461531,0.0006095423860536702,0.0011581305335019733,-3.950791970808221,0.37698344699954917,,,,,,0,grid_uncalibrated,True
prose,end,0,depth,14,precision,300,69,65515,,6.105472029306265e-05,1.4801509959625488e-05,0.00012554193914137172,0.00028214302068228634,0.00020800786765753066,0.00036145376634894196,,,,-0.00022108830038922368,-0.00030805089795678866,-0.0001367946666705555,1.0,0.00028214302068227376,5.6318065534917565e-05,0.00018316416087918797,0.00039685568190490726,-3.925708354668804,0.2163963515575225,,,,,,0,grid_uncalibrated,True
prose,end,0,depth,14,recall,300,69,65515,,0.057971014492753624,0.013157894736842105,0.11842105263157894,0.26789275362318826,0.258093777100271,0.27826119871794874,,,,-0.20992173913043463,-0.259167844761171,-0.1471853481945468,1.0,0.26789275362319626,0.053473595123478754,0.17391304347826086,0.37681159420289856,-3.925708354669273,0.2163963515575064,,,,,0.0,0,grid_uncalibrated,True
prose,end,0,depth,14,f1,300,69,65515,,0.00012198097096852891,2.9576250147116365e-05,0.0002508080723539582,0.000563692363991217,0.0004156849217449131,0.0007219444290164503,,,,-0.0004417113930226881,-0.0006152789947806561,-0.0002733432593242448,1.0,0.0005636923639911902,0.00011251762818737008,0.00036594291290558675,0.0007928763112954379,-3.925708354668666,0.21639635155752315,,,,,,0,grid_uncalibrated,True
prose,end,0,depth,15,precision,300,41,65515,,1.5263680073265663e-05,0.0,4.737181254089148e-05,0.0001671082958101198,0.00011029637776940354,0.00023184581982866806,,,,-0.00015184461573685413,-0.00022077964692744344,-8.882759198562637e-05,1.0,0.00016710829581011912,4.2767163120847334e-05,9.158208043959398e-05,0.00025948256124551627,-3.55049539544593,0.0913400498716676,,,,,,0,grid_uncalibrated,True
prose,end,0,depth,15,recall,300,41,65515,,0.024390243902439025,0.0,0.0851063829787234,0.26702682926829263,0.2548798,0.2790558720930233,,,,-0.2426365853658536,-0.27716127924340467,-0.17928436594202898,1.0,0.2670268292682935,0.06833879736249814,0.14634146341463414,0.4146341463414634,-3.550495395445819,0.09134004987166695,,,,,0.0,0,grid_uncalibrated,True
prose,end,0,depth,15,f1,300,41,65515,,3.050826774055769e-05,0.0,9.467601364153086e-05,0.0003340075660503996,0.00022050202369179074,0.00046329280325675627,,,,-0.0003034992983098419,-0.000441195017274248,-0.00017758535497456603,1.0,0.00033400756605040673,8.548083140710972e-05,0.00018304960644334616,0.0005186405515894807,-3.5504953954461187,0.09134004987166529,,,,,,0,grid_uncalibrated,True
prose,end,0,depth,16,precision,300,31,65515,,3.0527360146531325e-05,0.0,7.761618964301776e-05,0.0001224543997557811,6.953979853540603e-05,0.00018605713540717484,,,,-9.192703960924977e-05,-0.0001543340524828702,-3.784106210897084e-05,0.9988001199880012,0.00012245439975578257,3.671119003525148e-05,6.105472029306265e-05,0.00019842784095245363,-2.504060465514177,0.24929573953580836,,,,,,0,grid_uncalibrated,True
prose,end,0,depth,16,recall,300,31,65515,,0.06451612903225806,0.0,0.16666666666666666,0.25879354838709673,0.23832961805555558,0.2833443285714286,,,,-0.19427741935483867,-0.27369066468253966,-0.10129587164750961,0.9988001199880012,0.25879354838710605,0.07758495532772917,0.12903225806451613,0.41935483870967744,-2.5040604655141494,0.2492957395358024,,,,,0.0,0,grid_uncalibrated,True
prose,end,0,depth,16,f1,300,31,65515,,6.102584444512251e-05,0.0,0.0001551035076319971,0.0002447929698227199,0.00013904462948142706,0.0003718326985736555,,,,-0.00018376712537759737,-0.00030844929001441746,-7.566229545232934e-05,0.9988001199880012,0.00024479296982273435,7.338765493423294e-05,0.00012205168889024502,0.0003966679888932963,-2.5040604655142142,0.24929573953579665,,,,,,0,grid_uncalibrated,True
prose,end,0,depth,17,precision,300,17,65515,,1.5263680073265663e-05,0.0,4.722046568772345e-05,7.051667557048004e-05,3.697385679520989e-05,0.00010936656487709338,,,,-5.525299549721437e-05,-9.264953767572947e-05,-2.2282322341560007e-05,0.9964003599640036,7.051667557047974e-05,2.7766286683412725e-05,1.5263680073265663e-05,0.0001221094405861253,-1.9899310313691174,0.2164549016212481,,,,,,0,grid_uncalibrated,True
prose,end,0,depth,17,recall,300,17,65515,,0.058823529411764705,0.0,0.17647058823529413,0.2717588235294117,0.2606576140350877,0.2831448930921053,,,,-0.212935294117647,-0.2786667857142857,-0.10128261363636362,0.9964003599640036,0.2717588235294019,0.10700636894493061,0.058823529411764705,0.47058823529411764,-1.9899310313689968,0.21645490162125508,,,,,0.0,0,grid_uncalibrated,True
prose,end,0,depth,17,f1,300,17,65515,,3.051944088384301e-05,0.0,9.440240923152265e-05,0.00014099676493926628,7.393773684225916e-05,0.00021864600330249025,,,,-0.00011047732405542328,-0.00018523355167087202,-4.455602888118672e-05,0.9964003599640036,0.00014099676493924728,5.551816737055672e-05,3.051944088384301e-05,0.00024415552707074406,-1.9899310313689205,0.21645490162127642,,,,,,0,grid_uncalibrated,True
prose,end,0,depth,18,precision,300,11,65515,,0.0,0.0,0.0,4.5722353659467306e-05,2.1062177563833316e-05,7.405089293642924e-05,,,,-4.5722353659467306e-05,-7.405089293642925e-05,-2.1062177563833316e-05,1.0,4.572235365946199e-05,2.2453159461216523e-05,0.0,9.158208043959398e-05,-2.036343871268473,0.0,,,,,,0,grid_uncalibrated,True
prose,end,0,depth,18,recall,300,11,65515,,0.0,0.0,0.0,0.2723181818181819,0.2558464090909091,0.29058607142857146,,,,-0.2723181818181819,-0.29058607142857146,-0.2558464090909091,1.0,0.27231818181818074,0.13372897655468818,0.0,0.5454545454545454,-2.0363438712687434,0.0,,,,,0.0,0,grid_uncalibrated,True
prose,end,0,depth,18,f1,300,11,65515,,0.0,0.0,0.0,9.14293562860544e-05,4.2121065606103475e-05,0.00014806187957224816,,,,-9.14293562860544e-05,-0.00014806187957224816,-4.212106560610348e-05,1.0,9.142935628606087e-05,4.48987803956151e-05,0.0,0.0001831334126911455,-2.0363438712689406,0.0,,,,,,0,grid_uncalibrated,True
prose,end,0,depth,19,precision,300,5,65515,,0.0,0.0,0.0,2.14882088071434e-05,4.527399460990915e-06,4.20328766486421e-05,,,,-2.14882088071434e-05,-4.20328766486421e-05,-4.527399460990916e-06,1.0,2.1488208807141213e-05,1.518562151225129e-05,0.0,4.579104021979699e-05,-1.4150365060662937,0.0,,,,,,0,grid_uncalibrated,True
prose,end,0,depth,19,recall,300,5,65515,,0.0,0.0,0.0,0.28156,0.2581,0.30365,,,,-0.28156,-0.30365,-0.2581,1.0,0.28156000000000203,0.19897719867503616,0.0,0.6,-1.4150365060663948,0.0,,,,,0.0,0,grid_uncalibrated,True
prose,end,0,depth,19,f1,300,5,65515,,0.0,0.0,0.0,4.297313797313797e-05,9.354859363675995e-06,8.410537646502431e-05,,,,-4.297313797313797e-05,-8.410537646502434e-05,-9.354859363675997e-06,1.0,4.297313797313783e-05,3.0368925316701216e-05,0.0,9.157509157509158e-05,-1.4150365060664494,0.0,,,,,,0,grid_uncalibrated,True
prose,end,0,depth,20,precision,300,2,65515,,0.0,0.0,0.0,7.115927650156453e-06,0.0,2.1888368694177115e-05,,,,-7.115927650156453e-06,-2.1888368694177115e-05,0.0,1.0,7.115927650155939e-06,9.133924014311045e-06,0.0,3.0527360146531325e-05,-0.779065781476471,0.0,,,,,,0,grid_uncalibrated,True
prose,end,0,depth,20,recall,300,2,65515,,0.0,0.0,0.0,0.2331,0.2331,0.2331,,,,-0.2331,-0.2331,-0.2331,1.0,0.2331,0.2992045158987846,0.0,1.0,-0.7790657814765518,0.0,,,,,0.0,0,grid_uncalibrated,True
prose,end,0,depth,20,f1,300,2,65515,,0.0,0.0,0.0,1.423142085260314e-05,1.3628032508818524e-05,5.5244824717694644e-05,,,,-1.423142085260314e-05,-5.524482471769465e-05,-1.3628032508818524e-05,1.0,1.4231420852604085e-05,1.826729037646996e-05,0.0,6.105285651052399e-05,-0.7790657814765749,0.0,,,,,,0,grid_uncalibrated,True
prose,end,0,depth,21,precision,300,1,65515,,0.0,0.0,0.0,5.033961688163016e-06,0.0,1.572829819126246e-05,,,,-5.033961688163016e-06,-1.5728298191262463e-05,0.0,1.0,5.033961688162736e-06,7.176430905914464e-06,0.0,1.5263680073265663e-05,-0.7014575565709119,0.0,,,,,,0,grid_uncalibrated,True
prose,end,0,depth,21,recall,300,1,65515,,0.0,0.0,0.0,0.3298,0.3298,0.3298,,,,-0.3298,-0.3298,-0.3298,1.0,0.3298,0.4701638708009757,0.0,1.0,-0.7014575565709664,0.0,,,,,0.0,0,grid_uncalibrated,True
prose,end,0,depth,21,f1,300,1,65515,,0.0,0.0,0.0,1.0067769705110202e-05,9.640033330365224e-06,3.9696081218941777e-05,,,,-1.0067769705110202e-05,-3.969608121894177e-05,-9.640033330365224e-06,1.0,1.0067769705110989e-05,1.4352642737680096e-05,0.0,3.0526894193784724e-05,-0.7014575565710975,0.0,,,,,,0,grid_uncalibrated,True
prose,end,0,depth,22,precision,300,2,65515,,0.0,0.0,0.0,7.195298786537435e-06,0.0,1.8105372920455082e-05,,,,-7.195298786537435e-06,-1.8105372920455082e-05,0.0,1.0,7.1952987865369105e-06,9.068955581917621e-06,0.0,3.0527360146531325e-05,-0.7933988342476226,0.0,,,,,,0,grid_uncalibrated,True
prose,end,0,depth,22,recall,300,2,65515,,0.0,0.0,0.0,0.23570000000000002,0.228,0.2434,,,,-0.23570000000000002,-0.2434,-0.228,1.0,0.2357,0.2970763124746561,0.0,1.0,-0.7933988342477081,0.0,,,,,0.0,0,grid_uncalibrated,True
prose,end,0,depth,22,f1,300,2,65515,,0.0,0.0,0.0,1.4390158279530505e-05,6.811449814193283e-06,3.661558482071807e-05,,,,-1.4390158279530505e-05,-3.661558482071807e-05,-6.811449814193283e-06,1.0,1.4390158279531472e-05,1.813735747819162e-05,0.0,6.105285651052399e-05,-0.7933988342477242,0.0,,,,,,0,grid_uncalibrated,True
prose,end,0,category,clause_level,precision,300,2524,65515,,0.0017553232084255514,0.0014472638661954668,0.0020579023288481127,0.010569065099595517,0.010218360679018185,0.010927236129227118,,,,-0.008813741891169966,-0.009232348624906194,-0.00839372695003527,1.0,0.010569065099595317,0.00033772925504800744,0.009921392047622681,0.011234068533923528,-26.097063726140377,0.16608121833716036,,,,,,0,grid_uncalibrated,True
prose,end,0,category,clause_level,recall,300,2524,65515,,0.04556259904912837,0.03748004737393881,0.053614194744219024,0.27433926307448503,0.2699229531972198,0.2788149282626011,,,,-0.22877666402535665,-0.236601598681578,-0.22113438347301698,1.0,0.2743392630744875,0.008766375651533365,0.25752773375594296,0.29160063391442154,-26.097063726141236,0.16608121833715575,,,,,0.0,0,grid_uncalibrated,True
prose,end,0,category,clause_level,f1,300,2524,65515,,0.003380414174223607,0.00278620656253853,0.003961957175656301,0.02035398227487177,0.019704492758692415,0.021019453792609687,,,,-0.016973568100648165,-0.01776356972289551,-0.016179531596468077,1.0,0.020353982274871802,0.0006504014504760599,0.019106688810829085,0.021634650715031085,-26.09706372614088,0.16608121833715697,,,,,,0,grid_uncalibrated,True
prose,end,0,category,phrase_level,precision,300,13781,65515,,0.014546287109822179,0.013448368274150161,0.015682831369415978,0.05627030756315348,0.05544342687230891,0.05710989445254125,,,,-0.041724020453331304,-0.04294652617227425,-0.040449700746640824,1.0,0.05627030756315462,0.0007642562386660009,0.054766084102877206,0.05778867434938563,-54.59428178978449,0.25850733254827596,,,,,,0,grid_uncalibrated,True
prose,end,0,category,phrase_level,recall,300,13781,65515,,0.06915318191713228,0.0634906353068754,0.07509378272169016,0.26750955663594805,0.2632341418607113,0.2718041045296904,,,,-0.1983563747188158,-0.20304946491387735,-0.1934953929264323,1.0,0.2675095566359485,0.003633281146230561,0.26035846455264494,0.27472788622015815,-54.594281789782784,0.25850733254828073,,,,,0.0,0,grid_uncalibrated,True
prose,end,0,category,phrase_level,f1,300,13781,65515,,0.024036521388216305,0.022201086737825823,0.025947364353445135,0.0929819713478612,0.09169874901125473,0.0942596222221383,,,,-0.06894544995964488,-0.07085306272455721,-0.06696831901734164,1.0,0.09298197134786086,0.0012628694379591006,0.09049636803874092,0.09549094531880548,-54.59428178978342,0.25850733254828206,,,,,,0,grid_uncalibrated,True
prose,end,0,category,structural_other,precision,300,18,65515,,7.631840036632832e-05,1.5356005965684845e-05,0.0001500695968355504,7.688620926505378e-05,4.272425455739541e-05,0.00011697361898353407,,,,-5.67808898725464e-07,-5.1855560311537874e-05,5.6970287390279955e-05,0.593040695930407,7.688620926505421e-05,2.903382251354404e-05,3.0527360146531325e-05,0.00013737312065939097,-0.01955680821776118,0.9926149448106037,,,,,,0,grid_uncalibrated,True
prose,end,0,category,structural_other,recall,300,18,65515,,0.2777777777777778,0.07692307692307693,0.5,0.27984444444444434,0.26012089285714285,0.301768,,,,-0.00206666666666655,-0.20311347619047618,0.2084735049019607,0.593040695930407,0.279844444444442,0.1056750489986022,0.1111111111111111,0.5,-0.019556808217723706,0.9926149448106177,,,,,0.0,0,grid_uncalibrated,True
prose,end,0,category,structural_other,f1,300,18,65515,,0.00015259487586406848,3.0705882175140905e-05,0.0003000089673933533,0.00015373018174049712,8.5435376312797e-05,0.00023384962940857683,,,,-1.1353058764286322e-06,-0.00010368075732664494,0.00011390033508483609,0.593040695930407,0.00015373018174048508,5.805169554193638e-05,6.10379503456274e-05,0.00027467077655532327,-0.019556808217538725,0.992614944810687,,,,,,0,grid_uncalibrated,True
prose,start,1,all,all,precision,300,25185,65515,,0.4550255666641227,0.4480126697454392,0.46182684246513855,0.30596804853850257,0.3021596234973717,0.3098167719534153,,,,0.14905751812562013,0.14412815127135234,0.15395536405154003,9.999000099990002e-05,0.3059680485385026,0.0016469205796347708,0.30270930321300465,0.30913569411585134,90.50680401278112,1.4871669405926968,,,,,,0,grid_uncalibrated,True
prose,start,1,all,all,recall,300,25185,65515,,0.8967639467937264,0.8923936262248531,0.9011477610828806,0.5806306571371849,0.5752393143752497,0.5861385484198177,,,,0.3161332896565415,0.3110928439757947,0.3210110230610612,9.999000099990002e-05,0.5806306571371848,0.002698921870428943,0.5752630534048044,0.5859043081199127,117.13317570259942,1.5444653770354555,,,,,0.0,0,grid_uncalibrated,True
prose,start,1,all,all,f1,300,25185,65515,,0.6037190242880135,0.5974524325872714,0.6097049952837718,0.40075499309577783,0.3970085292545376,0.4046056209455881,,,,0.20296403119223566,0.19758407911858278,0.2081681612779914,9.999000099990002e-05,0.40075412958332546,0.0019745181353670476,0.3968439881940763,0.40458695363700486,102.79211472877074,1.5064574004907096,,,,,,0,grid_uncalibrated,True
prose,start,1,depth,1,precision,300,1478,65515,,0.03193161871327177,0.030762004389120384,0.03311736139138926,0.018038785011066174,0.01746751602400669,0.018616451522797388,,,,0.013892833702205596,0.013048463747089383,0.014726126082921231,9.999000099990002e-05,0.018038785011065858,0.0004710726607817668,0.017125849042204076,0.018972754331069222,29.49191251971641,1.7701646033080043,,,,,,0,grid_uncalibrated,True
prose,start,1,depth,1,recall,300,1478,65515,,0.9979702300405954,0.9945242046637225,1.0,0.5817225981055476,0.5762005089069033,0.5872211101199931,,,,0.41624763193504777,0.40939185666535205,0.42257402037368985,9.999000099990002e-05,0.581722598105547,0.01273071632563925,0.5561569688768606,0.6069012178619756,32.69632448699993,1.715543170044642,,,,,0.0,0,grid_uncalibrated,True
prose,start,1,depth,1,f1,300,1478,65515,,0.061883188017207165,0.05968356940060076,0.06410887465069821,0.03499247927159232,0.03391382620270519,0.036080508709092976,,,,0.026890708745614847,0.025299483034234634,0.028455525174140864,9.999000099990002e-05,0.0349922693589328,0.0009056627744368723,0.03324624611579141,0.03678395815735658,29.691977430556026,1.7684817004133422,,,,,,0,grid_uncalibrated,True
prose,start,1,depth,2,precision,300,2411,65515,,0.04798901015034725,0.046169140290118725,0.04983771237419553,0.029455845226284038,0.028511939153647445,0.03039743139640443,,,,0.01853316492406321,0.01742894076492882,0.019681574829765815,9.999000099990002e-05,0.029455845226283958,0.0005995816946771439,0.028283599175761277,0.030634587499046014,30.910158012817288,1.6291846247048387,,,,,,0,grid_uncalibrated,True
prose,start,1,depth,2,recall,300,2411,65515,,0.9825798423890502,0.9762323753454173,0.9882205697791386,0.5822931563666527,0.5770185559101215,0.5876752276556058,,,,0.4002866860223975,0.39250981115141237,0.4076870521995692,9.999000099990002e-05,0.5822931563666534,0.009956493510653867,0.5628369970966404,0.6018249688925756,40.20358026589112,1.6874315482601134,,,,,0.0,0,grid_uncalibrated,True
prose,start,1,depth,2,f1,300,2411,65515,,0.09150875055799752,0.08818410289672472,0.09486639386260483,0.05607507996122103,0.05435399757948375,0.057784049676335665,,,,0.03543367059677649,0.03340379099539998,0.03753478392724112,9.999000099990002e-05,0.0560747631526059,0.001125436629301275,0.05387939631104708,0.05830296460076404,31.48465802769432,1.6319061448188201,,,,,,0,grid_uncalibrated,True
prose,start,1,depth,3,precision,300,3547,65515,,0.06532855071357704,0.06316000462039273,0.06748777263139852,0.04314562619247499,0.04186635455691403,0.044374168610704985,,,,0.022182924521102057,0.02084030340175504,0.023522963677518608,9.999000099990002e-05,0.04314562619247425,0.0007147509227446555,0.04173090132030833,0.044554682133862475,31.03588091347961,1.514140747943811,,,,,,0,grid_uncalibrated,True
prose,start,1,depth,3,recall,300,3547,65515,,0.9185226952354102,0.908400844308531,0.9282957498112463,0.5800674372709335,0.5746165933771525,0.5856582866138248,,,,0.33845525796447673,0.32806008642811096,0.34847965555587657,9.999000099990002e-05,0.5800674372709356,0.008109171775877727,0.5641387087679729,0.5959966168593177,41.7373398071643,1.5834757068192233,,,,,0.0,0,grid_uncalibrated,True
prose,start,1,depth,3,f1,300,3547,65515,,0.12198135993491291,0.11817783891067994,0.125784726226061,0.08031722787013786,0.07810089050080858,0.08245586540596975,,,,0.04166413206477505,0.03926248084152906,0.0440568910653647,9.999000099990002e-05,0.08031679520526429,0.0013039453688019813,0.07775562153715543,0.08287737094073869,31.95269198120512,1.518752829008767,,,,,,0,grid_uncalibrated,True
prose,start,1,depth,4,precision,300,3827,65515,,0.06661069983973136,0.06423217026156332,0.06901133157221669,0.04667956803785387,0.04537199224725624,0.04801701896709127,,,,0.019931131801877493,0.018367601501628444,0.021503095530162268,9.999000099990002e-05,0.046679568037853905,0.0007479776279756396,0.04522628405708616,0.04812638327100664,26.646695110146506,1.4269776401040106,,,,,,0,grid_uncalibrated,True
prose,start,1,depth,4,recall,300,3827,65515,,0.8714397700548733,0.8601004385469215,0.8825215276235086,0.5808892605173763,0.5756511578845634,0.5862735642412424,,,,0.29055050953749695,0.27910899518779325,0.30194852141553447,9.999000099990002e-05,0.580889260517379,0.007832707400977435,0.5657172720146328,0.5962895218186569,37.09451849321434,1.5001822710213484,,,,,0.0,0,grid_uncalibrated,True
prose,start,1,depth,4,f1,300,3827,65515,,0.12376138558525879,0.11960778455693016,0.12794738374259934,0.08641493498395812,0.08415961934260817,0.0887088613561953,,,,0.037346450601300665,0.03455110502234453,0.04016073771025204,9.999000099990002e-05,0.08641448078970532,0.0013551609832358207,0.08376845633711308,0.08906130009136119,27.559017162948003,1.4321834078531275,,,,,,0,grid_uncalibrated,True
prose,start,1,depth,5,precision,300,3346,65515,,0.058322521559948104,0.05637884944908049,0.060309425856258564,0.040872484163931896,0.039708341049940206,0.042090624570663135,,,,0.017450037396016208,0.016264906419370465,0.01864226841667509,9.999000099990002e-05,0.04087248416393115,0.0006933343020285541,0.03948675875753644,0.04221933908265283,25.168288003293252,1.4269385077263335,,,,,,0,grid_uncalibrated,True
prose,start,1,depth,5,recall,300,3346,65515,,0.8747758517632994,0.8630380691659207,0.8862241165778426,0.581850418410042,0.5763814115134811,0.587421362309789,,,,0.2929254333532574,0.28117332697563874,0.3041404929419255,9.999000099990002e-05,0.5818504184100363,0.008322330360828916,0.5654512851165571,0.5980274955170353,35.197525290751294,1.5034376947836712,,,,,0.0,0,grid_uncalibrated,True
prose,start,1,depth,5,f1,300,3346,65515,,0.10935424373934205,0.10590208936367607,0.11286627845352609,0.07637962860830075,0.07433146956543212,0.07849789578929658,,,,0.0329746151310413,0.03083393035344537,0.03512613715912868,9.999000099990002e-05,0.07637921684266367,0.0012709887370458653,0.07381628027342008,0.07885235302988527,25.94438954142237,1.431727742961869,,,,,,0,grid_uncalibrated,True
prose,start,1,depth,6,precision,300,2807,65515,,0.049973288559871785,0.04803546604507892,0.05196305586215008,0.0342454582919942,0.03318745325094607,0.035323190999565546,,,,0.015727830267877586,0.014516798002691464,0.016983566343868023,9.999000099990002e-05,0.0342454582919945,0.0006495422018181246,0.0329848126383271,0.03550331985041594,24.213715789141546,1.459267624155404,,,,,,0,grid_uncalibrated,True
prose,start,1,depth,6,recall,300,2807,65515,,0.8785179907374421,0.8662113052366067,0.8907911131418281,0.5811864980406124,0.5755750492007381,0.5868528224494258,,,,0.2973314926968297,0.285079170641272,0.3093453323689621,9.999000099990002e-05,0.5811864980406155,0.009229301821131145,0.5632347702173138,0.5992162451015319,32.21603307154447,1.5115939439392274,,,,,0.0,0,grid_uncalibrated,True
prose,start,1,depth,6,f1,300,2807,65515,,0.09456724911705473,0.09105727449980405,0.09817483280592149,0.06467976767772358,0.06278617649352462,0.06661205411560343,,,,0.02988748143933115,0.02766413160450381,0.03218339296358424,9.999000099990002e-05,0.06467940131013142,0.001206774457579881,0.0623442272631876,0.06702591474948681,24.766722248051,1.462092214855453,,,,,,0,grid_uncalibrated,True
prose,start,1,depth,7,precision,300,2256,65515,,0.040021369152102575,0.03821536325976517,0.04179316946383672,0.027463126001679012,0.026465769614060518,0.028451905743364314,,,,0.012558243150423563,0.011437071267373753,0.013717129021802124,9.999000099990002e-05,0.02746312600167969,0.0005685420218453734,0.0263603754865298,0.028604136457299856,22.08850475055713,1.457276536897322,,,,,,0,grid_uncalibrated,True
prose,start,1,depth,7,recall,300,2256,65515,,0.8781028368794326,0.8637143240844545,0.8920928478378796,0.5802500886524824,0.5745293675698122,0.5860158810067293,,,,0.2978527482269502,0.28297424765436346,0.3122366660973449,9.999000099990002e-05,0.580250088652484,0.010123389610520244,0.5602836879432624,0.600177304964539,29.42223501083269,1.5133178849117501,,,,,0.0,0,grid_uncalibrated,True
prose,start,1,depth,7,f1,300,2256,65515,,0.076553646135005,0.07322053178292003,0.07981729427825777,0.052444083534425485,0.05062711869872029,0.05424392118597161,,,,0.02410956260057951,0.02201224284930526,0.026272646642024826,9.999000099990002e-05,0.052443787933607766,0.001071342313961774,0.05037129717806108,0.054579893352499596,22.504346077996395,1.4597276274536,,,,,,0,grid_uncalibrated,True
prose,start,1,depth,8,precision,300,1684,65515,,0.029092574219644358,0.027490122829418432,0.0306941339082002,0.020414363122948937,0.019441221277986462,0.0214017624856274,,,,0.00867821109669542,0.007750687503541776,0.0096416447298766,9.999000099990002e-05,0.020414363122948483,0.0005036736615198593,0.01943066473326719,0.021384415782645196,17.22982907327129,1.425103200351149,,,,,,0,grid_uncalibrated,True
prose,start,1,depth,8,recall,300,1684,65515,,0.8580760095011877,0.8411549599987695,0.8747805734347571,0.5788859263657959,0.5728017095545945,0.5850576310670228,,,,0.27919008313539173,0.2623744923673909,0.29616273724248227,9.999000099990002e-05,0.5788859263657989,0.01193332473992145,0.5552256532066508,0.6021377672209026,23.395833870287053,1.482288600256915,,,,,0.0,0,grid_uncalibrated,True
prose,start,1,depth,8,f1,300,1684,65515,,0.05627710550301664,0.05324921078800284,0.059272128778517744,0.03943795027256692,0.037621701766439065,0.041278339858639074,,,,0.016839155230449723,0.015071984755143408,0.018672937754457188,9.999000099990002e-05,0.03943771523036544,0.0009632111106489764,0.037549966454277,0.041306206758939826,17.48255401799242,1.426986963476159,,,,,,0,grid_uncalibrated,True
prose,start,1,depth,9,precision,300,1195,65515,,0.02074334121956804,0.019303407144950203,0.022196423534331558,0.014466505380447216,0.013547051432196373,0.01536992747968888,,,,0.006276835839120823,0.0054967274546765905,0.007082945882080368,9.999000099990002e-05,0.014466505380447341,0.00042124687045971127,0.013630466305426239,0.015294207433412196,14.90061120755798,1.4338874990226977,,,,,,0,grid_uncalibrated,True
prose,start,1,depth,9,recall,300,1195,65515,,0.8711297071129707,0.8522119782946664,0.8895706876368444,0.5779430962343096,0.5713221338593576,0.584584665926873,,,,0.29318661087866105,0.2737681723512692,0.3120393035422313,9.999000099990002e-05,0.5779430962343047,0.014170665731249435,0.5497907949790795,0.605857740585774,20.68968504649185,1.5072932141398998,,,,,0.0,0,grid_uncalibrated,True
prose,start,1,depth,9,f1,300,1195,65515,,0.04052177783582756,0.03776079169119045,0.04329340575039504,0.02822647333357366,0.026475959778767984,0.02994152657487173,,,,0.012295304502253902,0.010794160668113674,0.01385058854238156,9.999000099990002e-05,0.028226300179503425,0.0008159987464771068,0.026614766965370778,0.029824971704071487,15.068010471103207,1.4356035887853456,,,,,,0,grid_uncalibrated,True
prose,start,1,depth,10,precision,300,871,65515,,0.015431580554071588,0.014035634325945826,0.016843914180150146,0.010550953216820577,0.009703445744147195,0.011405467190685201,,,,0.00488062733725101,0.004152341783114323,0.005630754801316619,9.999000099990002e-05,0.010550953216820374,0.0003615007992540343,0.009845073647256354,0.011249332213996795,13.501013959920714,1.4625769100625428,,,,,,0,grid_uncalibrated,True
prose,start,1,depth,10,recall,300,871,65515,,0.8714121699196326,0.8493626882966396,0.893334878331402,0.5787817451205515,0.5720585878191911,0.5856532235097265,,,,0.2926304247990811,0.2707448593470898,0.31468908294076026,9.999000099990002e-05,0.57878174512055,0.01668241627835597,0.5453501722158438,0.6107921928817451,17.541249415934182,1.5055971914562245,,,,,0.0,0,grid_uncalibrated,True
prose,start,1,depth,10,f1,300,871,65515,,0.03032612472880442,0.027620496414503058,0.03305168652559741,0.020724114350841063,0.019089236341908542,0.022370527239778854,,,,0.009602010377963356,0.008186842896724935,0.011052486686899796,9.999000099990002e-05,0.0207239866461534,0.0007063267661940695,0.019342427257253058,0.022094027050873388,13.59447006997997,1.4633345044368324,,,,,,0,grid_uncalibrated,True
prose,start,1,depth,11,precision,300,650,65515,,0.011295123254216591,0.01019352186634575,0.012418884642042459,0.007879493245821568,0.007157331261355918,0.008625711600042262,,,,0.0034156300083950236,0.0028809754401016205,0.00397170590947967,9.999000099990002e-05,0.007879493245821599,0.0003113917908730832,0.007280775394947722,0.008486606120735709,10.968914751471825,1.43348346166884,,,,,,0,grid_uncalibrated,True
prose,start,1,depth,11,recall,300,650,65515,,0.8676923076923077,0.8412942989214176,0.8932511698947094,0.5792769230769227,0.5721792335550628,0.5864478144264512,,,,0.28841538461538496,0.2620792088541046,0.3144634197751757,9.999000099990002e-05,0.579276923076931,0.019260910165312162,0.5415384615384615,0.6169230769230769,14.974130616880029,1.497888614453011,,,,,0.0,0,grid_uncalibrated,True
prose,start,1,depth,11,f1,300,650,65515,,0.02229995837725806,0.020149466143823864,0.02449195203144696,0.01554750480776822,0.014139154933124093,0.01699792554824862,,,,0.006752453569489839,0.005703310219362561,0.00783956404778207,9.999000099990002e-05,0.015547409108367095,0.0006120037515485335,0.014367284415433536,0.016741193253918384,11.033509601542809,1.4343199064117358,,,,,,0,grid_uncalibrated,True
prose,start,1,depth,12,precision,300,411,65515,,0.0072044569945813935,0.0062637280933489905,0.008178890647974712,0.00500716782416241,0.004422435052651492,0.0056156096682626775,,,,0.0021972891704189835,0.0016996155247588484,0.0027144910494912864,9.999000099990002e-05,0.005007167824162303,0.0002500503169340908,0.004518049301686636,0.005494924826375639,8.787388063972179,1.4388287446280463,,,,,,0,grid_uncalibrated,True
prose,start,1,depth,12,recall,300,411,65515,,0.8564476885644768,0.8192488262910798,0.8921348314606742,0.5808944038929439,0.572693623408343,0.5891745714490982,,,,0.27555328467153295,0.23756348994467374,0.3118040575074004,9.999000099990002e-05,0.5808944038929449,0.024227787549201275,0.5328467153284672,0.6277372262773723,11.373439861644163,1.4743603705335655,,,,,0.0,0,grid_uncalibrated,True
prose,start,1,depth,12,f1,300,411,65515,,0.014288716984260602,0.012434984554742375,0.016206164508980755,0.009928752230120803,0.008777234979458558,0.011123426306821078,,,,0.004359964754139798,0.0033770143853510404,0.00538015200388191,9.999000099990002e-05,0.009928689257360143,0.0004945504736648775,0.00896309175373916,0.010894116476497491,8.816143061375262,1.4391342717940707,,,,,,0,grid_uncalibrated,True
prose,start,1,depth,13,precision,300,260,65515,,0.004685949782492559,0.003909522125568129,0.005505781302719178,0.003185823093947952,0.0026980382739595936,0.0037024360245810368,,,,0.0015001266885446068,0.001141039332049665,0.001882515812315734,9.999000099990002e-05,0.003185823093948012,0.00019628136357854954,0.002808517133480882,0.0035717011371441654,7.64273622923051,1.4708757028581658,,,,,,0,grid_uncalibrated,True
prose,start,1,depth,13,recall,300,260,65515,,0.8961538461538462,0.8593735147338403,0.9305019305019305,0.5827042307692307,0.5736143118462476,0.5920591705758653,,,,0.31344961538461547,0.2758310143433728,0.3485469548143615,9.999000099990002e-05,0.5827042307692203,0.03030578846273004,0.5230769230769231,0.6423076923076924,10.342895904856764,1.5379223263418649,,,,,0.0,0,grid_uncalibrated,True
prose,start,1,depth,13,f1,300,260,65515,,0.009323149220111158,0.007785283865150689,0.010945916630644256,0.00633699986229604,0.005371341487978175,0.007358260619993167,,,,0.0029861493578151174,0.002273610532875387,0.0037443502817123327,9.999000099990002e-05,0.006336959844943387,0.00038979633058878425,0.005587680274839763,0.007103180846436471,7.66089657811082,1.4712337537613747,,,,,,0,grid_uncalibrated,True
prose,start,1,depth,14,precision,300,150,65515,,0.002411661451575975,0.0018923264641827011,0.002975615129314865,0.001813360299168129,0.0014678364298482602,0.0021829987090053885,,,,0.0005983011524078458,0.00035588411103618616,0.0008555137849659736,9.999000099990002e-05,0.001813360299168142,0.00014763424786998162,0.0015263680073265664,0.0021063878501106615,4.052590513650626,1.3299405819584207,,,,,,0,grid_uncalibrated,True
prose,start,1,depth,14,recall,300,150,65515,,0.8333333333333334,0.7724849480021894,0.889571548083818,0.5787853333333332,0.5689786584991403,0.5891085165108191,,,,0.2545480000000002,0.19394253402603334,0.3094203646940704,9.999000099990002e-05,0.5787853333333424,0.03972122475191045,0.5,0.6533333333333333,6.408362319889146,1.4397969080073216,,,,,0.0,0,grid_uncalibrated,True
prose,start,1,depth,14,f1,300,150,65515,,0.004809404516578748,0.003775693981210992,0.0059313821675757135,0.0036153934093134028,0.0029282405631209075,0.004349560220154582,,,,0.0011940111072653455,0.0007111696689044497,0.0017056150367354846,9.999000099990002e-05,0.003615370748822497,0.00029407218314671994,0.0030435670605950173,0.004198810977440599,4.0603424471484875,1.330265925879148,,,,,,0,grid_uncalibrated,True
prose,start,1,depth,15,precision,300,119,65515,,0.002136915210257193,0.0016114146659298605,0.0027169276174521264,0.0014357887506677857,0.0011114153013211138,0.0017792629161920005,,,,0.0007011264595894072,0.00044865776497539394,0.0009952717047926017,9.999000099990002e-05,0.0014357887506677863,0.00013377208379707146,0.001175303365641456,0.0016942684881324887,5.241201599677522,1.4883214604260635,,,,,,0,grid_uncalibrated,True
prose,start,1,depth,15,recall,300,119,65515,,0.8991596638655462,0.8421052631578947,0.9484555033353547,0.5767218487394957,0.5661689549180327,0.5877796922826442,,,,0.3224378151260505,0.26514379419191914,0.37254280399274053,9.999000099990002e-05,0.5767218487394994,0.04474358759841626,0.48739495798319327,0.6638655462184874,7.206346929977958,1.559087220001768,,,,,0.0,0,grid_uncalibrated,True
prose,start,1,depth,15,f1,300,119,65515,,0.004263697448256772,0.003216948262549981,0.0054169246251718275,0.002864446265136761,0.0022184889271212815,0.0035474579440325418,,,,0.0013992511831200111,0.0008960671774093944,0.0019846223400489774,9.999000099990002e-05,0.0028644274489515367,0.00026667546770773654,0.0023451401665404844,0.0033800211936799458,5.247089322962276,1.488499019173067,,,,,,0,grid_uncalibrated,True
prose,start,1,depth,16,precision,300,76,65515,,0.0012516217660077844,0.0008447561784317417,0.0017267199388390569,0.000908900251850721,0.0006537093290781807,0.0011852454727386739,,,,0.00034272151415706343,0.0001423394810122775,0.000596670260651017,0.0007999200079992001,0.0009089002518507243,0.00010620370506731574,0.0007021292833702205,0.0011142486453483934,3.2270203185456743,1.3770727463868586,,,,,,0,grid_uncalibrated,True
prose,start,1,depth,16,recall,300,76,65515,,0.8552631578947368,0.7746365288505226,0.9295774647887324,0.5711907894736842,0.5502926188596491,0.589235025879917,,,,0.28407236842105266,0.19648744156504064,0.365276456505848,9.999000099990002e-05,0.5711907894736813,0.05572486226980605,0.4605263157894737,0.6842105263157895,5.097767080080828,1.4973335944068908,,,,,0.0,0,grid_uncalibrated,True
prose,start,1,depth,16,f1,300,76,65515,,0.0024995855518327517,0.00168776659107522,0.0034461266549991303,0.0018149125466455289,0.0013059445096400306,0.0023654245763575165,,,,0.0006846730051872228,0.0002846677881474562,0.001191398921135915,0.0006999300069993001,0.001814900729646376,0.0002119672904336851,0.0014021801530543988,0.002225008029106853,3.2301437678686673,1.377257450505176,,,,,,0,grid_uncalibrated,True
prose,start,1,depth,17,precision,300,44,65515,,0.0007326566435167519,0.00043863251376231226,0.001065335248599415,0.0005342730672365108,0.00033800694474965174,0.0007545575117500821,,,,0.00019838357628024108,7.519973334482388e-05,0.0003382542200515395,0.0098990100989901,0.0005342730672365055,8.151425913407534e-05,0.0003815920018316416,0.0007021292833702205,2.433728508210366,1.3713149481900206,,,,,,0,grid_uncalibrated,True
prose,start,1,depth,17,recall,300,44,65515,,0.9090909090909091,0.8064516129032258,0.9807783018867923,0.5805022727272727,0.5666886458333333,0.595262193877551,,,,0.32858863636363633,0.22619817188219074,0.4042434111842105,9.999000099990002e-05,0.5805022727272788,0.07381670711360853,0.4318181818181818,0.7272727272727273,4.4514128198364595,1.5660419464335187,,,,,0.0,0,grid_uncalibrated,True
prose,start,1,depth,17,f1,300,44,65515,,0.0014641333093378152,0.0008768381500643557,0.0021282625846878148,0.0010675635879793788,0.000675615765361599,0.001507170851603819,,,,0.00039656972135843635,0.0001503579858169648,0.0006758064612108049,0.006299370062993701,0.0010675566097239717,0.00016283194961827537,0.0007625101835241616,0.0014027108912659466,2.4354968453275454,1.3714807214920273,,,,,,0,grid_uncalibrated,True
prose,start,1,depth,18,precision,300,24,65515,,0.00036632832175837593,0.0001796886853133785,0.0005904005250310278,0.00029655040830344197,0.00015583765685430077,0.0004597486736238388,,,,6.977791345493396e-05,-9.067904798915319e-06,0.00016209491772733631,0.1553844615538446,0.00029655040830343156,6.05417298330942e-05,0.00018316416087918797,0.00041211936197817293,1.1525589646564962,1.2352986591862902,,,,,,0,grid_uncalibrated,True
prose,start,1,depth,18,recall,300,24,65515,,0.875,0.7221666666666672,1.0,0.5833499999999999,0.5649899868421053,0.6010349130434783,,,,0.2916500000000001,0.13931672222222224,0.4109416123188405,0.0017998200179982,0.5833500000000009,0.09947928540120367,0.375,0.7510416666666515,2.9317661342636687,1.4999571440815953,,,,,0.0,0,grid_uncalibrated,True
prose,start,1,depth,18,f1,300,24,65515,,0.0007323500371624052,0.0003592951577216827,0.0011800554710024458,0.0005927994624924687,0.0003115912303022103,0.0009187702583276172,,,,0.00013955057466993653,-1.805927997940514e-05,0.0003240766226786841,0.10258974102589741,0.0005927955779583387,0.00012100239566557548,0.0003661494805254245,0.0008238098717474163,1.153319803599302,1.2354175105096252,,,,,,0,grid_uncalibrated,True
prose,start,1,depth,19,precision,300,14,65515,,0.00022895520109898496,8.012724251161302e-05,0.00040759966893959417,0.00017387926429062044,7.263365371299317e-05,0.0002949305656668151,,,,5.507593680836452e-05,-2.1158552472870908e-05,0.0001409322755414446,0.15408459154084592,0.00017387926429062012,4.6333736370400405e-05,9.158208043959398e-05,0.00025948256124551627,1.1886789437415037,1.3167481587471608,,,,,,0,grid_uncalibrated,True
prose,start,1,depth,19,recall,300,14,65515,,0.7857142857142857,0.5454545454545454,1.0,0.5853785714285714,0.5584661111111111,0.6055,,,,0.20033571428571428,-0.034167580213903696,0.41423648809523816,0.10108989101089891,0.5853785714285573,0.13065557813661688,0.35714285714285715,0.8571428571428571,1.5333116055424143,1.342232743157696,,,,,0.0,0,grid_uncalibrated,True
prose,start,1,depth,19,f1,300,14,65515,,0.00045777700710941563,0.00016022896795208925,0.0008147892113152408,0.000347655262004474,0.0001452490316115979,0.0005895691996085233,,,,0.00011012174510494164,-4.2288480130983276e-05,0.00028174849082949663,0.11038896110388961,0.0003476530024078318,9.263109030522616e-05,0.00018310546875,0.0005188201419595203,1.1888449584120973,1.3167641410799533,,,,,,0,grid_uncalibrated,True
prose,start,1,depth,20,precision,300,7,65515,,7.631840036632832e-05,1.4980358877704891e-05,0.00016651440753113466,8.776463405327024e-05,2.6213059546188382e-05,0.00016549032433931137,,,,-1.144623368694192e-05,-6.0128727417415735e-05,3.928187710082578e-05,0.7015298470152985,8.776463405327181e-05,3.351284105112436e-05,3.0527360146531325e-05,0.00015263680073265663,-0.34154769717918226,0.8695803405276458,,,,,,0,grid_uncalibrated,True
prose,start,1,depth,20,recall,300,7,65515,,0.5714285714285714,0.2,1.0,0.5870857142857143,0.549,0.629,,,,-0.015657142857142925,-0.3798586666666665,0.37459999999999993,0.684031596840316,0.5870857142856947,0.1861838950360843,0.2857142857142857,0.8571428571428571,-0.08409504406430408,0.9733307377847317,,,,,0.0,0,grid_uncalibrated,True
prose,start,1,depth,20,f1,300,7,65515,,0.00015261641771113527,3.004410502484743e-05,0.0003330569940657936,0.00017550303180239172,5.3313901244086456e-05,0.0003312371388885042,,,,-2.2886614091256454e-05,-0.00012024438357687324,7.860911860860657e-05,0.6521347865213478,0.00017550188457774487,6.701226878611748e-05,6.104819755196727e-05,0.00030522701259061424,-0.341511596028079,0.8695998796726786,,,,,,0,grid_uncalibrated,True
prose,start,1,depth,21,precision,300,4,65515,,4.579104021979699e-05,0.0,0.0001052263291673371,4.737541021140196e-05,0.0,0.00010936955536552698,,,,-1.584369991604971e-06,-1.7801475539957107e-05,1.2035087478312682e-05,0.6202379762023797,4.7375410211396555e-05,2.4789688856024715e-05,0.0,9.158208043959398e-05,-0.06391245976508128,0.9665571235261108,,,,,,0,grid_uncalibrated,True
prose,start,1,depth,21,recall,300,4,65515,,0.75,0.5,1.0,0.56365,0.5304,0.6428,,,,0.18635000000000002,-0.030399999999999983,0.44899999999999995,0.4126587341265873,0.56365,0.2484549264656372,0.0,1.0,0.7500354396304286,1.3306129690410715,,,,,0.0,0,grid_uncalibrated,True
prose,start,1,depth,21,f1,300,4,65515,,9.157648926265664e-05,2.987231460213157e-05,0.0002112247075374902,9.474285718014712e-05,2.2402607928183285e-05,0.0002200751698434597,,,,-3.1663679174904764e-06,-3.5796486048513314e-05,2.4213733321254544e-05,0.47905209479052097,9.474224056517199e-05,4.957366480594782e-05,0.0,0.00018314738786038065,-0.06385953741583214,0.9665856403265272,,,,,,0,grid_uncalibrated,True
prose,start,1,depth,22,precision,300,3,65515,,6.105472029306265e-05,0.0,0.00014278153271928053,3.6556513775471264e-05,0.0,8.332753106758423e-05,,,,2.4498206517591387e-05,0.0,6.871436400109117e-05,0.2086791320867913,3.6556513775467286e-05,2.1409300044349525e-05,0.0,7.631840036632832e-05,1.1442787231178575,1.670146137787238,,,,,,0,grid_uncalibrated,True
prose,start,1,depth,22,recall,300,3,65515,,1.0,1.0,1.0,0.5721999999999999,0.5266,0.6344,,,,0.42780000000000007,0.36560000000000004,0.47340000000000004,0.18118188181181882,0.5722000000000057,0.2829127222400667,0.0,1.0,1.512127120380903,1.7476406850751312,,,,,0.0,0,grid_uncalibrated,True
prose,start,1,depth,22,f1,300,3,65515,,0.00012210198568354217,3.0098157674039595e-05,0.0002890093384752717,7.31083568297724e-05,2.111122865014569e-05,0.000167690200277503,,,,4.899362885376977e-05,8.933283367943215e-07,0.00013843527018991285,0.1382861713828617,7.31079021779376e-05,4.281476931449624e-05,0.0,0.00015262515262515263,1.1443266959052873,1.6701612554325207,,,,,,0,grid_uncalibrated,True
prose,start,1,depth,23,precision,300,1,65515,,3.0527360146531325e-05,0.0,9.414474608862037e-05,1.1205067541784323e-05,0.0,3.45558290518281e-05,,,,1.9322292604747e-05,0.0,5.958891703679226e-05,0.15698430156984303,1.1205067541783366e-05,1.170691440865754e-05,0.0,3.0527360146531325e-05,1.650502594471748,2.724424465331931,,,,,,0,grid_uncalibrated,True
prose,start,1,depth,23,recall,300,1,65515,,1.0,1.0,1.0,0.5574,0.5574,0.5574,,,,0.4426,0.4426,0.4426,0.5574442555744425,0.5574,0.49671914900808456,0.0,1.0,0.8910467834466278,1.794043774668102,,,,,0.0,0,grid_uncalibrated,True
prose,start,1,depth,23,f1,300,1,65515,,6.105285651052399e-05,5.8528712582846184e-05,0.00023559641181786274,2.2409684595535847e-05,2.14831786492764e-05,8.64791418098818e-05,,,,3.864317191498814e-05,3.7045533933569784e-05,0.00014911727000798094,0.15698430156984303,2.240960991466264e-05,2.3413097008040565e-05,0.0,6.105285651052399e-05,1.6504970095408744,2.724405143285293,,,,,,0,grid_uncalibrated,True
prose,start,1,category,clause_level,precision,300,4386,65515,,0.08134015111043273,0.07788117728441835,0.08472908486155509,0.05316375944440202,0.050888642944781855,0.055482021444679334,,,,0.028176391666030712,0.02657021906795225,0.029747261989219995,9.999000099990002e-05,0.053163759444402776,0.0007960475444010947,0.051637029687857744,0.05473555674273067,35.3953628325409,1.529992460286712,,,,,,0,grid_uncalibrated,True
prose,start,1,category,clause_level,recall,300,4386,65515,,0.9313725490196079,0.9234060796100275,0.9392826142399047,0.580940606475148,0.5753478505564309,0.5867203690848957,,,,0.35043194254445986,0.3415370806847991,0.35906191394442866,9.999000099990002e-05,0.5809406064751492,0.007315401746173075,0.5665754673962609,0.5953032375740994,47.90330793900431,1.6032147497326803,,,,,0.0,0,grid_uncalibrated,True
prose,start,1,category,clause_level,f1,300,4386,65515,,0.14961397021610545,0.14374203241827607,0.15532748966781493,0.09741294434818076,0.09356208576456317,0.10131398210087429,,,,0.05220102586792469,0.04943325917176214,0.054904598589283864,9.999000099990002e-05,0.09741243491000716,0.0014232772408310683,0.09466719393423144,0.10021701329520749,36.67699715033538,1.5358816392827446,,,,,,0,grid_uncalibrated,True
prose,start,1,category,phrase_level,precision,300,20785,65515,,0.37370067923376327,0.36853551599477957,0.37887826987122625,0.2528502556666412,0.25004931624994103,0.25558994616061487,,,,0.12085042356712206,0.11675047046602759,0.12499951958903927,9.999000099990002e-05,0.2528502556666436,0.0015400008680050853,0.24985117911928567,0.25584980538807905,78.47425678640631,1.4779525464528231,,,,,,0,grid_uncalibrated,True
prose,start,1,category,phrase_level,recall,300,20785,65515,,0.8893913880202069,0.8841035221749682,0.8946007906554277,0.580548188597546,0.5751034617333273,0.5860355669940382,,,,0.3088431994226609,0.30321352804212476,0.314330142522611,9.999000099990002e-05,0.5805481885975461,0.003028339113390726,0.5745970651912436,0.5864806350733702,101.98435111081724,1.5319854673369078,,,,,0.0,0,grid_uncalibrated,True
prose,start,1,category,phrase_level,f1,300,20785,65515,,0.5262738551282214,0.5210034374071486,0.5314711480553223,0.35227269482917817,0.3492222835352454,0.3553123958865115,,,,0.17400116029904328,0.16909116133937882,0.1789162481410686,9.999000099990002e-05,0.35227178598226255,0.001977587923522173,0.3483470972563753,0.35609868615662693,87.98702048910846,1.49394267741533,,,,,,0,grid_uncalibrated,True
prose,start,1,category,structural_other,precision,300,14,65515,,0.0002900099213920476,0.0001304293573292169,0.0004736147035316153,0.00018052812333053494,8.371095264296032e-05,0.00028830334830755143,,,,0.00010948179806151266,3.279590633000424e-05,0.00021132369294753797,0.017598240175982403,0.00018052812333053389,4.6466817580156854e-05,9.158208043959398e-05,0.00027474624131878193,2.356128604517705,1.6064528675183782,,,,,,0,grid_uncalibrated,True
prose,start,1,category,structural_other,recall,300,14,65515,,1.0,1.0,1.0,0.6059642857142856,0.5723105208333333,0.6400081249999999,,,,0.3940357142857144,0.359991875,0.4276894791666666,0.0007999200079992001,0.6059642857142703,0.12966710311899807,0.35714285714285715,0.8571428571428571,3.038825614266367,1.6502622738257036,,,,,0.0,0,grid_uncalibrated,True
prose,start,1,category,structural_other,f1,300,14,65515,,0.0005798516800439467,0.0002608246954478784,0.0009467809976611112,0.00036094871327112997,0.00016739763128683136,0.000576329327002333,,,,0.00021890296677281668,6.558982537670567e-05,0.0004224499669205494,0.007599240075992401,0.00036094641658384604,9.289665288557122e-05,0.00018311720416652679,0.0005493004049009803,2.3564386515598685,1.606475790871995,,,,,,0,grid_uncalibrated,True
prose,end,1,all,all,precision,300,16323,65515,,0.2582156757994352,0.25470185985868066,0.261818448112503,0.19035755933755627,0.18786930585463218,0.19289461326727397,,,,0.06785811646187895,0.06509451943440563,0.07067258413025335,9.999000099990002e-05,0.19035755933755627,0.0013830998289763772,0.18766656490879952,0.19311608028695718,49.06234173429136,1.3564771301860823,,,,,,0,grid_uncalibrated,True
prose,end,1,all,all,recall,300,16323,65515,,0.9098817619310176,0.9041239280384582,0.9153216653980385,0.5800120443545917,0.5744713294541013,0.5856457365241236,,,,0.3298697175764258,0.3231102822065059,0.33630651112209475,9.999000099990002e-05,0.5800120443545916,0.0036427833253548513,0.5728113704588618,0.5872097653617595,90.55430645035486,1.5687290820718878,,,,,0.0,0,grid_uncalibrated,True
prose,end,1,all,all,f1,300,16323,65515,,0.40227078061413235,0.39780393838960726,0.40678500316988997,0.2866407932518791,0.28341066252570835,0.2899408243827097,,,,0.11562998736225327,0.11169345776482939,0.1195467862195167,9.999000099990002e-05,0.2866398519376604,0.0019485077162953877,0.28283973468389806,0.29048789160327876,59.34332602814423,1.4034014387560452,,,,,,0,grid_uncalibrated,True
prose,end,1,depth,1,precision,300,1778,65515,,0.04962222391818667,0.048168280614942535,0.05107948131438791,0.02079970083187056,0.020242334580214294,0.021364486073308413,,,,0.028822523086316113,0.02779894778143689,0.02986710888471307,9.999000099990002e-05,0.02079970083187023,0.0004973860665738755,0.019812256735098833,0.021766007784476838,57.94799055159199,2.385718156203155,,,,,,0,grid_uncalibrated,True
prose,end,1,depth,1,recall,300,1778,65515,,0.9915635545556806,0.9872684223883351,0.9955232232792389,0.5651016872890886,0.559480401551086,0.5707490269330928,,,,0.42646186726659197,0.41955898445493894,0.4330900047909506,9.999000099990002e-05,0.5651016872891214,0.011498026003947495,0.5421822272215973,0.5877390326209224,37.09000719950943,1.7546639425416717,,,,,0.0,0,grid_uncalibrated,True
prose,end,1,depth,1,f1,300,1778,65515,,0.09451452324943574,0.09186862278026206,0.09715650118051307,0.0401226085942357,0.03907885572839951,0.041177750133682044,,,,0.05439191465520004,0.052534982089922015,0.05627478211319731,9.999000099990002e-05,0.040122374624939804,0.0009498145524107902,0.03825222875445783,0.04197458381468485,57.266072083691974,2.355656267430546,,,,,,0,grid_uncalibrated,True
prose,end,1,depth,2,precision,300,4099,65515,,0.07221247042661985,0.07001594209836992,0.07440481379286557,0.04992742425398768,0.04853941120389788,0.05131739151442266,,,,0.02228504617263217,0.02102219998679431,0.023545287415414427,9.999000099990002e-05,0.04992742425398838,0.0007696189992458318,0.04843165687247195,0.051423338166832026,28.955945986870294,1.4463488054033002,,,,,,0,grid_uncalibrated,True
prose,end,1,depth,2,recall,300,4099,65515,,0.9699926811417419,0.9645762651216832,0.9753915250958267,0.5796340326909002,0.5744291613922743,0.5849817371657801,,,,0.39035864845084167,0.3830731089693525,0.39752732793487416,9.999000099990002e-05,0.5796340326908935,0.007568852064772772,0.5647718955842889,0.5945352525006099,51.57435303401817,1.6734570891889267,,,,,0.0,0,grid_uncalibrated,True
prose,end,1,depth,2,f1,300,4099,65515,,0.1344180033951621,0.13059590088595652,0.13821326787065866,0.091935851354832,0.08957048212573537,0.09429323561652926,,,,0.04248215204033011,0.04022251088611235,0.04472026489485086,9.999000099990002e-05,0.09193535351430383,0.001384767924965086,0.08922355099946779,0.09461713155704937,30.67853400917658,1.4620926363681037,,,,,,0,grid_uncalibrated,True
prose,end,1,depth,3,precision,300,1977,65515,,0.03321376783942608,0.0315382683377671,0.03490947842691284,0.024188929252842852,0.023080162167885127,0.025315944627296978,,,,0.00902483858658323,0.008160950726375467,0.009915224679613838,9.999000099990002e-05,0.024188929252843026,0.0005429647023757973,0.023109211630924217,0.025261390521254673,16.621409360671066,1.3730978950017942,,,,,,0,grid_uncalibrated,True
prose,end,1,depth,3,recall,300,1977,65515,,0.9327263530601922,0.9207971384772611,0.9439926621701983,0.5822939301972683,0.5764699118389913,0.5882314698822582,,,,0.350432422862924,0.3384567846922226,0.3619977086880038,9.999000099990002e-05,0.5822939301972673,0.010952379762794368,0.5609509357612544,0.603439554881133,31.996007301842898,1.6018136282894222,,,,,0.0,0,grid_uncalibrated,True
prose,end,1,depth,3,f1,300,1977,65515,,0.06414343058740223,0.061001294637350094,0.06730773795542969,0.04644835863843623,0.04439695136716676,0.048529935512820366,,,,0.017695071948965996,0.016052762615066152,0.01938219357579196,9.999000099990002e-05,0.046448087972653915,0.001030317544651847,0.04439446119786792,0.04847585096811975,17.17464941425191,1.3809703130334743,,,,,,0,grid_uncalibrated,True
prose,end,1,depth,4,precision,300,1660,65515,,0.026039838204991225,0.024480215129969025,0.027619547029688173,0.020356965580401433,0.019359967844001277,0.021365463704821095,,,,0.005682872624589792,0.004827497667236574,0.006578565619416849,9.999000099990002e-05,0.020356965580401048,0.0005009013014999372,0.01939975578111883,0.0213386247424254,11.34529418784289,1.2791610862702172,,,,,,0,grid_uncalibrated,True
prose,end,1,depth,4,recall,300,1660,65515,,0.8716867469879518,0.8539055919596842,0.8892215568862275,0.5827898795180725,0.5771993105369625,0.5884309230450223,,,,0.2888968674698793,0.2715350735562541,0.30564258030933966,9.999000099990002e-05,0.582789879518074,0.012028531187645396,0.5590361445783133,0.6060240963855422,24.01763465240096,1.495713596997901,,,,,0.0,0,grid_uncalibrated,True
prose,end,1,depth,4,f1,300,1660,65515,,0.0505690312203975,0.04761087314131492,0.05355215365002146,0.03933978471202557,0.0374790525801821,0.0412235719460186,,,,0.011229246508371926,0.009590981464449935,0.012940535037616713,9.999000099990002e-05,0.03933955623693594,0.0009584594264170794,0.03749432838091763,0.04121642187620726,11.716171466370433,1.2854499658264624,,,,,,0,grid_uncalibrated,True
prose,end,1,depth,5,precision,300,1511,65515,,0.02390292299473403,0.022424277623768717,0.025401433587625723,0.01867923223689231,0.017649271070111543,0.01973343161451522,,,,0.005223690757841723,0.0044505504618266535,0.006011736100247512,9.999000099990002e-05,0.01867923223689188,0.0004751089194543083,0.017736396245134702,0.019629092574219645,10.994722565600071,1.279652326797739,,,,,,0,grid_uncalibrated,True
prose,end,1,depth,5,recall,300,1511,65515,,0.8636664460622104,0.845460687960688,0.8818485403092081,0.5855888815354071,0.5788862287528648,0.5922622671301963,,,,0.2780775645268033,0.258690698871564,0.2972527523645436,9.999000099990002e-05,0.5855888815354083,0.012422664238789058,0.5612177365982793,0.6095301125082727,22.384696163526726,1.474868245103434,,,,,0.0,0,grid_uncalibrated,True
prose,end,1,depth,5,f1,300,1511,65515,,0.04651839793726849,0.043715255587944576,0.049355867834034874,0.03620363366604409,0.03426003373698684,0.038180547702653674,,,,0.010314764271224401,0.008824239525999792,0.0118258192039181,9.999000099990002e-05,0.03620341519930214,0.0009121808525625922,0.0343934471759379,0.03800731409540544,11.308045667685787,1.284917394703834,,,,,,0,grid_uncalibrated,True
prose,end,1,depth,6,precision,300,1521,65515,,0.023780813554147906,0.022429973994780087,0.025159825098120748,0.018706514538655263,0.017783429230426178,0.01962866936759709,,,,0.005074299015492643,0.004315316890481972,0.0058698538579752026,9.999000099990002e-05,0.01870651453865496,0.00047739670721962726,0.017766923605281232,0.019629092574219645,10.629103508161617,1.2712583899586136,,,,,,0,grid_uncalibrated,True
prose,end,1,depth,6,recall,300,1521,65515,,0.8533859303090072,0.8324468085106383,0.8726915735220951,0.582520184089415,0.5763639715942823,0.5888569944661717,,,,0.27086574621959225,0.2506047639667698,0.28944967099973196,9.999000099990002e-05,0.5825201840894147,0.012554458645884782,0.5581854043392505,0.6074950690335306,21.575262929268508,1.4649894606536338,,,,,0.0,0,grid_uncalibrated,True
prose,end,1,depth,6,f1,300,1521,65515,,0.04627218676584395,0.04370750672906399,0.048895297417333346,0.03624896338633762,0.03450782714253401,0.037983756114973406,,,,0.010023223379506334,0.00856147216869895,0.011548358308721156,9.999000099990002e-05,0.036248745718915544,0.0009166563576316462,0.034433371992664545,0.03802221164044567,10.93478593529406,1.2765182863057773,,,,,,0,grid_uncalibrated,True
prose,end,1,depth,7,precision,300,1177,65515,,0.01840799816835839,0.017193231302086436,0.019624961263051893,0.014459891627871486,0.013557050756447963,0.015403043652564816,,,,0.003948106540486905,0.0032495219043715477,0.004628782579046563,9.999000099990002e-05,0.01445989162787167,0.00042487835191148835,0.013645729985499504,0.015309471113485462,9.29232219698781,1.2730384599063442,,,,,,0,grid_uncalibrated,True
prose,end,1,depth,7,recall,300,1177,65515,,0.8572642310960068,0.8343714105490578,0.8785213150158435,0.5823429056924387,0.5755548052018434,0.5891992373156103,,,,0.27492132540356806,0.24996937421897542,0.2979961867250053,9.999000099990002e-05,0.5823429056924345,0.014218686624255704,0.5548003398470688,0.6100254885301615,19.33521236304506,1.4720952598824524,,,,,0.0,0,grid_uncalibrated,True
prose,end,1,depth,7,f1,300,1177,65515,,0.03604206658254164,0.033708796881284156,0.038372739350057056,0.028219087927810155,0.02649287088895639,0.030014911907398262,,,,0.007822978654731482,0.006467831620041757,0.009141135362669084,9.999000099990002e-05,0.028218915637966656,0.0008230933804413916,0.026633319370384618,0.029865232129760555,9.504572786601374,1.2772307428443301,,,,,,0,grid_uncalibrated,True
prose,end,1,depth,8,precision,300,796,65515,,0.012180416698466,0.011108055316228918,0.013284954389196139,0.009752256735098835,0.009011970263359571,0.010504080086302318,,,,0.0024281599633671647,0.0018618579907099483,0.0030215138293993053,9.999000099990002e-05,0.009752256735098674,0.0003427396656937443,0.009097153323666335,0.010425093490040449,7.084560692595799,1.248984417589039,,,,,,0,grid_uncalibrated,True
prose,end,1,depth,8,recall,300,796,65515,,0.842964824120603,0.8169360557631106,0.8682282530337618,0.5806368090452263,0.5733325935946066,0.588003481109523,,,,0.26232801507537673,0.23683956464066655,0.28727483850877195,9.999000099990002e-05,0.5806368090452292,0.01704091749579988,0.5464824120603015,0.614321608040201,15.394007695890233,1.4517936358646177,,,,,0.0,0,grid_uncalibrated,True
prose,end,1,depth,8,f1,300,796,65515,,0.02401384543777277,0.02192201018138313,0.026161434699982687,0.019182330974146268,0.01774824718174445,0.020635652839246937,,,,0.0048315144636265,0.0037191036041332648,0.005995076259883575,9.999000099990002e-05,0.019182210349828213,0.0006707431882339711,0.017895680839718778,0.02049439171661827,7.203405375857752,1.2518810397670268,,,,,,0,grid_uncalibrated,True
prose,end,1,depth,9,precision,300,567,65515,,0.009051362283446539,0.00808373645438971,0.01001816760006134,0.0069102922994733985,0.006229641066182536,0.007597496576548593,,,,0.0021410699839731406,0.0016622344106277092,0.0026404617910802224,9.999000099990002e-05,0.006910292299473548,0.0002899691070545036,0.006349690910478516,0.0074792032359001755,7.383786520301793,1.3098378319157506,,,,,,0,grid_uncalibrated,True
prose,end,1,depth,9,recall,300,567,65515,,0.873015873015873,0.8446069469835467,0.9005527453277083,0.5803837742504407,0.572653722727273,0.5881873438132874,,,,0.2926320987654323,0.263007813722172,0.32122476605323724,9.999000099990002e-05,0.5803837742504359,0.02052512446209176,0.5396825396825397,0.6208112874779541,14.257263058545877,1.5042044794297889,,,,,0.0,0,grid_uncalibrated,True
prose,end,1,depth,9,f1,300,567,65515,,0.017916962856430275,0.016019199503007033,0.01980977984597998,0.013657967121999744,0.012327449273726894,0.014997361127968829,,,,0.004258995734430532,0.0033140063599295727,0.005241630107187008,9.999000099990002e-05,0.013657882192223966,0.000571118115361449,0.012551212867884614,0.014776263215323063,7.457442776982874,1.3118404891961355,,,,,,0,grid_uncalibrated,True
prose,end,1,depth,10,precision,300,454,65515,,0.006487064031137907,0.005681156604373205,0.007291925932655128,0.005565559032282684,0.00496586804190869,0.006177127950684028,,,,0.0009215049988552234,0.0005336475832632341,0.0013214764029491144,0.0007999200079992001,0.005565559032282616,0.0002611320749044483,0.005052278104250935,0.006090208349233,3.528884757617317,1.1655727651993573,,,,,,0,grid_uncalibrated,True
prose,end,1,depth,10,recall,300,454,65515,,0.8149779735682819,0.7761168703991356,0.8531317494600432,0.5830883259911893,0.5756555283744449,0.5907715897727271,,,,0.23188964757709263,0.19389230280239939,0.26908783333415326,9.999000099990002e-05,0.583088325991188,0.02295846748219675,0.5374449339207048,0.6277533039647577,10.100397500700508,1.3976921458389795,,,,,0.0,0,grid_uncalibrated,True
prose,end,1,depth,10,f1,300,454,65515,,0.012871672089549185,0.011281120895836322,0.014455744035291955,0.011025876434025247,0.009847574927925543,0.012224181887259801,,,,0.001845795655523938,0.0010772215544531548,0.0026380079378012203,0.0007999200079992001,0.011025806086570255,0.0005158456137177782,0.010014466849665983,0.01205874208858546,3.578330325764507,1.16741324747469,,,,,,0,grid_uncalibrated,True
prose,end,1,depth,11,precision,300,307,65515,,0.005052278104250935,0.004317943214566572,0.005798983924462929,0.0037589849652751284,0.0032808716917914543,0.004239697091509279,,,,0.0012932931389758062,0.0009229733032278167,0.00167989245861922,9.999000099990002e-05,0.003758984965275156,0.00021379598255565993,0.0033427459360451804,0.004166984660001526,6.049192896499263,1.3440538206252468,,,,,,0,grid_uncalibrated,True
prose,end,1,depth,11,recall,300,307,65515,,0.8762214983713354,0.8361204013377926,0.9142878986456967,0.5815410423452766,0.5731941216051392,0.5898719844328678,,,,0.29468045602605886,0.2557822582939709,0.3317280325289724,9.999000099990002e-05,0.5815410423453024,0.027784496981835726,0.5276872964169381,0.6351791530944625,10.605930934027063,1.5067234031111776,,,,,0.0,0,grid_uncalibrated,True
prose,end,1,depth,11,f1,300,307,65515,,0.010046627526804847,0.008593551916357743,0.01152256060499246,0.007469687110424342,0.00652490533800769,0.008417437555986082,,,,0.0025769404163805054,0.0018425085482906085,0.0033435400893927912,9.999000099990002e-05,0.007469640148536311,0.0004240281350602168,0.006643401317516808,0.008279927404404154,6.07739714701378,1.3449948494203567,,,,,,0,grid_uncalibrated,True
prose,end,1,depth,12,precision,300,189,65515,,0.002945890254140273,0.0023862581777981005,0.0035334616722544547,0.002339191024956116,0.0019527615312309782,0.0027450936748022,,,,0.0006066992291841569,0.0002967330942631564,0.0009335005322292456,0.00019998000199980003,0.0023391910249560984,0.0001739756484867759,0.001999542089597802,0.002686407692894757,3.487265226261195,1.259362840704966,,,,,,0,grid_uncalibrated,True
prose,end,1,depth,12,recall,300,189,65515,,0.8359788359788359,0.7777777777777778,0.8888888888888888,0.5849137566137563,0.57466791564204,0.5954240467877093,,,,0.2510650793650796,0.19299632471008005,0.304961712962963,9.999000099990002e-05,0.5849137566137464,0.036197943473291874,0.5132275132275133,0.656084656084656,6.935893458984326,1.4292343555374485,,,,,0.0,0,grid_uncalibrated,True
prose,end,1,depth,12,f1,300,189,65515,,0.005871091478340026,0.0047583002463768695,0.00703881540004524,0.004659746759367547,0.0038924174367427878,0.005464495896631103,,,,0.0012113447189724784,0.0005942945817667514,0.001862185294469604,0.00019998000199980003,0.0046597160951962965,0.0003461442304021789,0.003983564153502806,0.0053490023691556456,3.499626100184462,1.2599676371683968,,,,,,0,grid_uncalibrated,True
prose,end,1,depth,13,precision,300,108,65515,,0.001770586888498817,0.0013198990374175903,0.0022735300533824184,0.0013339052125467456,0.0010229463216777114,0.001668769686155601,,,,0.0004366816759520714,0.0002386654711951589,0.0006610863398194076,0.000999900009999,0.0013339052125467255,0.00012814468375359117,0.001083721285201862,0.001587422727619629,3.4077237007489503,1.3273708445282764,,,,,,0,grid_uncalibrated,True
prose,end,1,depth,13,recall,300,108,65515,,0.8796296296296297,0.8151260504201681,0.9351851851851852,0.5854092592592592,0.5728312695560253,0.5973200140186915,,,,0.2942203703703704,0.23116805386501962,0.34941147686365687,9.999000099990002e-05,0.5854092592592516,0.04658803079170172,0.49074074074074076,0.6759259259259259,6.315363954442666,1.5025891984398576,,,,,0.0,0,grid_uncalibrated,True
prose,end,1,depth,13,f1,300,108,65515,,0.0035340601460477615,0.0026358192983056503,0.004535768024165791,0.002661745409857528,0.0020423851075943504,0.003328031934675169,,,,0.0008723147361902332,0.00047732221052748116,0.0013193205518699073,0.0006999300069993001,0.0026617283101500427,0.00025552511950701305,0.002162839972273555,0.0031674067503896157,3.4138789860688314,1.3277313588209703,,,,,,0,grid_uncalibrated,True
prose,end,1,depth,14,precision,300,69,65515,,0.0010684576051285964,0.0007552906472979304,0.0014235047332043036,0.0008486300847134243,0.0006285217670262554,0.0010935626333125317,,,,0.00021982752041517213,7.41478031847875e-05,0.0003908974601653737,0.020997900209979003,0.0008486300847134235,0.00010310020857223025,0.0006563382431504235,0.0010531939250553307,2.1321733821824957,1.2590380948955011,,,,,,0,grid_uncalibrated,True
prose,end,1,depth,14,recall,300,69,65515,,0.8840579710144928,0.8,0.9538461538461539,0.5833579710144927,0.5703402632669984,0.5962268283179012,,,,0.3007000000000001,0.21875099575109658,0.37041412624196385,9.999000099990002e-05,0.5833579710144939,0.05944296031464006,0.463768115942029,0.6956521739130435,5.058630970065268,1.5154639431378023,,,,,0.0,0,grid_uncalibrated,True
prose,end,1,depth,14,f1,300,69,65515,,0.002134335688017105,0.0015092788549630994,0.0028426488411697434,0.0016947946956738108,0.0012556788121126567,0.002183075217829078,,,,0.0004395409923432941,0.00014843194312217758,0.0007808093382579285,0.0150984901509849,0.001694783727367857,0.00020581016833923197,0.0013107616183825222,0.0021031360267914755,2.13571547118481,1.2593557830130393,,,,,,0,grid_uncalibrated,True
prose,end,1,depth,15,precision,300,41,65515,,0.0005494924826375639,0.00033398220440179077,0.000795650050565378,0.0005008547660841029,0.0003274555853038092,0.0006953303363348483,,,,4.863771655346102e-05,-5.427819243482541e-05,0.00016479331667381428,0.29117088291170884,0.0005008547660841027,7.886669418539825e-05,0.00035106464168511027,0.0006563382431504235,0.6167079406057588,1.0971094214271566,,,,,,0,grid_uncalibrated,True
prose,end,1,depth,15,recall,300,41,65515,,0.7804878048780488,0.6451612903225806,0.9,0.5799170731707317,0.5623911189189189,0.5973048969344608,,,,0.2005707317073171,0.0710852083333333,0.3142547023809523,0.005099490050994901,0.5799170731707777,0.07651339070749313,0.43902439024390244,0.7317073170731707,2.6213807786148573,1.3458610566690554,,,,,0.0,0,grid_uncalibrated,True
prose,end,1,depth,15,f1,300,41,65515,,0.0010982117832785817,0.000667680598965028,0.0015898334386877286,0.0010008451360679653,0.0006545431008415103,0.0013889756838908788,,,,9.736664721061647e-05,-0.00010814158172543667,0.0003294883658581155,0.22957704229577042,0.0010008385509602915,0.00015755492544853905,0.000701568276234883,0.0013115000765041712,0.618027218388006,1.097291648313169,,,,,,0,grid_uncalibrated,True
prose,end,1,depth,16,precision,300,31,65515,,0.00044264672212470426,0.00021191563988656972,0.000732452708885,0.00036630084713424406,0.00020584595497761884,0.0005539715297175218,,,,7.63458749904602e-05,-3.286395370860907e-05,0.00021100058297334782,0.1556844315568443,0.000366300847134243,6.748437279019893e-05,0.00022895520109898496,0.0005037014424177669,1.1313119146533632,1.2084239651307218,,,,,,0,grid_uncalibrated,True
prose,end,1,depth,16,recall,300,31,65515,,0.8387096774193549,0.6785714285714286,0.9583333333333334,0.5622193548387097,0.5226970652173912,0.6022829249011857,,,,0.2764903225806452,0.09163605263157897,0.41253640243902445,0.0010998900109989002,0.5622193548387372,0.08725113052298343,0.3870967741935484,0.7419354838709677,3.1689024649117346,1.4917837143118704,,,,,0.0,0,grid_uncalibrated,True
prose,end,1,depth,16,f1,300,31,65515,,0.0008848264584234247,0.00042368986641693395,0.0014637555020592427,0.0007321246955776926,0.0004115510607818947,0.0011067991845274282,,,,0.0001527017628457321,-6.568199101067003e-05,0.00042188587246895146,0.10968903109689031,0.0007321199028465554,0.00013485455414826404,0.00045767837197264826,0.0010066543776391995,1.1323796703890185,1.208581347103297,,,,,,0,grid_uncalibrated,True
prose,end,1,depth,17,precision,300,17,65515,,0.0002442188811722506,0.00011004295458661,0.00040265678963889755,0.00021041440891398914,0.00010915309303324535,0.00033007191422849535,,,,3.380447225826146e-05,-1.9852242118597316e-05,9.188195779231171e-05,0.29687031296870314,0.00021041440891398473,5.071748579790453e-05,0.0001221094405861253,0.00030527360146531327,0.6665250007259342,1.1606566414949502,,,,,,0,grid_uncalibrated,True
prose,end,1,depth,17,recall,300,17,65515,,0.8823529411764706,0.6923076923076923,1.0,0.5897764705882352,0.5741916666666668,0.6052006249999999,,,,0.2925764705882353,0.10336621874999999,0.4161401538461539,0.010998900109989001,0.5897764705882802,0.11849867316993463,0.35294117647058826,0.8235294117647058,2.469027397198086,1.4960802696932893,,,,,0.0,0,grid_uncalibrated,True
prose,end,1,depth,17,f1,300,17,65515,,0.0004883026092653385,0.0002200481164016111,0.0008049866265514877,0.00042067873237826926,0.00021826624705560636,0.0006597781991129179,,,,6.762387688706925e-05,-3.966283512857392e-05,0.00018374873935965915,0.20657934206579343,0.0004206761214306451,0.00010138739422139676,0.00024411753038500387,0.0006103360408518257,0.6670108089277784,1.1607566590770775,,,,,,0,grid_uncalibrated,True
prose,end,1,depth,18,precision,300,11,65515,,0.00015263680073265663,6.118703620865017e-05,0.00026475853707921734,0.00013643593070289248,6.178964063072352e-05,0.00022145150334045813,,,,1.620087002976415e-05,-3.176949792171475e-05,6.828714519202429e-05,0.40775922407759224,0.00013643593070289354,4.082840561852599e-05,6.105472029306265e-05,0.0002136915210257193,0.39680388651796644,1.1187434273823553,,,,,,0,grid_uncalibrated,True
prose,end,1,depth,18,recall,300,11,65515,,0.8181818181818182,0.5555555555555556,1.0,0.5859818181818182,0.5673426190476192,0.6055669230769232,,,,0.23220000000000007,-0.02329138888888889,0.41520142857142855,0.09629037096290372,0.5859818181818434,0.14701784600699955,0.2727272727272727,0.8181818181818182,1.5794000953389005,1.396258028483604,,,,,0.0,0,grid_uncalibrated,True
prose,end,1,depth,18,f1,300,11,65515,,0.0003052166614384183,0.00012236644485214544,0.0005293435202420819,0.0002728083426088318,0.0001235659855546008,0.00044273461040619095,,,,3.2408318829586476e-05,-6.350949154489671e-05,0.00013655703835659764,0.27857214278572145,0.00027280655692582724,8.1631633320101e-05,0.00012208211039274833,0.0004272826047147583,0.3970287398942729,1.1188025129520731,,,,,,0,grid_uncalibrated,True
prose,end,1,depth,19,precision,300,5,65515,,9.158208043959398e-05,1.5657391281976034e-05,0.00018195851045488457,6.412119361978174e-05,1.3173160867184583e-05,0.00012372616618992855,,,,2.7460886819812244e-05,2.395097910081793e-06,6.900237273516775e-05,0.23507649235076492,6.412119361978028e-05,2.835712569039908e-05,1.5263680073265663e-05,0.0001221094405861253,0.9683945798890042,1.4282653717060954,,,,,,0,grid_uncalibrated,True
prose,end,1,depth,19,recall,300,5,65515,,1.0,1.0,1.0,0.59756,0.56335,0.6237,,,,0.40244,0.37629999999999997,0.43665,0.07539246075392461,0.5975600000000282,0.2182631674860212,0.2,1.0,1.8438291931493496,1.6734721199544027,,,,,0.0,0,grid_uncalibrated,True
prose,end,1,depth,19,f1,300,5,65515,,0.00018314738786038065,5.817872942729127e-05,0.00036404745041340595,0.00012822862766284822,2.8070600518824813e-05,0.00024756009452035066,,,,5.491876019753244e-05,5.58876915369885e-06,0.0001380605075268911,0.1316868313168683,0.00012822780741974087,5.670593709675591e-05,3.0525030525030525e-05,0.00024418906338232377,0.9684978902108943,1.4282969626148723,,,,,,0,grid_uncalibrated,True
prose,end,1,depth,20,precision,300,2,65515,,1.5263680073265663e-05,0.0,4.717804522942474e-05,2.128978096619095e-05,0.0,6.580393748600164e-05,,,,-6.026100892925287e-06,-1.862589225657689e-05,0.0,0.771922807719228,2.1289780966188913e-05,1.665527017933551e-05,0.0,6.105472029306265e-05,-0.3618134577246271,0.7169486664755488,,,,,,0,grid_uncalibrated,True
prose,end,1,depth,20,recall,300,2,65515,,0.5,0.5,0.5,0.52945,0.52945,0.52945,,,,-0.029449999999999976,-0.029449999999999976,-0.029449999999999976,0.771922807719228,0.52945,0.357659739905026,0.0,1.0,-0.08234083044353892,0.9443762394938143,,,,,0.0,0,grid_uncalibrated,True
prose,end,1,depth,20,f1,300,2,65515,,3.0526428255261994e-05,2.9275472387351417e-05,0.00011899698326393616,4.257784982907305e-05,4.0833049683732755e-05,0.00016597072723546625,,,,-1.2051421573811054e-05,-4.6973743971530065e-05,-1.1557577296381338e-05,0.771922807719228,4.257763840897603e-05,3.330862817321378e-05,0.0,0.00012210198568354217,-0.3618044577232217,0.7169591690840831,,,,,,0,grid_uncalibrated,True
prose,end,1,depth,21,precision,300,1,65515,,1.5263680073265663e-05,0.0,4.7215876496998334e-05,1.4988933831946882e-05,0.0,4.636599072005236e-05,,,,2.7474624131878044e-07,0.0,8.498857769459745e-07,0.6415358464153584,1.4988933831945574e-05,1.3774212785812317e-05,0.0,4.579104021979699e-05,0.019946420575343644,1.0183299389002924,,,,,,0,grid_uncalibrated,True
prose,end,1,depth,21,recall,300,1,65515,,1.0,1.0,1.0,0.6415,0.6415,0.6415,,,,0.35850000000000004,0.35850000000000004,0.35850000000000004,0.6415358464153584,0.6415,0.47958393433789204,0.0,1.0,0.747522955486282,1.558846453624318,,,,,0.0,0,grid_uncalibrated,True
prose,end,1,depth,21,f1,300,1,65515,,3.0526894193784724e-05,2.9250082759547854e-05,0.00011896176606296526,2.9977167234001106e-05,2.8723358296620227e-05,0.00011681676617067374,,,,5.497269597836174e-07,5.267244629276268e-07,2.144999892291518e-06,0.6415358464153584,2.9977038934137233e-05,2.754740726953783e-05,0.0,9.157788699288744e-05,0.019960327092398474,1.018342547469601,,,,,,0,grid_uncalibrated,True
prose,end,1,depth,22,precision,300,2,65515,,3.0527360146531325e-05,0.0,7.695344893600107e-05,2.1520262535297257e-05,0.0,5.4431499614898506e-05,,,,9.007097611234068e-06,0.0,2.2936071138976402e-05,0.4303569643035696,2.1520262535295157e-05,1.63641808688459e-05,0.0,6.105472029306265e-05,0.5504154276602911,1.4185403220087915,,,,,,0,grid_uncalibrated,True
prose,end,1,depth,22,recall,300,2,65515,,1.0,1.0,1.0,0.53705,0.5192,0.5549,,,,0.46295,0.44510000000000005,0.4808,0.28857114288571145,0.53705,0.3526538444046952,0.0,1.0,1.3127603947760516,1.8620240201098592,,,,,0.0,0,grid_uncalibrated,True
prose,end,1,depth,22,f1,300,2,65515,,6.105285651052399e-05,2.9556155242665656e-05,0.00015556563276086167,4.303880045224439e-05,2.0361598512170367e-05,0.00011021087357868819,,,,1.80140560582796e-05,8.08492168873659e-06,4.6499357843554386e-05,0.30726927307269275,4.303858999133565e-05,3.2726482603818275e-05,0.0,0.00012210198568354217,0.5504492107283956,1.4185607967829545,,,,,,0,grid_uncalibrated,True
prose,end,1,category,clause_level,precision,300,2524,65515,,0.05876516828207281,0.05693205480650334,0.060591535302040554,0.029004165458291997,0.028013658825413696,0.029979496181805575,,,,0.029761002823780813,0.028650609764044082,0.030904186872139836,9.999000099990002e-05,0.029004165458292385,0.0005849463893851587,0.027871479813783104,0.030145768144699686,50.87817168178852,2.026094092125366,,,,,,0,grid_uncalibrated,True
prose,end,1,category,clause_level,recall,300,2524,65515,,0.9865293185419969,0.9815787857235226,0.9910922001273219,0.5700167987321707,0.5644006008371291,0.5756516361808696,,,,0.4165125198098262,0.40954382653568855,0.4233999151122037,9.999000099990002e-05,0.5700167987321716,0.009893929724527043,0.5507131537242472,0.5891541204437399,42.097784339147985,1.7307021841044514,,,,,0.0,0,grid_uncalibrated,True
prose,end,1,category,clause_level,f1,300,2524,65515,,0.11092292583587769,0.10764547554068814,0.11416245076190887,0.05519960913814386,0.05339904605920043,0.05696337439054961,,,,0.05572331669773383,0.05373524319139804,0.05774624793255847,9.999000099990002e-05,0.05519929583873659,0.0010983898390312594,0.05306313263674382,0.05734214532911658,50.73210623132435,2.0094989283909768,,,,,,0,grid_uncalibrated,True
prose,end,1,category,phrase_level,precision,300,13781,65515,,0.22120125162176602,0.2180206755683824,0.22444109388237496,0.16735420590704408,0.16491688799735568,0.16984442340205333,,,,0.05384704571472193,0.05139872443254723,0.05635936203572995,9.999000099990002e-05,0.16735420590704325,0.001321112830132019,0.16475616271082957,0.16996107761581317,40.758854570613636,1.3217549593264006,,,,,,0,grid_uncalibrated,True
prose,end,1,category,phrase_level,recall,300,13781,65515,,0.8957985632392425,0.8892213594483521,0.9021238515589237,0.581820680647268,0.5762315953771912,0.5875003198932781,,,,0.31397788259197446,0.30665014618821457,0.32097635376996714,9.999000099990002e-05,0.5818206806472302,0.003928954352616675,0.5741237936289094,0.5895798563239243,79.91385351242467,1.5396471679946753,,,,,0.0,0,grid_uncalibrated,True
prose,end,1,category,phrase_level,f1,300,13781,65515,,0.3547928312130593,0.35054487805390716,0.35909377490297534,0.2599396742671259,0.256673000006231,0.263261618483632,,,,0.09485315694593344,0.09125710861944587,0.09851114433338719,9.999000099990002e-05,0.2599387873783254,0.0019307432384680014,0.25613188715660834,0.26375753985335415,49.128253796190094,1.3649091572343128,,,,,,0,grid_uncalibrated,True
prose,end,1,category,structural_other,precision,300,18,65515,,0.0004731740822712356,0.00024134051539331704,0.0007390481732269939,0.0002302251392810807,0.00012779913721990146,0.0003429158679598097,,,,0.0002429489429901549,9.486493760146731e-05,0.000417095454714553,9.999000099990002e-05,0.0002302251392810748,5.33196373320068e-05,0.0001221094405861253,0.0003358009616118446,4.556462780820961,2.0552667868887764,,,,,,0,grid_uncalibrated,True
prose,end,1,category,structural_other,recall,300,18,65515,,0.9444444444444444,0.8125,1.0,0.5968555555555555,0.5671627597402598,0.6257846590909091,,,,0.34758888888888895,0.2050662357954547,0.42985366310160433,0.0010998900109989002,0.5968555555555916,0.11472703646462551,0.3888888888888889,0.8333333333333334,3.029703368970287,1.5823668484836249,,,,,0.0,0,grid_uncalibrated,True
prose,end,1,category,structural_other,f1,300,18,65515,,0.0009458742741043136,0.00048255163159885775,0.0014769656512921552,0.0004602727375237689,0.00025554224981364556,0.0006854307898568402,,,,0.00048560153658054465,0.0001896590542159608,0.0008334449605029385,9.999000099990002e-05,0.00046026974659070074,0.00010658474711026547,0.0002441518013825096,0.0006713120881947154,4.556041466338882,2.0550433329815205,,,,,,0,grid_uncalibrated,True
prose,start,2,all,all,precision,300,25185,65515,,0.5784934747767687,0.5713174189424802,0.5855929737965652,0.4611029382584141,0.45539941635685455,0.46665499181358405,,,,0.11739053651835463,0.1123579951735518,0.12248797661604408,9.999000099990002e-05,0.4611029382584141,0.0017476451951285931,0.45768144699687097,0.464519575669694,67.17069165158374,1.2545863987805819,,,,,,0,grid_uncalibrated,True
prose,start,2,all,all,recall,300,25185,65515,,0.9037919396466151,0.8996645995856417,0.9078061974587774,0.778632308914036,0.7731809047904731,0.7839173662534827,,,,0.12515963073257907,0.1206010708988633,0.1298726769524027,9.999000099990002e-05,0.7786323089140362,0.0022476324579811676,0.7742703990470519,0.783045463569585,55.685096683911446,1.1607429197320875,,,,,0.0,0,grid_uncalibrated,True
prose,start,2,all,all,f1,300,25185,65515,,0.7054481337452712,0.6996988217830448,0.7109914515278104,0.5792037393178243,0.5740182969620897,0.5842682040675568,,,,0.12624439442744684,0.12150320126459008,0.13115540370942239,9.999000099990002e-05,0.5792025332287826,0.0018351709827052476,0.5756303268895482,0.5828080432178661,68.79228241195729,1.217964517200449,,,,,,0,grid_uncalibrated,True
prose,start,2,depth,1,precision,300,1478,65515,,0.05772723803709074,0.05571714940415882,0.05982801395489478,0.03001001297412808,0.02906351488903845,0.03094935487287936,,,,0.02771722506296266,0.026317070560016857,0.029155348749541427,9.999000099990002e-05,0.030010012974127812,0.00058958318300051,0.02886361901854537,0.031168434709608485,47.011559797048946,1.9235992362568608,,,,,,0,grid_uncalibrated,True
prose,start,2,depth,1,recall,300,1478,65515,,0.9993234100135318,0.9978768577494692,1.0,0.7790261840324759,0.773462672140654,0.7843290809918457,,,,0.22029722598105583,0.2146346414412969,0.22609884143263453,9.999000099990002e-05,0.779026184032478,0.010602113148848895,0.7577807848443843,0.7997293640054127,20.77861487499519,1.2827853934776978,,,,,0.0,0,grid_uncalibrated,True
prose,start,2,depth,1,f1,300,1478,65515,,0.10914932122178818,0.10554134871895318,0.11289729373312576,0.057793670979122476,0.05603205320471733,0.0595352261828227,,,,0.0513556502426657,0.048861872087261914,0.05390885060376146,9.999000099990002e-05,0.057793237315746704,0.0011132284101664006,0.055627060309647904,0.05997153920671158,46.13256671949738,1.8886175319348077,,,,,,0,grid_uncalibrated,True
prose,start,2,depth,2,precision,300,2411,65515,,0.06509959551247806,0.062413073932554075,0.06777010127402391,0.048570806685491894,0.04703483434625213,0.05010812875279621,,,,0.016528788826986163,0.014928529940610604,0.018123943799269314,9.999000099990002e-05,0.04857080668549228,0.000745183053068329,0.04711898038617111,0.05000381592001832,22.18084369864243,1.340302950577158,,,,,,0,grid_uncalibrated,True
prose,start,2,depth,2,recall,300,2411,65515,,0.9854832019908751,0.979352196863841,0.9906937907610928,0.7803489423475742,0.7749726440161072,0.7856180718636633,,,,0.2051342596433009,0.19752988648238615,0.21231513296366852,9.999000099990002e-05,0.7803489423475662,0.008343500360137077,0.7639983409373704,0.7967648278722522,24.586115034330593,1.2628750402687705,,,,,0.0,0,grid_uncalibrated,True
prose,start,2,depth,2,f1,300,2411,65515,,0.12213136934358174,0.11738701648280031,0.12682615893478882,0.09144957077016183,0.08871318031362768,0.0941694206090075,,,,0.030681798573419905,0.02785026324488141,0.0334950768758252,9.999000099990002e-05,0.09144894230875908,0.0013607762785222079,0.08880238839355463,0.09407286011113003,22.54773802211156,1.3355142909278226,,,,,,0,grid_uncalibrated,True
prose,start,2,depth,3,precision,300,3547,65515,,0.08315652903915134,0.08037920703728327,0.08593941824639273,0.07146038769747384,0.06941716664258471,0.07351611019310426,,,,0.011696141341677499,0.010033190327691188,0.013405102660727704,9.999000099990002e-05,0.07146038769747326,0.0008942527827270483,0.06972449057467756,0.07320460963138213,13.079233934291352,1.1636730742518997,,,,,,0,grid_uncalibrated,True
prose,start,2,depth,3,recall,300,3547,65515,,0.9264166901606992,0.9167795592347996,0.9357376061392543,0.7760064561601352,0.7704162422165604,0.7814022260895017,,,,0.15041023400056397,0.14050754227883544,0.16038520355935762,9.999000099990002e-05,0.7760064561601363,0.006746148930915415,0.7628982238511418,0.7891175641387088,22.295717977894245,1.193826008542285,,,,,0.0,0,grid_uncalibrated,True
prose,start,2,depth,3,f1,300,3547,65515,,0.15261418376125258,0.14788644215744923,0.15732153827025902,0.1308693611198394,0.12740953643380348,0.13433633783332458,,,,0.02174482264141317,0.018860361706215325,0.024702213917172474,9.999000099990002e-05,0.13086852717286282,0.0015671211898990215,0.12783205651216,0.13393956619176106,13.876180558691157,1.1661641424272022,,,,,,0,grid_uncalibrated,True
prose,start,2,depth,4,precision,300,3827,65515,,0.08318705639929787,0.0801512791145813,0.08635544056199292,0.07756466763336634,0.0753957477623009,0.07977427459537274,,,,0.0056223887659315325,0.003646850821169502,0.007634071117190757,9.999000099990002e-05,0.07756466763336663,0.0009236093914737497,0.07578417156376402,0.07934099061283675,6.087409697036453,1.072486467582214,,,,,,0,grid_uncalibrated,True
prose,start,2,depth,4,recall,300,3827,65515,,0.8764044943820225,0.8650272344156709,0.8873313577076208,0.7788504050169849,0.7733730702370141,0.7840604960015021,,,,0.09755408936503762,0.08662790609514937,0.1086363986275614,9.999000099990002e-05,0.778850405016985,0.006452090084033665,0.766135354063235,0.7914815782597334,15.119765547980297,1.1252539495860057,,,,,0.0,0,grid_uncalibrated,True
prose,start,2,depth,4,f1,300,3827,65515,,0.15195112971429184,0.14679365641721542,0.1572935695513309,0.14107942452320502,0.1374705118716966,0.14473373392773253,,,,0.010871705191086822,0.007466502957460317,0.014340200148060839,9.999000099990002e-05,0.1410785299645525,0.0016012878422195153,0.13798370952299474,0.1441846659779856,6.789909635902205,1.0770677136519016,,,,,,0,grid_uncalibrated,True
prose,start,2,depth,5,precision,300,3346,65515,,0.07254827138823171,0.07012723273376241,0.0749737922864078,0.06802115851331758,0.06610826685202242,0.0699961087613494,,,,0.004527112874914127,0.0029074909779788325,0.0061421037188906045,9.999000099990002e-05,0.06802115851331797,0.0008647964981270518,0.06630542623826605,0.06969396321453103,5.234888074498929,1.0665544806036693,,,,,,0,grid_uncalibrated,True
prose,start,2,depth,5,recall,300,3346,65515,,0.8831440526001195,0.871551405904905,0.8946204493147819,0.7801184399282725,0.7745325529264335,0.7855215534968221,,,,0.10302561267184707,0.09136266486468084,0.11443783513204141,9.999000099990002e-05,0.7801184399282688,0.006910132172975737,0.7665869695158398,0.7934847579199044,14.909354856447617,1.1320640654018175,,,,,0.0,0,grid_uncalibrated,True
prose,start,2,depth,5,f1,300,3346,65515,,0.13408201111326953,0.12989003940761537,0.13829148358132134,0.12513166502077314,0.12186544553011346,0.1284809988290722,,,,0.008950346092496397,0.006106507106908066,0.011806587719637659,9.999000099990002e-05,0.12513084314838285,0.0015243354479162255,0.12212163228820698,0.1280670658460217,5.872177267230105,1.0715344653617669,,,,,,0,grid_uncalibrated,True
prose,start,2,depth,6,precision,300,2807,65515,,0.06281004350148821,0.060286945337987334,0.06536470891881267,0.05700920857818819,0.05525426681691092,0.05879057998075826,,,,0.0058008349233000175,0.004203500392709603,0.007418355890676427,9.999000099990002e-05,0.05700920857818937,0.0008103709603614235,0.05542242234602763,0.058643058841486684,7.158246293415647,1.1017525952029814,,,,,,0,grid_uncalibrated,True
prose,start,2,depth,6,recall,300,2807,65515,,0.8863555397221232,0.8744407299739849,0.8979666272140854,0.7797069469184188,0.7740536246926354,0.7851496676409696,,,,0.10664859280370442,0.0949536779994728,0.11831001584675603,9.999000099990002e-05,0.7797069469184262,0.0075940772327426735,0.7648735304595654,0.794442465265408,14.04365396020338,1.1367803547540467,,,,,0.0,0,grid_uncalibrated,True
prose,start,2,depth,6,f1,300,2807,65515,,0.11730730863345261,0.11285658822353296,0.12180670981188936,0.10624983317156637,0.10318429124838156,0.10935983235450966,,,,0.011057475461886235,0.008201923014249284,0.013926125983229407,9.999000099990002e-05,0.10624909289740495,0.0014560001961478088,0.10340737820778281,0.10918300989702197,7.594927366977543,1.1040782131356695,,,,,,0,grid_uncalibrated,True
prose,start,2,depth,7,precision,300,2256,65515,,0.04998855223994505,0.047690195856100875,0.052260128421521376,0.045705472029306304,0.0440574946850298,0.047364885168653566,,,,0.004283080210638744,0.0027615626904552494,0.005805164435524881,9.999000099990002e-05,0.04570547202930616,0.0007156549872581769,0.044310463252690224,0.04711936197817293,5.984839464402059,1.093710446921817,,,,,,0,grid_uncalibrated,True
prose,start,2,depth,7,recall,300,2256,65515,,0.8887411347517731,0.8751636839807944,0.9016116625237264,0.7785882092198578,0.7728126424683339,0.7842180586778958,,,,0.11015292553191525,0.09596985134428286,0.1236485373705571,9.999000099990002e-05,0.7785882092198518,0.008500161486604766,0.761968085106383,0.7952127659574468,12.958921510551185,1.1414777724958034,,,,,0.0,0,grid_uncalibrated,True
prose,start,2,depth,7,f1,300,2256,65515,,0.09465319624587308,0.0904866159553602,0.09875425483766091,0.08634238604114493,0.083399801352269,0.08930465399004435,,,,0.008310810204728153,0.005530633052805707,0.01107219069040055,9.999000099990002e-05,0.08634179127939971,0.0013131264854704665,0.08377188033984437,0.08894036704839704,6.329477821396284,1.0962616693876304,,,,,,0,grid_uncalibrated,True
prose,start,2,depth,8,precision,300,1684,65515,,0.036113867053346564,0.03404769980782397,0.03818657790144834,0.03399942608562926,0.03232459613502998,0.03566533747227639,,,,0.0021144409677173043,0.0008770161394124817,0.003364736304846004,0.0006999300069993001,0.03399942608562969,0.0006351217787417758,0.032755857437228114,0.035228573609097154,3.3291898317606763,1.0621904899921406,,,,,,0,grid_uncalibrated,True
prose,start,2,depth,8,recall,300,1684,65515,,0.8663895486935868,0.85,0.8820864827412447,0.777858551068884,0.7717005713673869,0.7838695466879729,,,,0.08853099762470273,0.07178162248449874,0.10463321714530396,9.999000099990002e-05,0.7778585510688656,0.00994646231888778,0.7583135391923991,0.7969121140142518,8.900752326443314,1.1138137486604338,,,,,0.0,0,grid_uncalibrated,True
prose,start,2,depth,8,f1,300,1684,65515,,0.06933752589076655,0.06550242423849287,0.07316357051760604,0.06515115957802022,0.06207052595834465,0.06819342469901434,,,,0.00418636631274634,0.0018763435655163086,0.0065118595245291545,0.00029997000299970003,0.06515067103004092,0.0011901364979064377,0.06282507323496217,0.06746808581821882,3.5179619044460075,1.0642641863012443,,,,,,0,grid_uncalibrated,True
prose,start,2,depth,9,precision,300,1195,65515,,0.02594825612455163,0.024044239354792232,0.027843076016481616,0.02406420667022818,0.022545684255197172,0.02558105967838092,,,,0.0018840494543234491,0.000904729597189037,0.0028992078613057823,9.999000099990002e-05,0.024064206670228436,0.0005307609104030996,0.023032893230557887,0.02509349004044875,3.549714037705422,1.0782926061158744,,,,,,0,grid_uncalibrated,True
prose,start,2,depth,9,recall,300,1195,65515,,0.8811715481171548,0.8630740321394406,0.8986486486486487,0.7764586610878664,0.7696845215389224,0.782971989897059,,,,0.10471288702928838,0.0860894598200472,0.12312727325598367,9.999000099990002e-05,0.7764586610878653,0.011898537569380682,0.7531380753138075,0.799163179916318,8.800483792122009,1.1348595775628034,,,,,0.0,0,grid_uncalibrated,True
prose,start,2,depth,9,f1,300,1195,65515,,0.05041200713135164,0.046811227971172896,0.05398959169871329,0.04668164382020714,0.04381777547314388,0.04953276719196501,,,,0.0037303633111444995,0.001859675959018081,0.005655134705163663,9.999000099990002e-05,0.046681293354894814,0.0010135370512135374,0.04470301128111404,0.048657549918622985,3.6808854417210832,1.0799188177605545,,,,,,0,grid_uncalibrated,True
prose,start,2,depth,10,precision,300,871,65515,,0.019049072731435548,0.017268610483794144,0.02090121085018608,0.017570973059604686,0.01617514844997097,0.018960801133753404,,,,0.0014780996718308619,0.0005372264362879012,0.002478216823503124,0.0005999400059994001,0.0175709730596046,0.00046061685257786606,0.016667938640006104,0.018469052888651454,3.2089569965985554,1.0841216742417685,,,,,,0,grid_uncalibrated,True
prose,start,2,depth,10,recall,300,871,65515,,0.8748564867967853,0.8529403380508418,0.8959068405993524,0.7775684270952924,0.770972626399498,0.7841205545159681,,,,0.0972880597014929,0.0753162249078896,0.11839668147566697,9.999000099990002e-05,0.7775684270952887,0.013955297232018585,0.7497129735935706,0.8048220436280138,6.97140720717019,1.12511832568219,,,,,0.0,0,grid_uncalibrated,True
prose,start,2,depth,10,f1,300,871,65515,,0.03728627631615938,0.03385923682587495,0.040824683005392264,0.034365380163098515,0.031691155788639756,0.03701667188612316,,,,0.002920896153060862,0.0010997371732562279,0.004842777373957564,0.00039996000399960006,0.03436511336632459,0.0008904427161686556,0.0326162222957628,0.0361036767670156,3.2805736930543863,1.085003733835993,,,,,,0,grid_uncalibrated,True
prose,start,2,depth,11,precision,300,650,65515,,0.01379836678623216,0.01236245925979375,0.015258411470610737,0.013116898420209116,0.011903224330427006,0.014341795510698321,,,,0.0006814683660230445,1.1430774617243339e-05,0.0013824241445111241,0.038396160383961604,0.013116898420209416,0.0003867477291351907,0.012363580859345188,0.013859421506525223,1.7620487844791761,1.0519534682812512,,,,,,0,grid_uncalibrated,True
prose,start,2,depth,11,recall,300,650,65515,,0.8815384615384615,0.8569277108433735,0.9058446568863237,0.7788261538461536,0.7718242674342104,0.7857559175321246,,,,0.10271230769230788,0.07783378643858439,0.12750591340854278,9.999000099990002e-05,0.7788261538461547,0.01597684831815198,0.7476923076923077,0.8107692307692308,6.428821607801767,1.1318809174359032,,,,,0.0,0,grid_uncalibrated,True
prose,start,2,depth,11,f1,300,650,65515,,0.027171430111366555,0.024385658480209536,0.03000028033341647,0.025799288263889383,0.0234472856321426,0.02816764845773096,,,,0.001372141847477172,6.678730260757212e-05,0.0027339949938728534,0.031796820317968204,0.02579909105910342,0.0007540572910494227,0.024328103123206154,0.027251253251027723,1.8199400344677374,1.0531933101487656,,,,,,0,grid_uncalibrated,True
prose,start,2,depth,12,precision,300,411,65515,,0.008868198122567351,0.007692307692307693,0.010091980627025092,0.008321567579943527,0.007356751099429156,0.009290932076525486,,,,0.0005466305426238237,-7.476604158383849e-05,0.0011850934123692476,0.044995500449955005,0.008321567579943581,0.0003187316442559359,0.0077081584369991605,0.008944516522933679,1.715018111552285,1.0656884099506978,,,,,,0,grid_uncalibrated,True
prose,start,2,depth,12,recall,300,411,65515,,0.8613138686131386,0.8253547004341891,0.8953488372093024,0.779643552311435,0.7714944306877634,0.7874095316506411,,,,0.08167031630170363,0.04482478391651313,0.11746126736111094,9.999000099990002e-05,0.779643552311435,0.02037633963959568,0.7396593673965937,0.8175182481751825,4.008095553285751,1.1047534043725147,,,,,0.0,0,grid_uncalibrated,True
prose,start,2,depth,12,f1,300,411,65515,,0.017555641111358787,0.015249157467441972,0.01995471690584483,0.016467369798605296,0.014576431974829192,0.01836324300052477,,,,0.0010882713127534915,-0.0001310840348844868,0.0023431405399025394,0.0410958904109589,0.016467232237979225,0.0006271402937896147,0.015256797583081572,0.017691367356338267,1.735510991970623,1.0660954347184894,,,,,,0,grid_uncalibrated,True
prose,start,2,depth,13,precision,300,260,65515,,0.005723880027474624,0.004718152024404322,0.006778187767225106,0.005307189193314509,0.004482326280808745,0.00615120094957944,,,,0.00041669083416011506,-2.2001040103223502e-05,0.000883052459714971,0.05349465053494651,0.005307189193314429,0.0002497594130348253,0.00482332290315195,0.005800198427840952,1.6683688878708782,1.0785144111095772,,,,,,0,grid_uncalibrated,True
prose,start,2,depth,13,recall,300,260,65515,,0.9038461538461539,0.8680851063829788,0.9365684780323733,0.7819419230769228,0.7735499593862817,0.7899936024187099,,,,0.12190423076923107,0.0865750373230374,0.15533548559020952,9.999000099990002e-05,0.7819419230769057,0.025399208218015275,0.7307692307692307,0.8307692307692308,4.79952877754604,1.15589934133415,,,,,0.0,0,grid_uncalibrated,True
prose,start,2,depth,13,f1,300,260,65515,,0.01137571985716614,0.009386791964087891,0.013457681223036583,0.010542822238277424,0.008913457757164652,0.012207434564930246,,,,0.0008328976188887154,-3.5367301841131064e-05,0.0017552736522589586,0.046995300469953004,0.010542737337373929,0.0004943615729397622,0.009585316216697231,0.0115192212485153,1.6849661571363865,1.079010079938091,,,,,,0,grid_uncalibrated,True
prose,start,2,depth,14,precision,300,150,65515,,0.002823780813554148,0.002201231892458472,0.0034882511097324973,0.0030153628939937425,0.002442444351653948,0.0036218009379401683,,,,-0.0001915820804395947,-0.0004613573510515476,9.230303152735015e-05,0.8593140685931406,0.0030153628939937624,0.0001875791708714373,0.00264061665267496,0.0033885369762649774,-1.0213398403968894,0.9364646687066346,,,,,,0,grid_uncalibrated,True
prose,start,2,depth,14,recall,300,150,65515,,0.86,0.8046875,0.9111155913978494,0.7780893333333332,0.7685301905871639,0.787623094512195,,,,0.0819106666666668,0.02722315036842761,0.1328875882737576,0.006999300069993001,0.7780893333333458,0.033445130678786225,0.7133333333333334,0.84,2.4491058938695947,1.1052715455123228,,,,,0.0,0,grid_uncalibrated,True
prose,start,2,depth,14,f1,300,150,65515,,0.005629078738109854,0.004391423011601529,0.006949360691410039,0.006007444879739488,0.0048696497126325304,0.007210111036458449,,,,-0.000378366141629634,-0.0009152949278200744,0.00018549311593835045,0.8369163083691631,0.006007396450221126,0.0003729393279209027,0.005263105682077465,0.006748250386195437,-1.0144216063785858,0.9370246802843607,,,,,,0,grid_uncalibrated,True
prose,start,2,depth,15,precision,300,119,65515,,0.002579561932381897,0.0019260048050421202,0.0033053764405967527,0.002391324124246355,0.0018519752650990587,0.0029670856430402837,,,,0.00018823780813554195,-9.005728142546963e-05,0.00047555694734025894,0.14338566143385661,0.0023913241242463227,0.0001688642867505945,0.00207586048996413,0.0027173166450431144,1.1147283523223228,1.078716977856317,,,,,,0,grid_uncalibrated,True
prose,start,2,depth,15,recall,300,119,65515,,0.907563025210084,0.8522702569169961,0.9553571428571429,0.775790756302521,0.7655697249162406,0.7859486594736842,,,,0.131772268907563,0.07607283263305305,0.18156430280877253,0.00019998000199980003,0.7757907563025132,0.037919474498313045,0.6974789915966386,0.8487394957983193,3.4750552493398383,1.1698554253670268,,,,,0.0,0,grid_uncalibrated,True
prose,start,2,depth,15,f1,300,119,65515,,0.005144501672907273,0.0038434026520649286,0.006586879751992106,0.0047679513511700005,0.003695239140655441,0.005911653069711556,,,,0.0003765503217372729,-0.0001771689416813868,0.0009486560936788118,0.12428757124287572,0.004767911865290766,0.00033613835885252375,0.004139247527185283,0.005417568570328167,1.1203416619932134,1.0789842216585397,,,,,,0,grid_uncalibrated,True
prose,start,2,depth,16,precision,300,76,65515,,0.001541631687399832,0.0009945119835534227,0.002189225365561034,0.0015113638098145463,0.0010918706069078825,0.001963987133303349,,,,3.0267877585285746e-05,-0.00024579947568643035,0.00038642407230148106,0.42785721427857215,0.0015113638098145576,0.00013570228413086193,0.0012516217660077844,0.0017858505685720827,0.2230461909991597,1.0200268640738384,,,,,,0,grid_uncalibrated,True
prose,start,2,depth,16,recall,300,76,65515,,0.8552631578947368,0.7719298245614035,0.9278350515463918,0.7700368421052632,0.746253549473068,0.7895210069444445,,,,0.0852263157894736,-0.0060694117647059655,0.1646943208856577,0.042195780421957804,0.7700368421052556,0.04756863232880786,0.6710526315789473,0.8552631578947368,1.7916494886876886,1.11067823139017,,,,,0.0,0,grid_uncalibrated,True
prose,start,2,depth,16,f1,300,76,65515,,0.0030777157207984435,0.0019867823345917786,0.004366758922473166,0.003016806484570764,0.002180701086879123,0.00391787767105633,,,,6.0909236227679395e-05,-0.0004897180792336173,0.0007707000306950366,0.3865613438656134,0.00301678084085769,0.0002705872358275945,0.002498841718015757,0.003563771765809712,0.22519495331841247,1.020198643240995,,,,,,0,grid_uncalibrated,True
prose,start,2,depth,17,precision,300,44,65515,,0.0009158208043959399,0.000541303593158411,0.0013275765537673196,0.0008902846676333664,0.0005723282675363242,0.0012427846773798424,,,,2.5536136762573428e-05,-0.00011622378351559067,0.00018202436882843996,0.42755724427557246,0.0008902846676333666,0.00010290122406682955,0.0006868656032969549,0.0010989849652751277,0.24816164233370713,1.0286831141666806,,,,,,0,grid_uncalibrated,True
prose,start,2,depth,17,recall,300,44,65515,,0.9090909090909091,0.8095238095238095,0.98,0.7804954545454545,0.7684677618364419,0.7927485227272727,,,,0.1285954545454545,0.028616247899159824,0.2023316434108527,0.0206979302069793,0.7804954545454691,0.061699877485313984,0.6590909090909091,0.8863636363636364,2.084209236494006,1.1647613112882624,,,,,0.0,0,grid_uncalibrated,True
prose,start,2,depth,17,f1,300,44,65515,,0.0018297982647413123,0.0010819371412679692,0.0026513362560293434,0.0017785406143683423,0.0011438109217333091,0.0024816252999630183,,,,5.125765037296997e-05,-0.00023174088296748138,0.0003637082769841648,0.3721627837216278,0.0017785261698185432,0.00020544129014054885,0.001372435023779343,0.002195021569135558,0.24957054586102054,1.0288284174800757,,,,,,0,grid_uncalibrated,True
prose,start,2,depth,18,precision,300,24,65515,,0.0004884377623445012,0.00024049662764961412,0.0007835769041386666,0.0004944394413493095,0.0002691749876488235,0.000753877914198575,,,,-6.00167900480827e-06,-0.0001355970537568487,0.00013848780095931457,0.5669433056694331,0.0004944394413493078,7.653439317185263e-05,0.00035106464168511027,0.0006410745630771579,-0.0784180648212666,0.9878616499759237,,,,,,0,grid_uncalibrated,True
prose,start,2,depth,18,recall,300,24,65515,,0.875,0.7142857142857143,1.0,0.7855416666666667,0.7694232142857144,0.8005722644927536,,,,0.0894583333333333,-0.06626401428571416,0.21191533482142846,0.20687931206879312,0.7855416666666644,0.08206089877307451,0.625,0.9166666666666666,1.09014566828859,1.1138810799342311,,,,,0.0,0,grid_uncalibrated,True
prose,start,2,depth,18,f1,300,24,65515,,0.0009763305227508984,0.000480867799067165,0.001565811164215875,0.0009882568492849827,0.0005381632467289051,0.001506300466283495,,,,-1.1926326534084271e-05,-0.00027095141391774737,0.0002766810345078259,0.49795020497950204,0.0009882487295251674,0.00015291864687426774,0.0007017351163507333,0.001281292009234322,-0.07793821759401497,0.987940073770704,,,,,,0,grid_uncalibrated,True
prose,start,2,depth,19,precision,300,14,65515,,0.00025948256124551627,0.00010093233481248876,0.0004484446855942298,0.00028963138212623066,0.00012516185293612545,0.00048650415809507676,,,,-3.0148820880714392e-05,-0.0001276192688782031,4.9829747337888887e-05,0.7331266873312668,0.00028963138212621976,5.9138608146100395e-05,0.00018316416087918797,0.00041211936197817293,-0.5097992973764552,0.8959062355074326,,,,,,0,grid_uncalibrated,True
prose,start,2,depth,19,recall,300,14,65515,,0.7857142857142857,0.5384615384615384,1.0,0.786092857142857,0.7652393124999999,0.8016386111111111,,,,-0.0003785714285713393,-0.24575499999999992,0.21132520833333332,0.648035196480352,0.7860928571428837,0.10963546975462495,0.5714285714285714,1.0,-0.0034530013821737165,0.9995184138551088,,,,,0.0,0,grid_uncalibrated,True
prose,start,2,depth,19,f1,300,14,65515,,0.0005187937905654437,0.0002018353466721356,0.0008964868174419369,0.0005790494168325061,0.000250283454839844,0.0009724137535182291,,,,-6.025562626706246e-05,-0.00025511531216701884,9.962465492334347e-05,0.689031096890311,0.0005790446934648107,0.00011820922550804794,0.0003662105184240252,0.0008238730719081581,-0.5096971293096324,0.8959477505288138,,,,,,0,grid_uncalibrated,True
prose,start,2,depth,20,precision,300,7,65515,,0.00010684576051285965,1.5033909205500293e-05,0.00023667313356805133,0.00014620621231778983,4.283758585680811e-05,0.0002739487393613463,,,,-3.936045180493018e-05,-0.00012655106717540925,4.233107117233311e-05,0.8715128487151285,0.00014620621231779083,4.2192330414654206e-05,6.105472029306265e-05,0.00022895520109898496,-0.9328816734725927,0.7307881027696819,,,,,,0,grid_uncalibrated,True
prose,start,2,depth,20,recall,300,7,65515,,0.5714285714285714,0.2,1.0,0.7870999999999999,0.7588333333333334,0.8174333333333333,,,,-0.21567142857142851,-0.58836,0.1852666666666667,0.9611038896110389,0.7870999999999714,0.15321193352128354,0.42857142857142855,1.0,-1.4076672985883298,0.7259923407808311,,,,,0.0,0,grid_uncalibrated,True
prose,start,2,depth,20,f1,300,7,65515,,0.00021365157243742106,3.024334568097167e-05,0.00047327991269302603,0.0002923581182283805,8.74528761735806e-05,0.0005479354649718635,,,,-7.870654579095941e-05,-0.00025310728406542903,8.469726422907818e-05,0.8684131586841316,0.0002923556247672819,8.435959442611915e-05,0.00012209639510393455,0.0004578055852281398,-0.9329591123009566,0.7307934390093911,,,,,,0,grid_uncalibrated,True
prose,start,2,depth,21,precision,300,4,65515,,6.105472029306265e-05,0.0,0.0001466852084650459,7.893612149889339e-05,0.0,0.00018487914926261528,,,,-1.7881401205830738e-05,-4.316928036940085e-05,0.0,0.7884211578842116,7.893612149889408e-05,3.1185402453127194e-05,3.0527360146531325e-05,0.00013737312065939097,-0.5733901056017421,0.7734699796964061,,,,,,0,grid_uncalibrated,True
prose,start,2,depth,21,recall,300,4,65515,,0.75,0.5,1.0,0.7704249999999999,0.7474,0.8282,,,,-0.020424999999999915,-0.24739999999999995,0.24129999999999996,0.7711228877112288,0.770425,0.21117179908282088,0.25,1.0,-0.09672219533437516,0.9734886588571243,,,,,0.0,0,grid_uncalibrated,True
prose,start,2,depth,21,f1,300,4,65515,,0.00012209950091829,3.0140182082519502e-05,0.0002962348394833087,0.00015785606939766565,3.727370930012526e-05,0.000371801536487547,,,,-3.575656847937565e-05,-8.681590345731592e-05,-6.582846454447807e-06,0.7456254374562544,0.0001578547189997233,6.236043203991675e-05,6.104726584558094e-05,0.00027470850375434957,-0.5733638608941402,0.7734928780843354,,,,,,0,grid_uncalibrated,True
prose,start,2,depth,22,precision,300,3,65515,,7.631840036632832e-05,0.0,0.00017735023246154773,6.135846752652064e-05,0.0,0.0001395555840373756,,,,1.4959932839807681e-05,-4.990186979871895e-06,4.5212286056421904e-05,0.37846215378462156,6.135846752651852e-05,2.7400011607764183e-05,1.5263680073265663e-05,0.0001221094405861253,0.5459827190573411,1.2438120351252948,,,,,,0,grid_uncalibrated,True
prose,start,2,depth,22,recall,300,3,65515,,1.0,1.0,1.0,0.7779666666666666,0.7423,0.8268,,,,0.22203333333333342,0.17320000000000002,0.25770000000000004,0.46725327467253275,0.7779666666667003,0.23862151253574926,0.3333333333333333,1.0,0.9304833037634676,1.285402116628763,,,,,0.0,0,grid_uncalibrated,True
prose,start,2,depth,22,f1,300,3,65515,,0.00015262515262515263,3.065621549138347e-05,0.0003596249794189092,0.00012270725709436736,3.564417299294177e-05,0.0002803938389115113,,,,2.991789553078526e-05,-1.001364843214137e-05,9.118005003568477e-05,0.32256774322567744,0.0001227062087116667,5.479285491971313e-05,3.0525962330962486e-05,0.00024418906338232377,0.5460373247082225,1.2438258359345862,,,,,,0,grid_uncalibrated,True
prose,start,2,depth,23,precision,300,1,65515,,4.579104021979699e-05,0.0,0.00014153213256642598,1.8838433946424484e-05,0.0,5.8226319337827646e-05,,,,2.6952606273372508e-05,0.0,8.330581322859833e-05,0.10328967103289671,1.8838433946422647e-05,1.4754885684180013e-05,0.0,4.579104021979699e-05,1.826690280784253,2.4307243558582825,,,,,,0,grid_uncalibrated,True
prose,start,2,depth,23,recall,300,1,65515,,1.0,1.0,1.0,0.7685,0.7685,0.7685,,,,0.23150000000000004,0.23150000000000004,0.23150000000000004,0.7685231476852314,0.7685,0.42181221242903205,0.0,1.0,0.5488224218708434,1.3012361743656475,,,,,0.0,0,grid_uncalibrated,True
prose,start,2,depth,23,f1,300,1,65515,,9.157788699288744e-05,8.764658005888602e-05,0.00035536736037258723,3.767594433294176e-05,3.605853731177145e-05,0.00014621020383482006,,,,5.3901942659945685e-05,5.158804274711457e-05,0.00020915715653776714,0.10328967103289671,3.7675722792029016e-05,2.9508378228196253e-05,0.0,9.157788699288744e-05,1.8266732174848257,2.430686930636999,,,,,,0,grid_uncalibrated,True
prose,start,2,category,clause_level,precision,300,4386,65515,,0.12116309242158284,0.11680418658646874,0.12577895748914406,0.08755956498511785,0.08391914015470743,0.09126251412533437,,,,0.03360352743646498,0.03140356359649255,0.03587178076119419,9.999000099990002e-05,0.08755956498511791,0.0009693168338426536,0.08567503625124018,0.08946042890941006,34.66722774559767,1.3837790587718928,,,,,,0,grid_uncalibrated,True
prose,start,2,category,clause_level,recall,300,4386,65515,,0.9334245326037391,0.925615588345182,0.9413108146410503,0.780579229366165,0.7748333247888104,0.7861563869319855,,,,0.15284530323757417,0.14380919132076544,0.16195887259480918,9.999000099990002e-05,0.7805792293661701,0.006004063581090052,0.7688098495212038,0.7925216598267214,25.45697612512951,1.195810108042049,,,,,0.0,0,grid_uncalibrated,True
prose,start,2,category,clause_level,f1,300,4386,65515,,0.2144849801546344,0.20766359200861464,0.221673200144504,0.1574567988539031,0.15150819137632257,0.16347987828534882,,,,0.05702818130073131,0.05346768464643181,0.06067582785786304,9.999000099990002e-05,0.1574558224041974,0.001651071691348622,0.15424360191175784,0.16069636945068153,34.54069138806121,1.3621914825355912,,,,,,0,grid_uncalibrated,True
prose,start,2,category,phrase_level,precision,300,20785,65515,,0.4602304815691063,0.45450173295609186,0.46589239460623144,0.3826526230634205,0.3785382261462618,0.3866700224163236,,,,0.07757785850568577,0.07318193004727079,0.08211480659503721,9.999000099990002e-05,0.3826526230634203,0.0016934055862142976,0.3793635045409448,0.3859726780126689,45.811741225630186,1.2027370357077845,,,,,,0,grid_uncalibrated,True
prose,start,2,category,phrase_level,recall,300,20785,65515,,0.8974741400048112,0.8925322579231311,0.9022424181761166,0.7782046475823904,0.772715913298254,0.7834917671130963,,,,0.1192694924224208,0.11411426146130935,0.12444023224583606,9.999000099990002e-05,0.7782046475823883,0.0025480792886116693,0.7732018282415203,0.7832090449843637,46.8076064019999,1.153262374868811,,,,,0.0,0,grid_uncalibrated,True
prose,start,2,category,phrase_level,f1,300,20785,65515,,0.6084459743112782,0.6031154910339457,0.6137009160411128,0.5130381782626621,0.5087861800308233,0.5171294229541326,,,,0.09540779604861616,0.09069768546679405,0.1002341944008221,9.999000099990002e-05,0.5130368459680491,0.0019241114901202994,0.5092330757101775,0.5168158261778131,49.586070678920976,1.1859693491667282,,,,,,0,grid_uncalibrated,True
prose,start,2,category,structural_other,precision,300,14,65515,,0.0005494924826375639,0.00024908804722579544,0.0008881830963067624,0.0003008791879722201,0.0001359720711323277,0.0004872548959531091,,,,0.0002486132946653438,9.210206174410582e-05,0.00043862854621582625,9.999000099990002e-05,0.0003008791879722108,5.917175084953518e-05,0.00018316416087918797,0.00041211936197817293,4.201553800521115,1.8262894364375744,,,,,,0,grid_uncalibrated,True
prose,start,2,category,structural_other,recall,300,14,65515,,1.0,1.0,1.0,0.8036142857142857,0.7646377777777779,0.8340863839285714,,,,0.19638571428571427,0.16591361607142865,0.23536222222222214,0.0458954104589541,0.8036142857143261,0.10520671056180946,0.5714285714285714,1.0,1.86666528434321,1.2443780776135758,,,,,0.0,0,grid_uncalibrated,True
prose,start,2,category,structural_other,f1,300,14,65515,,0.0010983814129456454,0.0004980520356424997,0.0017747898542654417,0.0006015331574395354,0.00027189760963724965,0.0009739169453222172,,,,0.00049684825550611,0.00018414644200410885,0.0008762312690566143,9.999000099990002e-05,0.0006015282415925041,0.00011827338166875037,0.00036623440833305357,0.0008238991791522993,4.200887506072023,1.825984778433274,,,,,,0,grid_uncalibrated,True
prose,end,2,all,all,precision,300,16323,65515,,0.32645958940700603,0.32181424289242716,0.3312503470006888,0.3025551629397848,0.2988272370917818,0.3063631179687571,,,,0.02390442646722124,0.020670286151425177,0.027210081997567973,9.999000099990002e-05,0.3025551629397848,0.001597623307785564,0.29942761199725254,0.3057009845073647,14.962492316386346,1.0790084896749184,,,,,,0,grid_uncalibrated,True
prose,end,2,all,all,recall,300,16323,65515,,0.9176621944495497,0.9122428124306993,0.9227903507680398,0.7760175151626539,0.7704281628930185,0.7814173817446194,,,,0.14164467928689572,0.135798036278753,0.14738613028630462,9.999000099990002e-05,0.7760175151626539,0.003071280584442771,0.7698952398456166,0.781964099736568,46.11909442738024,1.1825276833567435,,,,,0.0,0,grid_uncalibrated,True
prose,end,2,all,all,f1,300,16323,65515,,0.48159211919863454,0.47628554685377916,0.4869874945945839,0.4353681685266357,0.4309793563627904,0.4397891375076573,,,,0.04622395067199886,0.04215815069360981,0.050354661876828195,9.999000099990002e-05,0.4353666903578427,0.00199794796050169,0.431435536970065,0.4392866303891227,23.136452877974115,1.1061758509885025,,,,,,0,grid_uncalibrated,True
prose,end,2,depth,1,precision,300,1778,65515,,0.05986415324734794,0.05806765273109581,0.061759033432799905,0.03381763565595663,0.03290418195976047,0.03474423089384605,,,,0.02604651759139131,0.024832158344904213,0.027326918408451615,9.999000099990002e-05,0.033817635655957315,0.0006281996859776237,0.032603220636495456,0.03506067312829123,41.46216270524909,1.7702051632578362,,,,,,0,grid_uncalibrated,True
prose,end,2,depth,1,recall,300,1778,65515,,0.9915635545556806,0.987231387466018,0.9954467842914058,0.7438334645669292,0.7379898107147924,0.7494013041689447,,,,0.24773008998875135,0.24098350434588064,0.2545208611055087,9.999000099990002e-05,0.7438334645669284,0.009993998834779983,0.7244094488188977,0.7632170978627671,24.787884617979934,1.3330450991916376,,,,,0.0,0,grid_uncalibrated,True
prose,end,2,depth,1,f1,300,1778,65515,,0.11291144820301136,0.10971668946336567,0.11628089790030426,0.06469402302966624,0.0630133085073284,0.06639085475588291,,,,0.04821742517334511,0.04607897832540462,0.05048362157995677,9.999000099990002e-05,0.06469353655688298,0.0011759280095205926,0.06240427671875531,0.06700870992690731,41.0041356747562,1.7453281148686606,,,,,,0,grid_uncalibrated,True
prose,end,2,depth,2,precision,300,4099,65515,,0.08778142410135084,0.08493883005718321,0.09061620268630473,0.08346636342822256,0.08115084991665623,0.08576755989250281,,,,0.004315060673128285,0.002671769770515719,0.005962527985747313,9.999000099990002e-05,0.08346636342822172,0.0009536984657330615,0.08163016103182477,0.08532397160955506,4.524554487788067,1.0516981990815968,,,,,,0,grid_uncalibrated,True
prose,end,2,depth,2,recall,300,4099,65515,,0.9734081483288607,0.9682502300233562,0.9785081103327643,0.7791220297633579,0.7738625517189684,0.7842214334665054,,,,0.19428611856550282,0.18733228343243755,0.20133279465935686,9.999000099990002e-05,0.7791220297633529,0.006235734255047917,0.7667723835081727,0.7911685777018785,31.15689518170701,1.249365453861598,,,,,0.0,0,grid_uncalibrated,True
prose,end,2,depth,2,f1,300,4099,65515,,0.16104031873680275,0.156236135117982,0.16580919266319719,0.15077986906489624,0.14696985222047992,0.15454840569328918,,,,0.010260449671906507,0.007421384075436622,0.013075790952692871,9.999000099990002e-05,0.150778936626193,0.0016374349347621445,0.1476244411481968,0.1539630634205536,6.266741897808804,1.068055806336196,,,,,,0,grid_uncalibrated,True
prose,end,2,depth,3,precision,300,1977,65515,,0.04206670228192017,0.03982699298631946,0.044385390567202726,0.040267074715713974,0.03846230450943527,0.04208817827086319,,,,0.001799627566206198,0.0005382295515850361,0.003099929285003319,0.004899510048995101,0.040267074715713246,0.000681994335496889,0.03895252995497214,0.041608791879722204,2.6387720139871105,1.0446922846745723,,,,,,0,grid_uncalibrated,True
prose,end,2,depth,3,recall,300,1977,65515,,0.9393019726858877,0.9282859593018062,0.9499241650823839,0.7801821952453207,0.774231514644467,0.7860386597644771,,,,0.15911977744056693,0.1480682514048902,0.16973144685818312,9.999000099990002e-05,0.7801821952453164,0.00909654518258413,0.7622660596863935,0.7976732422862923,17.492330796665026,1.203952074797783,,,,,0.0,0,grid_uncalibrated,True
prose,end,2,depth,3,f1,300,1977,65515,,0.08052699754064133,0.07639637904487177,0.08476888439806836,0.07658158986308829,0.0733102653743097,0.0798766669176985,,,,0.0039454076775530394,0.0016008885216407338,0.006342008252713114,0.0015998400159984002,0.07658102723219154,0.0012632419546812997,0.07411471977185664,0.07905682836804677,3.12368528754676,1.0515267351596853,,,,,,0,grid_uncalibrated,True
prose,end,2,depth,4,precision,300,1660,65515,,0.03312218575898649,0.031130841783875284,0.035188274636160526,0.03391558116461878,0.03229909974349729,0.03554553492335939,,,,-0.000793395405632287,-0.001944780648531462,0.00039192188860134007,0.8971102889711029,0.0339155811646194,0.0006267202467097434,0.032679539036861785,0.03512172784858429,-1.2659482596871667,0.9766067577677077,,,,,,0,grid_uncalibrated,True
prose,end,2,depth,4,recall,300,1660,65515,,0.880722891566265,0.8632788868723533,0.8972940560486685,0.7805747590361449,0.7749135527859237,0.7860062331614737,,,,0.10014813253012012,0.08334516862704523,0.11620007121998693,9.999000099990002e-05,0.7805747590361423,0.00997132685947501,0.7608433734939759,0.8,10.043611441235573,1.128300500843489,,,,,0.0,0,grid_uncalibrated,True
prose,end,2,depth,4,f1,300,1660,65515,,0.06384335362845528,0.06012231726527216,0.06769233905088087,0.06500665579070619,0.062017761694582854,0.06799205907045609,,,,-0.001163302162250912,-0.003329731790524437,0.0010556014152368997,0.8347165283471653,0.06500618568980412,0.0011751859863499206,0.06269865559027064,0.0672669432508043,-0.9894876852306194,0.9821119782831493,,,,,,0,grid_uncalibrated,True
prose,end,2,depth,5,precision,300,1511,65515,,0.03129054415019461,0.029196065566989383,0.033432409631710555,0.031118008089750467,0.029296402412980538,0.03295070161119378,,,,0.00017253606044414366,-0.0008909676077067618,0.0012157545461538113,0.39086091390860916,0.031118008089750664,0.00059809545830892,0.029947340303747235,0.032297947035030146,0.28847579102469956,1.00554457277427,,,,,,0,grid_uncalibrated,True
prose,end,2,depth,5,recall,300,1511,65515,,0.8775645268034414,0.8597346641700321,0.8949087254151505,0.783860092653872,0.7771230219240843,0.7903634040322328,,,,0.09370443414956942,0.07575767558171463,0.11136052812295591,9.999000099990002e-05,0.7838600926538677,0.010338667994519114,0.7630708140304434,0.8041032428855063,9.063491950728054,1.1195422946361822,,,,,0.0,0,grid_uncalibrated,True
prose,end,2,depth,5,f1,300,1511,65515,,0.060426513419296383,0.05650086537781355,0.06443075187909524,0.05985968133911632,0.05647607238844581,0.06325176255970136,,,,0.0005668320801800603,-0.0014556455012346382,0.0025252846433682697,0.30626937306269375,0.05985922721278113,0.0011268273070740992,0.05765427056178671,0.06207723032862352,0.5034366871958954,1.009477005182488,,,,,,0,grid_uncalibrated,True
prose,end,2,depth,6,precision,300,1521,65515,,0.030863161108143175,0.028977612179262643,0.03282862611503598,0.031165751354651626,0.029645350727920697,0.03268417546805862,,,,-0.00030259024650845096,-0.0014014020658906572,0.0008577015814235918,0.6965303469653035,0.031165751354651678,0.0006034529839303261,0.029977867663893765,0.032374265435396475,-0.501431353504484,0.990290936898483,,,,,,0,grid_uncalibrated,True
prose,end,2,depth,6,recall,300,1521,65515,,0.8691650230111768,0.8495927451719111,0.8873241784037559,0.7795846153846151,0.773646251615981,0.7855021712958007,,,,0.08958040762656172,0.07130740839626477,0.10707209077025194,9.999000099990002e-05,0.7795846153846184,0.010416639382751947,0.7587113740959894,0.799474030243261,8.599741657072933,1.1149078699845336,,,,,0.0,0,grid_uncalibrated,True
prose,end,2,depth,6,f1,300,1521,65515,,0.05960964469352797,0.056078927558426896,0.0632794238647116,0.0599354407465898,0.05711768907529697,0.0627355695374414,,,,-0.0003257960530618359,-0.002399924131532894,0.0018566039279990718,0.6156384361563844,0.059934997134536185,0.0011371302424178634,0.05770318089598098,0.06221065636827899,-0.28611712965827457,0.99457157826707,,,,,,0,grid_uncalibrated,True
prose,end,2,depth,7,precision,300,1177,65515,,0.024269251316492407,0.02257579756212384,0.025966711540596165,0.024090478516370313,0.022567560815612522,0.02560305883740811,,,,0.00017877280012209423,-0.0008272317357382831,0.001186516887322201,0.37066293370662934,0.024090478516370625,0.0005339061357593006,0.02306303899870259,0.025154544760741814,0.33483938120984175,1.0074208903737756,,,,,,0,grid_uncalibrated,True
prose,end,2,depth,7,recall,300,1177,65515,,0.864910790144435,0.8427722012969363,0.8856428366415109,0.7794173322005098,0.7726241976035916,0.7858644978836475,,,,0.08549345794392516,0.0620220438814205,0.10779092800322594,9.999000099990002e-05,0.7794173322005095,0.01182015543046483,0.756159728122345,0.8020390824129142,7.232853954151722,1.1096889360960884,,,,,0.0,0,grid_uncalibrated,True
prose,end,2,depth,7,f1,300,1177,65515,,0.047213694310712206,0.04400233302064446,0.05043415361809655,0.046736413128108466,0.04386167754633875,0.04957586853533377,,,,0.0004772811826037407,-0.001446573817956046,0.0024014124072471014,0.31796820317968205,0.04673605652196198,0.0010193521403929096,0.04476188601822339,0.04875376991407746,0.4685699571554558,1.010219899244725,,,,,,0,grid_uncalibrated,True
prose,end,2,depth,8,precision,300,796,65515,,0.016148973517515073,0.014724839631282063,0.017562312731005583,0.016251548500343434,0.015050083810353615,0.017484235661397313,,,,-0.00010257498282836147,-0.0008948758406140496,0.0007044335289584653,0.6004399560043996,0.016251548500343604,0.0004361062172537887,0.015401053193925056,0.01711058536213081,-0.2352064216705233,0.9936882948214835,,,,,,0,grid_uncalibrated,True
prose,end,2,depth,8,recall,300,796,65515,,0.8555276381909548,0.8306003967839616,0.8796429293464134,0.7770459798994979,0.7698246628757909,0.7840796424187327,,,,0.07848165829145692,0.05399574661214958,0.10224546086665873,9.999000099990002e-05,0.7770459798994902,0.01434124401597193,0.7487437185929648,0.8052763819095478,5.472444245705539,1.1010000184308477,,,,,0.0,0,grid_uncalibrated,True
prose,end,2,depth,8,f1,300,796,65515,,0.03169958442631391,0.02895473428444225,0.03441673295989149,0.031837236288397096,0.029526966520414536,0.03419977358958578,,,,-0.00013765186208318514,-0.0016730776521282841,0.0014244672551730452,0.5665433456654334,0.03183698100235852,0.0008449223931807294,0.030187340286389416,0.03348794929927168,-0.1626144331757858,0.9956843717048914,,,,,,0,grid_uncalibrated,True
prose,end,2,depth,9,precision,300,567,65515,,0.012058307257879874,0.010745657620590427,0.013441282676317489,0.011508547660841046,0.010393541373644682,0.012652725975572815,,,,0.0005497595970388285,-0.0001464380542607765,0.001265572458960618,0.06999300069993,0.01150854766084102,0.0003667381521336667,0.010791421811798825,0.012241471418759062,1.4990520998166592,1.0477696763519055,,,,,,0,grid_uncalibrated,True
prose,end,2,depth,9,recall,300,567,65515,,0.8853615520282186,0.8576706466170422,0.9109090909090909,0.778385714285714,0.7708626600076103,0.7856816856697538,,,,0.10697583774250463,0.07914695231843669,0.13282807583949383,9.999000099990002e-05,0.7783857142857098,0.017203462002829194,0.7442680776014109,0.8112874779541446,6.2182738407488065,1.137432940737711,,,,,0.0,0,grid_uncalibrated,True
prose,end,2,depth,9,f1,300,567,65515,,0.023792568257097486,0.021229097488979522,0.026483538042882303,0.022681742412710558,0.02051286095909127,0.024901859666253107,,,,0.0011108258443869277,-0.0002448794792415628,0.002505532293102552,0.06059394060593941,0.02268156200097576,0.0007171958733646294,0.02129065460732857,0.02410695424463715,1.5490973908000711,1.04898279298727,,,,,,0,grid_uncalibrated,True
prose,end,2,depth,10,precision,300,454,65515,,0.008486606120735709,0.007395701586069073,0.009583707159728302,0.009271702663512169,0.008266107194293253,0.010281263075522303,,,,-0.00078509654277646,-0.0013788956328574247,-0.00018245660096942294,0.9921007899210079,0.009271702663511992,0.00033166858828077665,0.0086239792413951,0.009921392047622681,-2.3671115400040637,0.9153233692592446,,,,,,0,grid_uncalibrated,True
prose,end,2,depth,10,recall,300,454,65515,,0.8281938325991189,0.790536852354538,0.8639308855291576,0.7809103524229075,0.7733748090909089,0.7882930905916015,,,,0.04728348017621142,0.010942665364583598,0.08210402145084142,0.006999300069993001,0.7809103524229,0.019201047111243243,0.7422907488986784,0.8171806167400881,2.462546959146408,1.0605491783141487,,,,,0.0,0,grid_uncalibrated,True
prose,end,2,depth,10,f1,300,454,65515,,0.016801049776292466,0.01465916890468042,0.01895286572454493,0.018325823898220114,0.016359479424499473,0.02029635547238258,,,,-0.001524774121927648,-0.0026956615955733964,-0.0003403995432439544,0.9911008899110089,0.01832567659318279,0.0006514426270348858,0.017053843508765675,0.019607905723200546,-2.3403854055879547,0.9168037911649336,,,,,,0,grid_uncalibrated,True
prose,end,2,depth,11,precision,300,307,65515,,0.0065175913912844385,0.00552350069699787,0.007556825956565424,0.006253943371746926,0.005468900205682516,0.007052673896656023,,,,0.00026364801953751224,-0.00021467093221244803,0.0007814634620903248,0.1738826117388261,0.006253943371747022,0.00027165701626149076,0.005723880027474624,0.006777073952529955,0.970517983174914,1.042157084556998,,,,,,0,grid_uncalibrated,True
prose,end,2,depth,11,recall,300,307,65515,,0.8794788273615635,0.8395061728395061,0.9172461246440998,0.7792697068403911,0.7708003005262536,0.7876981623204838,,,,0.10020912052117237,0.06111457180708833,0.13717030383609416,0.00019998000199980003,0.7792697068403731,0.023595171523470335,0.7328990228013029,0.8241042345276873,4.247018099508682,1.1285936302175767,,,,,0.0,0,grid_uncalibrated,True
prose,end,2,depth,11,f1,300,307,65515,,0.012939293010004018,0.010975385367834458,0.014987458969136768,0.012408305253652128,0.0108611203244156,0.013978594924096784,,,,0.0005309877563518892,-0.00041486274792651716,0.0015527899328744935,0.16048395160483953,0.012408206765552744,0.0005367413978699937,0.011360584625275994,0.013443158536708445,0.9894639142030742,1.0428012084651634,,,,,,0,grid_uncalibrated,True
prose,end,2,depth,12,precision,300,189,65515,,0.004136457299854995,0.0033097334640276362,0.005021584576338543,0.0038999847363199286,0.0032576295649134014,0.0045802527785607115,,,,0.000236472563535066,-0.00020987718656911977,0.000716027692440259,0.1491850814918508,0.0038999847363199573,0.00021918387579173516,0.0034648553766313058,0.004334885140807448,1.0788775528348153,1.060634227958075,,,,,,0,grid_uncalibrated,True
prose,end,2,depth,12,recall,300,189,65515,,0.8624338624338624,0.810342617152962,0.9106145251396648,0.7818232804232801,0.7721378224130465,0.7911274058064881,,,,0.08061058201058235,0.02832611900194858,0.12954248235036864,0.003999600039996,0.7818232804232854,0.030239404418938458,0.7195767195767195,0.8412698412698413,2.665746351806185,1.10310588598351,,,,,0.0,0,grid_uncalibrated,True
prose,end,2,depth,12,f1,300,189,65515,,0.008233424950448102,0.006595371717973027,0.009986471181618646,0.007761253854513319,0.006488392631367041,0.009106843561115654,,,,0.0004721710959347831,-0.00041373632507783357,0.0014225850489832112,0.1326867313268673,0.007761188056265621,0.0004350325269868098,0.006898756833046441,0.008623592169106714,1.0855208861124974,1.0608459543511826,,,,,,0,grid_uncalibrated,True
prose,end,2,depth,13,precision,300,108,65515,,0.002304815691063115,0.001680076176861168,0.002994300052117492,0.0022211173013813638,0.0017039499735203617,0.0027729182868732796,,,,8.369838968175138e-05,-0.00019994538857907922,0.00039439072880665754,0.31866813318668136,0.002221117301381359,0.0001630313490877524,0.001907960009158208,0.0025337708921621,0.5133883154994019,1.037683011892124,,,,,,0,grid_uncalibrated,True
prose,end,2,depth,13,recall,300,108,65515,,0.8888888888888888,0.8241758241758241,0.9432657567242071,0.7823175925925926,0.7710324246174618,0.792873404255319,,,,0.10657129629629625,0.0446403166666665,0.15989190974327874,0.0026997300269973002,0.7823175925925808,0.038938322194317636,0.7037037037037037,0.8518518518518519,2.736925740263668,1.1362251051304284,,,,,0.0,0,grid_uncalibrated,True
prose,end,2,depth,13,f1,300,108,65515,,0.0045977098989683695,0.0033536160211938854,0.005969091821311027,0.00442965813711666,0.0034003924838550714,0.00552635450514723,,,,0.00016805176185170911,-0.0003963344477500447,0.0007864857141391274,0.2863713628637136,0.004429621819108914,0.000324640518439861,0.0038057354905098794,0.005052990448803802,0.5177667922268095,1.0379463725626286,,,,,,0,grid_uncalibrated,True
prose,end,2,depth,14,precision,300,69,65515,,0.001495840647180035,0.0009973593182796777,0.0020688277367901927,0.0014163260322063653,0.00104698123149475,0.0018191407772580198,,,,7.951461497366979e-05,-0.0001815419570262474,0.0003716918075785266,0.2860713928607139,0.0014163260322063583,0.00012946907382353675,0.001175303365641456,0.001679004808059223,0.614159139518162,1.0561414626050534,,,,,,0,grid_uncalibrated,True
prose,end,2,depth,14,recall,300,69,65515,,0.8840579710144928,0.8,0.953125,0.7840115942028983,0.7715294302140254,0.795811125,,,,0.10004637681159445,0.016145148705004404,0.16957074646832201,0.023997600239976002,0.7840115942028975,0.04942388685807787,0.6811594202898551,0.8695652173913043,2.0242514939968483,1.1276082873663522,,,,,0.0,0,grid_uncalibrated,True
prose,end,2,depth,14,f1,300,69,65515,,0.0029866278708136065,0.001992479290964573,0.004128045951184575,0.002827544073271023,0.0020911374292499484,0.0036298710552850303,,,,0.0001590837975425836,-0.00036189468472291425,0.0007416561310564663,0.24747525247475252,0.002827521092207702,0.0002582213525296416,0.0023462744283898056,0.0033509543577639896,0.6161642987585254,1.0562707663063533,,,,,,0,grid_uncalibrated,True
prose,end,2,depth,15,precision,300,41,65515,,0.0008089750438830802,0.000468785761801653,0.0011949740510562564,0.0008340196901472945,0.000543941320323209,0.0011596402543748642,,,,-2.5044646264214343e-05,-0.00021184972573175807,0.00017564036704252478,0.6242375762423757,0.0008340196901472984,0.00010037735361557275,0.0006410745630771579,0.001037930244982065,-0.24950494670475917,0.9699711570840791,,,,,,0,grid_uncalibrated,True
prose,end,2,depth,15,recall,300,41,65515,,0.8048780487804879,0.675658783783784,0.9166666666666666,0.7762707317073171,0.7605188300492611,0.7902715873015873,,,,0.028607317073170768,-0.0955633552220137,0.13587438003220625,0.4062593740625937,0.7762707317074309,0.06425660401860377,0.6341463414634146,0.9024390243902439,0.445204310280302,1.0368522422713713,,,,,0.0,0,grid_uncalibrated,True
prose,end,2,depth,15,f1,300,41,65515,,0.0016163255348013647,0.0009370709687040937,0.0023865270892943972,0.0016662491741678024,0.0010871243968584175,0.002315843042081458,,,,-4.9923639366437726e-05,-0.00042299971353307786,0.00035069310497120324,0.5818418158184182,0.0016662352442216647,0.00020042206055905033,0.0012809466805944203,0.002073339596909679,-0.2490230330986696,0.9700464207599847,,,,,,0,grid_uncalibrated,True
prose,end,2,depth,16,precision,300,31,65515,,0.0005647561627108295,0.00027769945875022,0.00090455554835325,0.0006096527512783332,0.00034488686603725816,0.0009196814896646604,,,,-4.489658856750365e-05,-0.00018702527785941932,9.213049184058353e-05,0.7254274572542746,0.0006096527512783219,8.611414562658988e-05,0.00044264672212470426,0.0007784476837365489,-0.5213613656712567,0.9263571131708123,,,,,,0,grid_uncalibrated,True
prose,end,2,depth,16,recall,300,31,65515,,0.8387096774193549,0.6756756756756757,0.96,0.7551354838709677,0.7081126201201203,0.7995314409722223,,,,0.08357419354838713,-0.10777229143492757,0.22174719814241406,0.18758124187581243,0.7551354838710662,0.07572134117610275,0.6129032258064516,0.9032258064516129,1.1037072541269808,1.1106744356918055,,,,,0.0,0,grid_uncalibrated,True
prose,end,2,depth,16,f1,300,31,65515,,0.0011287522652779025,0.0005551308148973972,0.0018073537714791378,0.0012183218998601214,0.0006894778370021116,0.0018370284059774698,,,,-8.956963458221887e-05,-0.00037330538870123146,0.00018417484063570756,0.6631336866313369,0.0012183117536480772,0.00017201731680164682,0.000884686458729758,0.0015555050986000454,-0.5206422820409748,0.9264888579610265,,,,,,0,grid_uncalibrated,True
prose,end,2,depth,17,precision,300,17,65515,,0.00032053728153857893,0.0001500878003626055,0.0005270827986840311,0.0003496741204304358,0.000183148633617553,0.0005427090114780963,,,,-2.9136838891856886e-05,-0.00011155849543944588,4.820044620459989e-05,0.7117288271172882,0.00034967412043043284,6.435406894238614e-05,0.00022895520109898496,0.0004884377623445012,-0.45275830061249206,0.9166743056192211,,,,,,0,grid_uncalibrated,True
prose,end,2,depth,17,recall,300,17,65515,,0.8823529411764706,0.6923076923076923,1.0,0.7887352941176471,0.7734726948051949,0.8027356617647058,,,,0.09361764705882347,-0.09400865384615399,0.21730589154411759,0.2725727427257274,0.7887352941177576,0.10006774766916213,0.5882352941176471,0.9411764705882353,0.9355426622394455,1.118693366148182,,,,,0.0,0,grid_uncalibrated,True
prose,end,2,depth,17,f1,300,17,65515,,0.0006408417609110939,0.000300110756685575,0.0010535698794933346,0.0006990383325609535,0.0003662115413040584,0.0010846770726953003,,,,-5.819657164985966e-05,-0.0002229546502688087,9.638017802015714e-05,0.6353364663533647,0.0006990327375416441,0.00012861994779955318,0.0004577322418962321,0.000976251966877836,-0.45242575219543363,0.9167550051587053,,,,,,0,grid_uncalibrated,True
prose,end,2,depth,18,precision,300,11,65515,,0.0001679004808059223,6.318948288675982e-05,0.00028880650667565305,0.00022696329084942378,0.000105484941848482,0.00036297967313910184,,,,-5.9062810043501485e-05,-0.00012958469428128258,7.100757491895378e-07,0.9007099290070993,0.0002269632908494167,5.2105820069438914e-05,0.00013737312065939097,0.0003358009616118446,-1.1335165623491628,0.7397693264736772,,,,,,0,grid_uncalibrated,True
prose,end,2,depth,18,recall,300,11,65515,,0.8181818181818182,0.5454545454545454,1.0,0.7863636363636364,0.7690626136363636,0.8034933928571428,,,,0.03181818181818186,-0.22823833333333318,0.21494999999999997,0.5741425857414258,0.7863636363637257,0.12209874029033232,0.5454545454545454,1.0,0.2605938582366506,1.0404624277455465,,,,,0.0,0,grid_uncalibrated,True
prose,end,2,depth,18,f1,300,11,65515,,0.0003357320654643615,0.00012665473756670823,0.0005774424925393761,0.00045379560546949567,0.00021174246103462297,0.0007256460886398297,,,,-0.00011806354000513415,-0.000259054223806066,1.4309818617584387e-06,0.8521147885211479,0.0004537917225318566,0.00010416408886818119,0.00027466323235899096,0.0006713539377960061,-1.1334007559639736,0.7398373500318591,,,,,,0,grid_uncalibrated,True
prose,end,2,depth,19,precision,300,5,65515,,0.0001221094405861253,1.559341729665405e-05,0.0002745166255697726,0.00010684881324887431,2.2234046078784466e-05,0.00020919098563428772,,,,1.5260627337250994e-05,-4.676928137390953e-05,0.00011299062697437564,0.40115988401159886,0.00010684881324887614,3.6072563358783786e-05,4.579104021979699e-05,0.00018316416087918797,0.42305358744440746,1.1428244907288165,,,,,,0,grid_uncalibrated,True
prose,end,2,depth,19,recall,300,5,65515,,1.0,1.0,1.0,0.79216,0.7584,0.8169500000000001,,,,0.20784000000000002,0.18304999999999993,0.24160000000000004,0.31116888311168883,0.7921600000000739,0.18070362414733493,0.4,1.0,1.1501706231993762,1.2623712381335925,,,,,0.0,0,grid_uncalibrated,True
prose,end,2,depth,19,f1,300,5,65515,,0.00024418906338232377,5.7638275411616635e-05,0.0005503056707632467,0.0002136688062362173,4.729936237240463e-05,0.0004185679765350122,,,,3.0520257146106464e-05,-9.374894839777311e-05,0.00022677293426158178,0.31996800319968005,0.0002136670095638802,7.212945865659392e-05,9.15715975428288e-05,0.0003662612358264532,0.4231565630314531,1.1428486965804534,,,,,,0,grid_uncalibrated,True
prose,end,2,depth,20,precision,300,2,65515,,1.5263680073265663e-05,0.0,4.7231264204920564e-05,3.551400442646722e-05,0.0,0.00010989298242558869,,,,-2.025032435320156e-05,-6.266171822066814e-05,0.0,0.9274072592740726,3.551400442646331e-05,2.0779651628635893e-05,0.0,7.631840036632832e-05,-0.97452665304991,0.4297932694374479,,,,,,0,grid_uncalibrated,True
prose,end,2,depth,20,recall,300,2,65515,,0.5,0.5,0.5,0.742,0.742,0.742,,,,-0.242,-0.242,-0.242,0.9274072592740726,0.742,0.31423856317686816,0.0,1.0,-0.770115537550339,0.6738544474393531,,,,,0.0,0,grid_uncalibrated,True
prose,end,2,depth,20,f1,300,2,65515,,3.0526428255261994e-05,2.9225665979863517e-05,0.0001189286911816091,7.102460943474867e-05,6.799822853653133e-05,0.00027669269946713275,,,,-4.0498181179486674e-05,-0.00015776400828552365,-3.877256255666781e-05,0.9274072592740726,7.102410100087157e-05,4.155593996697482e-05,0.0,0.00015262515262515263,-0.9745339120663312,0.4298037965293977,,,,,,0,grid_uncalibrated,True
prose,end,2,depth,21,precision,300,1,65515,,3.0527360146531325e-05,0.0,9.448435768917822e-05,2.4879798519423032e-05,0.0,7.700475151668025e-05,,,,5.647561627108293e-06,0.0,1.7479606172497976e-05,0.5008499150084992,2.4879798519420505e-05,1.7942702206724854e-05,0.0,6.105472029306265e-05,0.3147553563584273,1.2269938650307994,,,,,,0,grid_uncalibrated,True
prose,end,2,depth,21,recall,300,1,65515,,1.0,1.0,1.0,0.8233,0.8233,0.8233,,,,0.17669999999999997,0.17669999999999997,0.17669999999999997,0.8233176682331766,0.8233,0.3814336890809549,0.0,1.0,0.46325221148071544,1.2146240738491436,,,,,0.0,0,grid_uncalibrated,True
prose,end,2,depth,21,f1,300,1,65515,,6.105285651052399e-05,5.836246600248265e-05,0.00023824556585717678,4.975809336905652e-05,4.7565423785157136e-05,0.00019417036935707714,,,,1.129476314146747e-05,1.0797042217325512e-05,4.4075196500099647e-05,0.5008499150084992,4.975771529766404e-05,3.588331517996815e-05,0.0,0.00012210198568354217,0.3147741828259351,1.2270028104242603,,,,,,0,grid_uncalibrated,True
prose,end,2,depth,22,precision,300,2,65515,,4.579104021979699e-05,0.0,0.00012390935618815138,3.619171182172022e-05,0.0,9.278591081836672e-05,,,,9.599328398076772e-06,-6.490351348761978e-06,3.5809662621162437e-05,0.42875712428757123,3.619171182171622e-05,2.0445152239742136e-05,0.0,7.631840036632832e-05,0.46951611245140046,1.2652355446840415,,,,,,0,grid_uncalibrated,True
prose,end,2,depth,22,recall,300,2,65515,,1.0,1.0,1.0,0.75525,0.7426,0.7679,,,,0.24475000000000002,0.23209999999999997,0.25739999999999996,0.5695430456954305,0.75525,0.30328474353908763,0.0,1.0,0.8069974016627592,1.32406487917908,,,,,0.0,0,grid_uncalibrated,True
prose,end,2,depth,22,f1,300,2,65515,,9.157788699288744e-05,2.9803061371522833e-05,0.0002536106440833797,7.237995518335482e-05,3.41450912175907e-05,0.00018770206401287637,,,,1.9197931809532623e-05,-1.3172446536043217e-05,7.271861175606248e-05,0.39086091390860916,7.237944631982819e-05,4.08869547021685e-05,0.0,0.00015262515262515263,0.4695492929934701,1.2652471336714257,,,,,,0,grid_uncalibrated,True
prose,end,2,category,clause_level,precision,300,2524,65515,,0.0700602915362894,0.06782758423099391,0.0723582219007388,0.046401329466534365,0.04486005323382679,0.04794924850962411,,,,0.023658962069755034,0.02232594062889397,0.025024145253721014,9.999000099990002e-05,0.04640132946653472,0.0007236978685840094,0.04498206517591391,0.04779058230939479,32.6917669607704,1.5098768147757027,,,,,,0,grid_uncalibrated,True
prose,end,2,category,clause_level,recall,300,2524,65515,,0.9873217115689382,0.9827586206896551,0.9915424889246879,0.7563673930269419,0.7504272315879577,0.7621483106908099,,,,0.23095431854199633,0.22401683343508083,0.23786692824052574,9.999000099990002e-05,0.7563673930269339,0.008511411119338261,0.7396988906497622,0.7729793977812995,27.13466842381365,1.3053467411091586,,,,,0.0,0,grid_uncalibrated,True
prose,end,2,category,clause_level,f1,300,2524,65515,,0.1308364370671897,0.12693268368660218,0.13483357900070472,0.0874385152739232,0.08468632009136744,0.09020475341261218,,,,0.0433979217932665,0.04105566639623052,0.045793210528850437,9.999000099990002e-05,0.08743788932378252,0.0013242046315513835,0.08485321799056857,0.08998859856854755,32.77329402825244,1.4963357198925782,,,,,,0,grid_uncalibrated,True
prose,end,2,category,phrase_level,precision,300,13781,65515,,0.2823780813554148,0.2778719178327726,0.2869827913571022,0.27589881248569037,0.2720609787926967,0.2798072809053657,,,,0.006479268869724442,0.0034618397101310707,0.009595970687809659,9.999000099990002e-05,0.27589881248569204,0.0015573944960508002,0.27283828130962373,0.27897428069907654,4.160326035665809,1.0234842216657196,,,,,,0,grid_uncalibrated,True
prose,end,2,category,phrase_level,recall,300,13781,65515,,0.9048690225673028,0.8985821818951552,0.9108276262507773,0.7795980552935202,0.7740037269144908,0.7850308320633581,,,,0.12527096727378262,0.11887535426311507,0.1315178753553703,9.999000099990002e-05,0.7795980552935388,0.0032093476804715944,0.7732385167984906,0.7857920325085263,39.033155564920364,1.1606866082119667,,,,,0.0,0,grid_uncalibrated,True
prose,end,2,category,phrase_level,f1,300,13781,65515,,0.43043302043234455,0.42493338951782145,0.43595686648843834,0.4075619440239372,0.4029573607087493,0.41220344745646537,,,,0.022871076408407354,0.018957712039226155,0.026947009664074643,9.999000099990002e-05,0.40756052382723457,0.002016494310291448,0.40359869198632803,0.41153040916973066,11.34270326892426,1.0561204907441077,,,,,,0,grid_uncalibrated,True
prose,end,2,category,structural_other,precision,300,18,65515,,0.0006868656032969549,0.00034987946573363193,0.0010853956808936987,0.00038395329313897585,0.00021545400865387115,0.0005763915584312257,,,,0.000302912310157979,9.789878907103649e-05,0.000541338969934332,9.999000099990002e-05,0.0003839532931389767,6.769288913569271e-05,0.00025948256124551627,0.0005189651224910325,4.474802509179066,1.7889301005378673,,,,,,0,grid_uncalibrated,True
prose,end,2,category,structural_other,recall,300,18,65515,,0.9444444444444444,0.8125,1.0,0.7901000000000001,0.7587264545454545,0.8168370321637427,,,,0.15434444444444428,0.014980454545454583,0.23546833333333336,0.0771922807719228,0.7900999999999507,0.09358577845248651,0.6111111111111112,0.9444444444444444,1.6492296906292694,1.1953479868934354,,,,,0.0,0,grid_uncalibrated,True
prose,end,2,category,structural_other,f1,300,18,65515,,0.0013727328599049853,0.0006994477740780664,0.0021684336920141977,0.0007675335992471635,0.00043078694055092144,0.0011519320964443168,,,,0.0006051992606578218,0.00019571287241013514,0.0010811894403902525,9.999000099990002e-05,0.0007675270792540457,0.00013528231029299762,0.0005187448593632753,0.001037360223337554,4.473650541154795,1.7885139130714907,,,,,,0,grid_uncalibrated,True
prose,start,3,all,all,precision,300,25185,65515,,0.6268030222086545,0.6196814908514261,0.6339440226507458,0.5805027779897735,0.5740211297917046,0.586987835210495,,,,0.046300244218881015,0.041306667244386204,0.051307143201446755,9.999000099990002e-05,0.5805027779897733,0.0017079920560516201,0.5771346256582462,0.5838815538426314,27.10799740246673,1.0797588676133723,,,,,,0,grid_uncalibrated,True
prose,start,3,all,all,recall,300,25185,65515,,0.9626761961485011,0.9598159095679486,0.9654749029286427,0.8893640937065713,0.8851484375456952,0.8935869874585759,,,,0.07331210244192976,0.06940268908612238,0.07731353238111424,9.999000099990002e-05,0.8893640937065713,0.0017026782306625346,0.886043279729998,0.8927933293627159,43.05693296695468,1.0824320466282706,,,,,0.0,0,grid_uncalibrated,True
prose,start,3,all,all,f1,300,25185,65515,,0.7592528951437052,0.7537711004968245,0.7647109057412499,0.7024831118823639,0.6971259103192817,0.7077837688111938,,,,0.0567697832613413,0.0522468316047669,0.061225970971543565,9.999000099990002e-05,0.7024819377433104,0.0015729690601551981,0.6993833966080469,0.7055855966941637,36.091591906323636,1.0808148286100692,,,,,,0,grid_uncalibrated,True
prose,start,3,depth,1,precision,300,1478,65515,,0.06490116767152561,0.06254598669325497,0.06725955848706953,0.04197000534228806,0.04064717712190692,0.04330468495285943,,,,0.022931162329237552,0.021421552696777233,0.024465156194607908,9.999000099990002e-05,0.04197000534228693,0.0006800740704307151,0.040647180035106464,0.04333358772800122,33.718624670862035,1.5463702504258285,,,,,,0,grid_uncalibrated,True
prose,start,3,depth,1,recall,300,1478,65515,,0.9993234100135318,0.9978887735278666,1.0,0.8891243572395122,0.8847602498558024,0.8934101815286406,,,,0.11019905277401953,0.10560321164656716,0.11472585051166194,9.999000099990002e-05,0.8891243572395088,0.007990155941390992,0.8728010825439784,0.9046008119079838,13.791852572384041,1.1239411021380197,,,,,0.0,0,grid_uncalibrated,True
prose,start,3,depth,1,f1,300,1478,65515,,0.12188640922473146,0.11772401606974339,0.126039735226555,0.08015633113667865,0.07774019182959573,0.08259484288951607,,,,0.041730078088052805,0.039066055710461116,0.044408045900213716,9.999000099990002e-05,0.08015567506807227,0.0012576725463585682,0.07771392685606318,0.08268053408425248,33.180921597982916,1.5206210804315394,,,,,,0,grid_uncalibrated,True
prose,start,3,depth,2,precision,300,2411,65515,,0.07529573380141952,0.07222040733572799,0.07836610006498064,0.066894364649317,0.06480358555812597,0.0689898344989923,,,,0.008401369152102517,0.0066494997947142845,0.010146190442917974,9.999000099990002e-05,0.06689436464931699,0.0008472589307944516,0.06523696863313745,0.06853392352896283,9.915940507378064,1.1255915830301306,,,,,,0,grid_uncalibrated,True
prose,start,3,depth,2,recall,300,2411,65515,,0.9892160929075072,0.983790523690773,0.9938273507786455,0.890420779759435,0.8861655980288151,0.8946057099004763,,,,0.09879531314807222,0.09203126394635935,0.10489592078217852,9.999000099990002e-05,0.8904207797594298,0.0062928589304829035,0.8780588967233514,0.9025300705101618,15.699591273134745,1.1109535125345678,,,,,0.0,0,grid_uncalibrated,True
prose,start,3,depth,2,f1,300,2411,65515,,0.1399397352567137,0.13460945297188193,0.1452350795524184,0.1244399666723005,0.12080977316826749,0.1280574432371191,,,,0.015499768584413182,0.012433205008474528,0.018512495621501136,9.999000099990002e-05,0.12443903649626255,0.001499630331838468,0.12152912724625493,0.12732515669734668,10.336346519110545,1.124564599637644,,,,,,0,grid_uncalibrated,True
prose,start,3,depth,3,precision,300,3547,65515,,0.10525833778524002,0.10180710225156195,0.10876028685318652,0.09904283141265346,0.09621458741381254,0.10185941312450184,,,,0.0062155063725865545,0.004114479004531913,0.008277851760235646,9.999000099990002e-05,0.09904283141265305,0.0010137555307432812,0.09709188735404106,0.1009997710447989,6.131168890422514,1.062755741974809,,,,,,0,grid_uncalibrated,True
prose,start,3,depth,3,recall,300,3547,65515,,0.9641950944460107,0.9575413061196449,0.970639651431443,0.8863208345080343,0.8819318997707608,0.8906964272416084,,,,0.07787425993797636,0.07054858713966523,0.08517346513605954,9.999000099990002e-05,0.8863208345080311,0.005089912344794548,0.8762334367070764,0.8959684240202989,15.299725154917759,1.0878623822277687,,,,,0.0,0,grid_uncalibrated,True
prose,start,3,depth,3,f1,300,3547,65515,,0.18979708677979024,0.1841525593207571,0.1955191665841629,0.17817528294526605,0.17356944999523186,0.18273241539136403,,,,0.011621803834524186,0.008145693193574501,0.015051519761957012,9.999000099990002e-05,0.1781740700548379,0.001697249778542264,0.17489541491936803,0.18145905685221728,6.848147439403483,1.0652340529762554,,,,,,0,grid_uncalibrated,True
prose,start,3,depth,4,precision,300,3827,65515,,0.11302755094253225,0.10940814807289707,0.11669902508340452,0.10807255437686024,0.10507420039642618,0.11111311292170829,,,,0.004954996565672012,0.0028138438614860955,0.007134695425704683,9.999000099990002e-05,0.10807255437686045,0.001067633399220886,0.10596046706861025,0.1101579790887583,4.641102994049973,1.0458487966185495,,,,,,0,grid_uncalibrated,True
prose,start,3,depth,4,recall,300,3827,65515,,0.9545335772145284,0.9476495427398283,0.9611848825331971,0.8895003919519209,0.8852995866649912,0.8936790633840149,,,,0.06503318526260748,0.0577298498838832,0.07234097222160392,9.999000099990002e-05,0.8895003919519284,0.004895709293116786,0.879801411026914,0.8991377057747583,13.283710565501623,1.0731120366567692,,,,,0.0,0,grid_uncalibrated,True
prose,start,3,depth,4,f1,300,3827,65515,,0.20212162035390252,0.19626570495913,0.20802575472998952,0.1927289223935703,0.1879476366443063,0.19755761882357914,,,,0.009392697960332208,0.005873568786555332,0.012955028230654432,9.999000099990002e-05,0.19272763143387606,0.0017622112777427872,0.18924192835361808,0.1961583999444386,5.3307960507772965,1.0487423046199242,,,,,,0,grid_uncalibrated,True
prose,start,3,depth,5,precision,300,3346,65515,,0.09976341295886439,0.09634492196097656,0.10311898685660648,0.09490521254674499,0.09219321182272618,0.09769652884701595,,,,0.004858200412119401,0.0029742995801356883,0.006744155024750902,9.999000099990002e-05,0.09490521254674389,0.0009863986703497682,0.0929558116461879,0.09684805006487064,4.9251895386252125,1.0511900272045402,,,,,,0,grid_uncalibrated,True
prose,start,3,depth,5,recall,300,3346,65515,,0.9545726240286909,0.947228672989596,0.9618253440719144,0.890617184698147,0.8863557565889122,0.8949135112234621,,,,0.06395543933054393,0.056620282436401825,0.07134517169198501,9.999000099990002e-05,0.8906171846981457,0.00521041858620955,0.8804542737597131,0.9007770472205618,12.274530015652974,1.0718102462307884,,,,,0.0,0,grid_uncalibrated,True
prose,start,3,depth,5,f1,300,3346,65515,,0.18064719320852565,0.17500323336058984,0.18615340834362396,0.171531795619979,0.16706631318264756,0.17608353237384286,,,,0.009115397588546653,0.005982666652782558,0.012286536029551019,9.999000099990002e-05,0.17153061440849607,0.0016633629234660712,0.16824033152909637,0.17477597795117175,5.480811596445051,1.0531484063732126,,,,,,0,grid_uncalibrated,True
prose,start,3,depth,6,precision,300,2807,65515,,0.0841028772036938,0.08093061578144269,0.08732256614229049,0.07959745859726781,0.07720142181124819,0.08206575096326736,,,,0.00450541860642599,0.002633853761189834,0.006321735653327464,9.999000099990002e-05,0.07959745859726836,0.0009298451313225696,0.07781424101350835,0.08143173319087232,4.845343008912834,1.0566025434206523,,,,,,0,grid_uncalibrated,True
prose,start,3,depth,6,recall,300,2807,65515,,0.9636622728892056,0.9566734800838574,0.9702901987690449,0.8903708229426434,0.8860264239175152,0.8947072638271245,,,,0.07329144994656223,0.06556387770095347,0.08084068579751631,9.999000099990002e-05,0.890370822942642,0.005721624899672991,0.8792304951905949,0.9016743854649092,12.809551697587235,1.082315646535157,,,,,0.0,0,grid_uncalibrated,True
prose,start,3,depth,6,f1,300,2807,65515,,0.15470407618624724,0.14929484356546144,0.16015968763562521,0.14613107678712522,0.14207558417556607,0.15029684938151744,,,,0.008572999399122011,0.005357611986137608,0.011673814583751654,9.999000099990002e-05,0.14612999461853593,0.0016090859671620769,0.1430257399759493,0.1493122019573838,5.328541633380407,1.05867434396404,,,,,,0,grid_uncalibrated,True
prose,start,3,depth,7,precision,300,2256,65515,,0.06615278943753339,0.06323469628576497,0.06910163427759893,0.06378002594825613,0.06153611678416082,0.06601486664621703,,,,0.0023727634892772576,0.000670273398420468,0.004029947483243462,0.0028997100289971,0.06378002594825585,0.0008314874566784148,0.06213844157826452,0.06545066015416316,2.8536371417509216,1.037202297333691,,,,,,0,grid_uncalibrated,True
prose,start,3,depth,7,recall,300,2256,65515,,0.9592198581560284,0.950316169828365,0.9674698067229325,0.8896890514184397,0.8851625280687038,0.8941945040247942,,,,0.06953080673758871,0.06023478101178821,0.07833318337739681,9.999000099990002e-05,0.8896890514184351,0.006364500160131018,0.8772163120567376,0.9020390070921985,10.92478670566361,1.0781518066640698,,,,,0.0,0,grid_uncalibrated,True
prose,start,3,depth,7,f1,300,2256,65515,,0.12376977179919621,0.11860274871437954,0.12893383198372074,0.11902722832305147,0.11510274505371312,0.12290965667728128,,,,0.004742543476144737,0.0017275660011732991,0.007671433781835462,0.0010998900109989002,0.1190263299566328,0.001479291925811642,0.1160941993335566,0.12198467039150679,3.206562382851396,1.0398520381523289,,,,,,0,grid_uncalibrated,True
prose,start,3,depth,8,precision,300,1684,65515,,0.048538502632984815,0.04578156126709645,0.05140534226066042,0.047471267648630085,0.04520826506085653,0.049771285390079,,,,0.00106723498435473,-0.00030226390658387323,0.002464386756266878,0.0694930506949305,0.04747126764863044,0.0007278793549372094,0.04601999542089598,0.04888956727466992,1.4662251060087304,1.022481703927811,,,,,,0,grid_uncalibrated,True
prose,start,3,depth,8,recall,300,1684,65515,,0.9495249406175772,0.9384178246782026,0.96,0.8893425771971503,0.8844802490651957,0.8941145220418899,,,,0.06018236342042693,0.04908059776373258,0.07071254669831055,9.999000099990002e-05,0.889342577197162,0.007495260441580974,0.8741092636579573,0.9038004750593824,8.029389223961497,1.0676706198078192,,,,,0.0,0,grid_uncalibrated,True
prose,start,3,depth,8,f1,300,1684,65515,,0.09235589008279223,0.0873478185311083,0.09753005217450468,0.09013150210306382,0.08603667761411682,0.09426976604662778,,,,0.002224387979728404,-0.0002750965489907263,0.00477258761894291,0.0466953304669533,0.09013077675156332,0.0013330453344823133,0.08745730075210963,0.09273629688091994,1.6691955432206111,1.024687608510933,,,,,,0,grid_uncalibrated,True
prose,start,3,depth,9,precision,300,1195,65515,,0.034694344806532856,0.032262743224618334,0.037118652139618874,0.033586865603296975,0.03149697907642042,0.03564210958827451,,,,0.001107479203235881,-6.607736501107972e-05,0.0022720113349648506,0.036096390360963904,0.033586865603297676,0.0006157913318280345,0.03238914752346791,0.03478592688697245,1.798465074114512,1.032973580098717,,,,,,0,grid_uncalibrated,True
prose,start,3,depth,9,recall,300,1195,65515,,0.9556485355648535,0.9439724636431484,0.9664149322209776,0.8879890376569041,0.8827338953543695,0.8930649889703739,,,,0.06765949790794945,0.05571448197172951,0.0789139716508565,9.999000099990002e-05,0.8879890376569001,0.00900676203862753,0.8702928870292888,0.9054393305439331,7.5120778830150545,1.0761940688890528,,,,,0.0,0,grid_uncalibrated,True
prose,start,3,depth,9,f1,300,1195,65515,,0.06695781928439086,0.062413578333704464,0.07146964927627589,0.06472558225421096,0.06083360342407739,0.0685376239131668,,,,0.0022322370301798983,3.356490234436157e-05,0.004410622392686386,0.025797420257974202,0.06472503701184891,0.0011564488439517076,0.06246113986530015,0.06697190659624995,1.930722905919727,1.0344964232640486,,,,,,0,grid_uncalibrated,True
prose,start,3,depth,10,precision,300,871,65515,,0.025780355643745707,0.02347906017396451,0.0281638561269784,0.024545984888956734,0.022618841935864813,0.026505417805936654,,,,0.001234370754788973,0.00016954453709114206,0.002300478153749525,0.0084991500849915,0.024545984888957074,0.0005266204732881867,0.023506067312829122,0.025566664122719986,2.3439475246400803,1.0502880923447468,,,,,,0,grid_uncalibrated,True
prose,start,3,depth,10,recall,300,871,65515,,0.9529276693455798,0.9384054981585115,0.9667459951036079,0.8891343283582093,0.8838173374905748,0.8942222731063862,,,,0.06379334098737055,0.048285905503734385,0.0785251630138432,9.999000099990002e-05,0.8891343283582197,0.010508690622935626,0.8679678530424799,0.9092996555683123,6.07053183658568,1.0717476976793305,,,,,0.0,0,grid_uncalibrated,True
prose,start,3,depth,10,f1,300,871,65515,,0.05020253965683526,0.04583208493143359,0.05470891716612164,0.04777311598313787,0.04411423191007796,0.05147766262812562,,,,0.0024294236736973895,0.0004060484408594606,0.004456713251582294,0.0066993300669933005,0.04777270421176256,0.0010055885598027419,0.045792878320523984,0.04972281627414131,2.4163316312482115,1.0508624220706022,,,,,,0,grid_uncalibrated,True
prose,start,3,depth,11,precision,300,650,65515,,0.019201709532168206,0.017206289270041954,0.02121884152164686,0.018320024421888112,0.01662444773572249,0.019996887448295746,,,,0.0008816851102800942,5.2652928961692574e-05,0.0017580039877520767,0.025297470252974703,0.018320024421887685,0.00045099011924945695,0.017446386323742655,0.019201709532168206,1.9549987297899822,1.0481268523434464,,,,,,0,grid_uncalibrated,True
prose,start,3,depth,11,recall,300,650,65515,,0.96,0.9459459459459459,0.9733124018838305,0.8903044615384621,0.884823217040435,0.8955301362423039,,,,0.06969553846153786,0.05501705209091733,0.08378680430161811,9.999000099990002e-05,0.8903044615384633,0.012094873105402072,0.8661538461538462,0.9138461538461539,5.762403446002896,1.0782828138826817,,,,,0.0,0,grid_uncalibrated,True
prose,start,3,depth,11,f1,300,650,65515,,0.037650345115693255,0.0338068061103843,0.04152312549896619,0.03590129856793736,0.032639513777298165,0.03911456059736354,,,,0.0017490465477558934,0.00014578888166918194,0.0034364674551655328,0.0206979302069793,0.035900990397559104,0.0008712413315908623,0.03420621747043911,0.037585140841952164,2.0078876594845174,1.04872719941044,,,,,,0,grid_uncalibrated,True
prose,start,3,depth,12,precision,300,411,65515,,0.012073570937953141,0.010497739605854999,0.013683274771975298,0.011601425627718837,0.010235069916937452,0.012977572275498889,,,,0.00047214531023430373,-0.00027883361818964274,0.0012414000878160241,0.10738926107389261,0.011601425627718879,0.0003688516384306966,0.010883003892238419,0.012317789819125392,1.2800412443415872,1.0406971802763776,,,,,,0,grid_uncalibrated,True
prose,start,3,depth,12,recall,300,411,65515,,0.9513381995133819,0.9279069767441861,0.971764705882353,0.8911717761557179,0.885093205931404,0.8971501801718157,,,,0.06016642335766409,0.036312068092769066,0.08116896878554274,9.999000099990002e-05,0.891171776155723,0.015374785475174452,0.8588807785888077,0.9197080291970803,3.9133179096911137,1.0675138339964052,,,,,0.0,0,grid_uncalibrated,True
prose,start,3,depth,12,f1,300,411,65515,,0.023844527522076046,0.020765088711096728,0.0269767835050126,0.022904674312813324,0.0202361510759374,0.025583267522963273,,,,0.0009398532092627226,-0.0005256488800416681,0.0024450793467525665,0.0984901509849015,0.02290446302899412,0.0007215586706011329,0.021492126174942058,0.0243100344844389,1.3028247478458765,1.0410428522987825,,,,,,0,grid_uncalibrated,True
prose,start,3,depth,13,precision,300,260,65515,,0.007418148515607113,0.00613392645432756,0.008806087635073201,0.007413686941921695,0.006255771249792921,0.008601885234499104,,,,4.461573685417622e-06,-0.0005065655744671057,0.0005494674997891619,0.503949605039496,0.007413686941921747,0.0002905119374325947,0.0068381286728230175,0.007982904678317942,0.015357626005990773,1.0006018022773713,,,,,,0,grid_uncalibrated,True
prose,start,3,depth,13,recall,300,260,65515,,0.9461538461538461,0.9178571428571428,0.9715302491103203,0.8928242307692305,0.8867027270778757,0.8987573732371911,,,,0.05332961538461567,0.024196586925458428,0.07969652321964825,0.0015998400159984002,0.8928242307691958,0.018957634564304167,0.8538461538461538,0.926923076923077,2.8130943870532272,1.059731371021041,,,,,0.0,0,grid_uncalibrated,True
prose,start,3,depth,13,f1,300,260,65515,,0.014720880622789438,0.01218807168518314,0.017450798188659983,0.01470526670974754,0.012424621326237775,0.017039883538321712,,,,1.5613913041898422e-05,-0.0009916054726792438,0.0010878711618269577,0.48185181481851813,0.014705135004674994,0.0005728637249442059,0.013570895434777073,0.01582891854639278,0.027485800599397165,1.0010707564472845,,,,,,0,grid_uncalibrated,True
prose,start,3,depth,14,precision,300,150,65515,,0.004166984660001526,0.0032715498808725124,0.00513903451439422,0.004214392123941083,0.003402484562924091,0.005061992952061799,,,,-4.740746393955709e-05,-0.00039263672713383906,0.0003128737852899015,0.5960403959604039,0.004214392123941132,0.00021827421938179972,0.0037853926581698847,0.004655422422346027,-0.21719222762025656,0.9887510553015955,,,,,,0,grid_uncalibrated,True
prose,start,3,depth,14,recall,300,150,65515,,0.9333333333333333,0.8913006506950606,0.9696969696969697,0.8904226666666669,0.8830013879844961,0.8975416384465099,,,,0.04291066666666643,0.0012040588442567518,0.0786745186001504,0.050094990500949906,0.8904226666666224,0.025414461065718662,0.84,0.94,1.688435043172832,1.0481913458328176,,,,,0.0,0,grid_uncalibrated,True
prose,start,3,depth,14,f1,300,150,65515,,0.008296926642100065,0.006519221576955669,0.010223302460671494,0.008389078535269844,0.006779039309899806,0.010066808415689778,,,,-9.215189316977811e-05,-0.0007773694311593852,0.0006224706541634895,0.5681431856814319,0.008389003329669485,0.00043304508155468717,0.007537861739623458,0.009264633293013013,-0.21262610174176946,0.9890241207505818,,,,,,0,grid_uncalibrated,True
prose,start,3,depth,15,precision,300,119,65515,,0.0037853926581698847,0.002874590352311401,0.00475493437464938,0.003337713500725024,0.002581180356774059,0.004135809335980286,,,,0.00044767915744486084,0.00012012722145684354,0.00079636656391106,0.013398660133986601,0.0033377135007250816,0.000195804076414307,0.0029611539342135388,0.003724337937876822,2.2863628053256,1.1341274969668755,,,,,,0,grid_uncalibrated,True
prose,start,3,depth,15,recall,300,119,65515,,0.9663865546218487,0.9302284924377948,0.9924242424242424,0.8881352941176471,0.8801016585365854,0.895737987295082,,,,0.07825126050420161,0.04094687537524661,0.10784688687168904,0.0022997700229977,0.8881352941176305,0.028854012067820355,0.8319327731092437,0.9411764705882353,2.7119715733219834,1.0881073649729927,,,,,0.0,0,grid_uncalibrated,True
prose,start,3,depth,15,f1,300,119,65515,,0.00754124581539522,0.005732323165885958,0.009462976330247029,0.0066504339140144916,0.0051473449151965295,0.00823335485800812,,,,0.0008908119013807288,0.00024007008536032425,0.001582749361558446,0.011398860113988602,0.006650372236489177,0.0003891045494459142,0.005901717458815762,0.0074182339018243814,2.2895480923434315,1.1339584533355906,,,,,,0,grid_uncalibrated,True
prose,start,3,depth,16,precision,300,76,65515,,0.0022437609707700525,0.0015106729205888601,0.0030583332366341965,0.002102246813706785,0.001512648541341406,0.002728279053611764,,,,0.00014151415706326748,-0.00016607584625376475,0.00048221758505845395,0.193980601939806,0.002102246813706796,0.00015739639396169185,0.0018011142486453484,0.002411661451575975,0.899094023067004,1.0673156720422048,,,,,,0,grid_uncalibrated,True
prose,start,3,depth,16,recall,300,76,65515,,0.9605263157894737,0.9066666666666666,1.0,0.8831052631578945,0.8631360138530927,0.8986836520899194,,,,0.07742105263157917,0.01970129480286739,0.1206418665850672,0.017198280171982803,0.8831052631578891,0.03633701384612658,0.8026315789473685,0.9473684210526315,2.1306388290307314,1.0876691101972773,,,,,0.0,0,grid_uncalibrated,True
prose,start,3,depth,16,f1,300,76,65515,,0.004477063653698646,0.003016383453716469,0.0060974130867877865,0.004194508529872132,0.0030201445377250526,0.005439679909323854,,,,0.00028255512382651445,-0.00033055102121906015,0.0009611405967756011,0.16918308169183083,0.004194469331505623,0.0003135180610635899,0.0035945404109732483,0.004811075623883505,0.9013653670679789,1.0673730810404054,,,,,,0,grid_uncalibrated,True
prose,start,3,depth,17,precision,300,44,65515,,0.00126688544608105,0.0007317173638973714,0.0018694291718322966,0.0012472029306265745,0.0007888255668652064,0.0017405364649183818,,,,1.9682515454475576e-05,-0.0002204489780188973,0.0002806520472689665,0.45655434456554345,0.0012472029306265528,0.00011968617242706729,0.0010226665649087994,0.0014805769671067694,0.1644510393754226,1.0157813255334553,,,,,,0,grid_uncalibrated,True
prose,start,3,depth,17,recall,300,44,65515,,0.9545454545454546,0.8809523809523809,1.0,0.892534090909091,0.883978671875,0.9010161833333333,,,,0.062011363636363614,-0.00894053084648486,0.1096484115581098,0.12998700129987,0.8925340909090779,0.0461649058041981,0.7954545454545454,0.9772727272727273,1.343257666318851,1.069477865627761,,,,,0.0,0,grid_uncalibrated,True
prose,start,3,depth,17,f1,300,44,65515,,0.0025304124949823647,0.0014622426253731169,0.0037313313579065218,0.0024909251100651685,0.0015762663660732756,0.0034743443999951827,,,,3.948738491719615e-05,-0.00043971039549543534,0.0005599795455780832,0.40955904409559046,0.0024909021578560296,0.00023879803274398236,0.0020426298096624103,0.0029566745456974927,0.16545503609191992,1.01586185832379,,,,,,0,grid_uncalibrated,True
prose,start,3,depth,18,precision,300,24,65515,,0.0005952835228573609,0.0002885239477963939,0.0009503900990755477,0.0006824330306036784,0.00036510485348694246,0.0010366219379689774,,,,-8.714950774631755e-05,-0.00024396674354896562,7.099785149719583e-05,0.857014298570143,0.0006824330306036681,8.858306144463591e-05,0.0005189651224910325,0.0008547660841028772,-0.9838168417872459,0.8722958827634466,,,,,,0,grid_uncalibrated,True
prose,start,3,depth,18,recall,300,24,65515,,0.875,0.7142857142857143,1.0,0.8957916666666667,0.8853374320652174,0.9052375625000001,,,,-0.020791666666666653,-0.18028360714285707,0.10248607142857143,0.7614238576142386,0.895791666666667,0.06212416585246918,0.75,1.0,-0.3346792086680485,0.9767896181217728,,,,,0.0,0,grid_uncalibrated,True
prose,start,3,depth,18,f1,300,24,65515,,0.00118975762501716,0.0005768393358160343,0.0018988075773970139,0.001363827068912061,0.0007299113495706867,0.002070848079327806,,,,-0.00017406944389490087,-0.0004872267190115141,0.00014179679461738266,0.8384161583841616,0.0013638145441848405,0.0001769328338575779,0.0010372502912248786,0.0017080721660490156,-0.9837457264025262,0.8723749354999618,,,,,,0,grid_uncalibrated,True
prose,start,3,depth,19,precision,300,14,65515,,0.00030527360146531327,0.00011937380990492307,0.000527483405206601,0.0004054521865221705,0.00017422684606203863,0.000680164423081399,,,,-0.00010017858505685721,-0.0002487770404164236,2.415782296103909e-05,0.9471052894710529,0.00040545218652217444,6.894732217046851e-05,0.00027474624131878193,0.0005494924826375639,-1.4529728190048492,0.752921334778935,,,,,,0,grid_uncalibrated,True
prose,start,3,depth,19,recall,300,14,65515,,0.7857142857142857,0.5454545454545454,1.0,0.89475,0.8797498611111111,0.9061925000000001,,,,-0.10903571428571435,-0.34794038461538457,0.10511897727272722,0.9481051894810519,0.8947500000000371,0.08146702828674805,0.7142857142857143,1.0,-1.3384029904953323,0.878138346704949,,,,,0.0,0,grid_uncalibrated,True
prose,start,3,depth,19,f1,300,14,65515,,0.00061031007913225,0.00023870469916428307,0.0010543557400105206,0.0008105370815864069,0.00034838594180146786,0.0013593046566363087,,,,-0.00020022700245415687,-0.0004971721223838618,4.830527865872314e-05,0.9417058294170583,0.0008105295330636459,0.0001377859633978878,0.0005493004049009803,0.001098335013300884,-1.4531193816398948,0.7529769789206757,,,,,,0,grid_uncalibrated,True
prose,start,3,depth,20,precision,300,7,65515,,0.00015263680073265663,3.0064236011650838e-05,0.0003212935027243092,0.00020514233381668323,5.9495367840212715e-05,0.00038342564048822816,,,,-5.25055330840266e-05,-0.0001503916661534987,4.296229748048098e-05,0.8963103689631037,0.0002051423338166797,4.8973387122450104e-05,0.00010684576051285965,0.00030527360146531327,-1.0721237833262667,0.7440531551574171,,,,,,0,grid_uncalibrated,True
prose,start,3,depth,20,recall,300,7,65515,,0.8571428571428571,0.5,1.0,0.8965857142857142,0.8802666666666666,0.9175857142857142,,,,-0.03944285714285711,-0.4012775,0.11563333333333325,0.8401159884011599,0.8965857142857371,0.1147964803677403,0.5714285714285714,1.0,-0.34358942901845335,0.9560077117955175,,,,,0.0,0,grid_uncalibrated,True
prose,start,3,depth,20,f1,300,7,65515,,0.00030521924916064705,6.05083304877225e-05,0.0006424260701492522,0.00041019081436353635,0.00012133762867979078,0.0007665383003491284,,,,-0.0001049715652028893,-0.0003006117257374241,8.597532224423228e-05,0.869013098690131,0.00041018699044665155,9.790730660080634e-05,0.00021366488697381841,0.0006103608758678569,-1.0721134604793634,0.7440978292078317,,,,,,0,grid_uncalibrated,True
prose,start,3,depth,21,precision,300,4,65515,,7.631840036632832e-05,0.0,0.00017346956761046472,0.00011051209646645806,0.0,0.0002532234070426889,,,,-3.419369610012974e-05,-8.314689013701242e-05,0.0,0.8845115488451155,0.00011051209646646027,3.6094853948609176e-05,4.579104021979699e-05,0.00018316416087918797,-0.9473288394189366,0.690588657771871,,,,,,0,grid_uncalibrated,True
prose,start,3,depth,21,recall,300,4,65515,,0.75,0.5,1.0,0.887775,0.87785,0.9152,,,,-0.13777499999999998,-0.37785,0.11980000000000002,0.9378062193780622,0.887775,0.15724748663238836,0.5,1.0,-0.8761666272103225,0.8448086508405847,,,,,0.0,0,grid_uncalibrated,True
prose,start,3,depth,21,f1,300,4,65515,,0.00015262127031770662,3.052711566964032e-05,0.0003501804905339373,0.00022099668280171333,5.212124964189539e-05,0.0005095373811895033,,,,-6.837541248400672e-05,-0.00016766927490651743,-8.526804862665266e-06,0.8729127087291271,0.00022099459368753497,7.217352926897494e-05,9.157369393019033e-05,0.0003662612358264532,-0.9473462647921228,0.6906108777190195,,,,,,0,grid_uncalibrated,True
prose,start,3,depth,22,precision,300,3,65515,,0.00010684576051285965,0.0,0.0002496696755667701,8.603525910096923e-05,0.0,0.00019272193021543387,,,,2.0810501411890414e-05,-1.9455531967422294e-05,7.372000816802243e-05,0.3233676632336766,8.603525910097073e-05,3.210305293808481e-05,3.0527360146531325e-05,0.00015263680073265663,0.6482405723849648,1.241883404889451,,,,,,0,grid_uncalibrated,True
prose,start,3,depth,22,recall,300,3,65515,,1.0,1.0,1.0,0.8906999999999999,0.8743,0.9125,,,,0.10930000000000006,0.08750000000000002,0.12570000000000003,0.7059294070592941,0.8907000000000141,0.17950877139172994,0.3333333333333333,1.0,0.6088838954920359,1.122712473335561,,,,,0.0,0,grid_uncalibrated,True
prose,start,3,depth,22,f1,300,3,65515,,0.00021366869143188546,3.0602985953329243e-05,0.0005050740718743049,0.0001720538990240089,4.9868447522257476e-05,0.00038833524702104616,,,,4.161479240787655e-05,-3.9063188329386064e-05,0.00015023893506802563,0.30686931306869314,0.00017205221632766933,6.419468149627956e-05,6.105192466192497e-05,0.00030522701259061424,0.648285405179992,1.2418828190213984,,,,,,0,grid_uncalibrated,True
prose,start,3,depth,23,precision,300,1,65515,,6.105472029306265e-05,0.0,0.00018785428231401268,2.6415324734793557e-05,0.0,8.127515524315759e-05,,,,3.4639395558269094e-05,0.0,0.00010657912707085511,0.0683931606839316,2.6415324734790806e-05,1.704310225114004e-05,0.0,6.105472029306265e-05,2.032458354578889,2.311337108517518,,,,,,0,grid_uncalibrated,True
prose,start,3,depth,23,recall,300,1,65515,,1.0,1.0,1.0,0.8885,0.8885,0.8885,,,,0.11150000000000004,0.11150000000000004,0.11150000000000004,0.8885111488851115,0.8885,0.31476603655058494,0.0,1.0,0.35423135615865997,1.1254924029262803,,,,,0.0,0,grid_uncalibrated,True
prose,start,3,depth,23,f1,300,1,65515,,0.00012210198568354217,0.00011697496882411182,0.00046877861250396973,5.282907884800781e-05,5.0610738955299815e-05,0.0002028414593533927,,,,6.927290683553435e-05,6.636422986881202e-05,0.00026593715315057707,0.0683931606839316,5.282867314314379e-05,3.408405182196558e-05,0.0,0.00012210198568354217,2.0324259833379017,2.3112824611872504,,,,,,0,grid_uncalibrated,True
prose,start,3,category,clause_level,precision,300,4386,65515,,0.14320384644737846,0.13770179485043071,0.14885987317631028,0.11794837365488822,0.11313728230139491,0.12289853684153682,,,,0.02525547279249024,0.02297967948352527,0.027537090047458163,9.999000099990002e-05,0.11794837365488695,0.0010758354079565167,0.11586659543615965,0.12009463481645424,23.47521991348355,1.2141231117470783,,,,,,0,grid_uncalibrated,True
prose,start,3,category,clause_level,recall,300,4386,65515,,0.97765617875057,0.9726930380198521,0.982292854059861,0.8912323073415419,0.8869168682449987,0.8955430459298193,,,,0.08642387140902807,0.08041380604314677,0.0923823928309539,9.999000099990002e-05,0.8912323073415471,0.004528970839475387,0.8823529411764706,0.9001367989056087,19.082452608379736,1.0969712057082135,,,,,0.0,0,grid_uncalibrated,True
prose,start,3,category,clause_level,f1,300,4386,65515,,0.24981553834146616,0.24141630877451223,0.2583351279022858,0.20832622577720594,0.20074779537946388,0.21603779749385743,,,,0.04148931256426022,0.03798008363218363,0.04499113279845989,9.999000099990002e-05,0.20832490143705504,0.0017445883064540846,0.2049221342159276,0.21178864614231901,23.782480228095643,1.1991631178903854,,,,,,0,grid_uncalibrated,True
prose,start,3,category,phrase_level,precision,300,20785,65515,,0.5131954514233381,0.5069943487731419,0.5193799816886511,0.4869729680225905,0.48206612497710444,0.49186250955775795,,,,0.02622248340074762,0.021719460954607243,0.030716241003184697,9.999000099990002e-05,0.4869729680225929,0.0017139563820375505,0.4836449668014958,0.4903304586735862,15.299387823143993,1.053847924058751,,,,,,0,grid_uncalibrated,True
prose,start,3,category,phrase_level,recall,300,20785,65515,,0.9594900168390667,0.956058079885904,0.9628389266333324,0.888959422660572,0.8846979471842815,0.8931634622009703,,,,0.07053059417849461,0.06634179290794043,0.07484404108009333,9.999000099990002e-05,0.8889594226605717,0.0019504468618246095,0.8850613423141689,0.8927592013471254,36.161248767636145,1.0793406227332667,,,,,0.0,0,grid_uncalibrated,True
prose,start,3,category,phrase_level,f1,300,20785,65515,,0.6687183691829214,0.6632252704234753,0.6741157035327394,0.6292448835945043,0.6247280430647859,0.6336887429814099,,,,0.03947348558841712,0.03491517500739371,0.043993071421095827,9.999000099990002e-05,0.6292435064428079,0.0017253536752734945,0.6258478747904528,0.6326056427720985,22.879287479337307,1.0627338420435513,,,,,,0,grid_uncalibrated,True
prose,start,3,category,structural_other,precision,300,14,65515,,0.0006716019232236892,0.0003069532593972821,0.0010936175860256515,0.0004202686407692895,0.00019486981705242755,0.00067794276633551,,,,0.0002513332824543997,7.966168160145913e-05,0.0004690687404925034,0.00029997000299970003,0.0004202686407692956,6.84052329460328e-05,0.0002900099213920476,0.0005647561627108295,3.6741821002594772,1.598030064756513,,,,,,0,grid_uncalibrated,True
prose,start,3,category,structural_other,recall,300,14,65515,,1.0,1.0,1.0,0.9048714285714284,0.872757875,0.9265004166666667,,,,0.09512857142857156,0.07349958333333324,0.12724212499999998,0.23767623237676233,0.9048714285714592,0.07631242517555621,0.7142857142857143,1.0,1.2465672688254656,1.105129379075127,,,,,0.0,0,grid_uncalibrated,True
prose,start,3,category,structural_other,f1,300,14,65515,,0.0013423023536051496,0.0006137181360119318,0.002184845786241163,0.0008401470742032904,0.0003896549645807674,0.0013548879714904982,,,,0.0005021552794018592,0.0001592203637164966,0.0009365833522540323,0.00029997000299970003,0.0008401392871277048,0.00013669838789640503,0.0005798058344002408,0.00112876859989475,3.673511254997404,1.5977140626219921,,,,,,0,grid_uncalibrated,True
prose,end,3,all,all,precision,300,16323,65515,,0.41082194917194537,0.4053332261721727,0.41639581920886254,0.4069826253529726,0.4023169340199506,0.4117660547747024,,,,0.003839323818972784,0.00030677774821858214,0.007348407076883594,0.010998900109989001,0.40698262535297264,0.0016781913148562445,0.4037396016179501,0.41028772036938105,2.287774811480066,1.0094336307739007,,,,,,0,grid_uncalibrated,True
prose,end,3,all,all,recall,300,16323,65515,,0.9392881210561784,0.934865220536869,0.9436464068054723,0.885494853887153,0.8811765559404021,0.8898022045408768,,,,0.05379326716902544,0.04932049450297467,0.05826487334393884,9.999000099990002e-05,0.8854948538871531,0.002361213300217262,0.8808429822949213,0.8900937327697115,22.782044792004033,1.0607493842938591,,,,,0.0,0,grid_uncalibrated,True
prose,end,3,all,all,f1,300,16323,65515,,0.5716277290801223,0.5658865259810185,0.5773368913094942,0.5576592647222232,0.5528058647147721,0.5626594416271091,,,,0.013968464357899113,0.010127455224486982,0.017820169673669,9.999000099990002e-05,0.5576576356109053,0.001846703319801279,0.5541008263554607,0.5612679948394134,7.564882414745569,1.0250513802324484,,,,,,0,grid_uncalibrated,True
prose,end,3,depth,1,precision,300,1778,65515,,0.06770968480500648,0.0654497533921992,0.06995007585201807,0.046990031290544174,0.04569910356234495,0.04831348808007765,,,,0.02071965351446231,0.019247786543138426,0.02219214718632826,9.999000099990002e-05,0.04699003129054432,0.000727079053626884,0.04559261237884454,0.04843165687247195,28.497112399410277,1.4409372146690085,,,,,,0,grid_uncalibrated,True
prose,end,3,depth,1,recall,300,1778,65515,,0.9938132733408324,0.990049678422874,0.9971735443753533,0.8550113610798654,0.8501049254834668,0.8596318570971866,,,,0.13880191226096694,0.13281317224958883,0.14472971774198887,9.999000099990002e-05,0.8550113610798462,0.008133836621282121,0.8391451068616423,0.8706411698537683,17.064752923339032,1.1623392607154186,,,,,0.0,0,grid_uncalibrated,True
prose,end,3,depth,1,f1,300,1778,65515,,0.12678158861580585,0.1227987282296703,0.13070346682852793,0.08908414321918215,0.0867525507428109,0.09146297848709443,,,,0.0376974453966237,0.035119917614876796,0.04026076430380688,9.999000099990002e-05,0.08908340857819104,0.0013315220153004097,0.08649893836278197,0.09172290578080819,28.31209668666994,1.4231784643099512,,,,,,0,grid_uncalibrated,True
prose,end,3,depth,2,precision,300,4099,65515,,0.1299397084637106,0.12589041964172049,0.13411135386112819,0.11381092879493244,0.1107315281348888,0.11699020180856887,,,,0.016128779668778168,0.013874887379683327,0.018352795137103528,9.999000099990002e-05,0.1138109287949343,0.0010828429617749421,0.1116690834160116,0.11591238647637946,14.894846471864044,1.141715561410076,,,,,,0,grid_uncalibrated,True
prose,end,3,depth,2,recall,300,4099,65515,,0.9921932178580142,0.9887744900136216,0.9952095440305695,0.8858098560624543,0.881626139379192,0.8899833079241402,,,,0.10638336179555985,0.10096516413029824,0.11159214754663682,9.999000099990002e-05,0.8858098560624538,0.004820006149327838,0.8763112954379116,0.8950963649670651,22.071208728726585,1.1200972884501974,,,,,0.0,0,grid_uncalibrated,True
prose,end,3,depth,2,f1,300,4099,65515,,0.22978614109604573,0.22341636966808714,0.2362901124926026,0.20170617494424417,0.19682810319735883,0.20669555504989978,,,,0.028079966151801555,0.02448900397641251,0.031601817125686514,9.999000099990002e-05,0.20170483777481943,0.0017694808283754918,0.19820155054185284,0.20514351957549903,15.869798005670914,1.13921978089874,,,,,,0,grid_uncalibrated,True
prose,end,3,depth,3,precision,300,1977,65515,,0.05675036251240174,0.05378779261503376,0.059705820088912044,0.056143145844463095,0.05357947695952119,0.05871597489957492,,,,0.0006072166679386426,-0.0010055501774666857,0.0023032634108906573,0.22467753224677534,0.056143145844464344,0.0007863041442070556,0.05462871098221781,0.05766618331679768,0.7722414696793162,1.0108155084437127,,,,,,0,grid_uncalibrated,True
prose,end,3,depth,3,recall,300,1977,65515,,0.952959028831563,0.94315370014855,0.9620707329574577,0.8899222053616587,0.8851773868388949,0.8945424152143618,,,,0.06303682346990436,0.05319470545889079,0.0723180677991099,9.999000099990002e-05,0.8899222053616526,0.006898769020836125,0.8765806777946383,0.9033889731917046,9.137401655211592,1.0708340831256067,,,,,0.0,0,grid_uncalibrated,True
prose,end,3,depth,3,f1,300,1977,65515,,0.10712145654835155,0.10180526703885813,0.11239516274474304,0.10562279255264738,0.10107774506691733,0.11017056090483003,,,,0.0014986639957041692,-0.0014201224365324719,0.004537286950370105,0.1444855514448555,0.10562194622512368,0.001417320037891953,0.10287838804165791,0.1083814631655471,1.0579899268609532,1.0141969578938812,,,,,,0,grid_uncalibrated,True
prose,end,3,depth,4,precision,300,1660,65515,,0.044615736854155534,0.041886916752338965,0.04742015381750852,0.047411279859574135,0.04510250676369167,0.0497743930774922,,,,-0.0027955430054186006,-0.004386570026227357,-0.0012051416103030527,1.0,0.0474112798595746,0.0007303304608306981,0.04597420438067618,0.048859039914523394,-3.8277781844664367,0.9410363311494846,,,,,,0,grid_uncalibrated,True
prose,end,3,depth,4,recall,300,1660,65515,,0.903012048192771,0.8865671641791045,0.9186607804935815,0.8909242168674698,0.8863829984007552,0.8952903719577587,,,,0.012087831325301224,-0.0038947823220294654,0.027238776566763913,0.0570942905709429,0.8909242168674711,0.007471255509324606,0.8759036144578313,0.905421686746988,1.617911649549865,1.0135677435818293,,,,,0.0,0,grid_uncalibrated,True
prose,end,3,depth,4,f1,300,1660,65515,,0.0850303221455365,0.08001791366238066,0.09013654029017537,0.09003146002023804,0.08583916813791942,0.09428168722821284,,,,-0.005001137874701536,-0.007914794768107672,-0.002084230152023643,1.0,0.09003073437224296,0.0013377889345539016,0.08738373110134309,0.09266848215869716,-3.737818498531601,0.9444588310694918,,,,,,0,grid_uncalibrated,True
prose,end,3,depth,5,precision,300,1511,65515,,0.04090666259635198,0.03815649531537689,0.04378292407568876,0.04349698542318553,0.0410746145478908,0.04599863586279019,,,,-0.002590322826833552,-0.004033445092298996,-0.0011394151878824762,1.0,0.043496985423184954,0.0006917406784524818,0.0421430206822865,0.044875219415401055,-3.744644355205308,0.9404482218335004,,,,,,0,grid_uncalibrated,True
prose,end,3,depth,5,recall,300,1511,65515,,0.9027134348113832,0.8860925242435673,0.9191325007463429,0.8933102581072141,0.888220534981817,0.8983792845469987,,,,0.009403176704169125,-0.007144091436985952,0.026190978497226094,0.12238776122387761,0.8933102581072155,0.007812531983273524,0.8775645268034414,0.908024487094639,1.2036016907578357,1.010526215969009,,,,,0.0,0,grid_uncalibrated,True
prose,end,3,depth,5,f1,300,1511,65515,,0.07826665413436441,0.07319809306380405,0.08354801252463621,0.08295474558638102,0.07853435049581357,0.08749726179942457,,,,-0.00468809145201661,-0.00736731584158345,-0.001997341444520602,1.0,0.08295406638691058,0.0012758033688039265,0.08046037839740487,0.08550399693769864,-3.6740867497008134,0.9434938821361288,,,,,,0,grid_uncalibrated,True
prose,end,3,depth,6,precision,300,1521,65515,,0.041776692360528125,0.039031438860781885,0.044623944519112814,0.04357149049835916,0.041423289713682525,0.04576761491224395,,,,-0.0017947981378310315,-0.0032763673587244643,-0.0002942343538804608,0.9962003799620038,0.043571490498358484,0.0006976295770455165,0.04221933908265283,0.044951537815767384,-2.5727093530514944,0.9588079701359316,,,,,,0,grid_uncalibrated,True
prose,end,3,depth,6,recall,300,1521,65515,,0.9000657462195923,0.884318640052422,0.9150758530533533,0.8901136094674557,0.8854876468821741,0.8946602103853386,,,,0.009952136752136687,-0.004730882264717214,0.02413177876204898,0.11048895110488952,0.8901136094674464,0.00784729047602687,0.8744247205785667,0.9053254437869822,1.2682258650357399,1.011180748891257,,,,,0.0,0,grid_uncalibrated,True
prose,end,3,depth,6,f1,300,1521,65515,,0.07984726158815234,0.07479222249005679,0.08504901659796256,0.08307635342749158,0.07915894789671521,0.08705932409382011,,,,-0.0032290918393392404,-0.00595753860163581,-0.0004679976639289999,0.995000499950005,0.08307567079296985,0.001286459588327938,0.0805740220099735,0.08560196363247372,-2.5095302130816264,0.9611389330474029,,,,,,0,grid_uncalibrated,True
prose,end,3,depth,7,precision,300,1177,65515,,0.032435320155689534,0.030042322055586185,0.03489757788238774,0.03370496527512783,0.03163382360706377,0.03589072101034367,,,,-0.0012696451194382924,-0.002496280890045003,-5.104639447676169e-05,0.9811018898110189,0.03370496527512843,0.0006206285592826767,0.03248111119590933,0.03492330000763184,-2.0457407259929408,0.9623306207535008,,,,,,0,grid_uncalibrated,True
prose,end,3,depth,7,recall,300,1177,65515,,0.8997451146983857,0.8798573831204132,0.9179620034542314,0.8898836873406964,0.8846481061752073,0.8949776754951609,,,,0.009861427357689245,-0.008921244010454485,0.02730973635453392,0.14808519148085192,0.889883687340705,0.008922660421736596,0.8725573491928632,0.9065420560747663,1.1052115503193598,1.0110817037079871,,,,,0.0,0,grid_uncalibrated,True
prose,end,3,depth,7,f1,300,1177,65515,,0.06261345928876563,0.058121023823360755,0.06719274203035239,0.06494990750649028,0.06109486508004942,0.06900168417635706,,,,-0.0023364482177246487,-0.004650925657841599,-5.109584448154484e-05,0.9775022497750225,0.06494936127565668,0.0011653618059744855,0.0626547077317865,0.0672463391779338,-2.0044435770209077,0.964035027581302,,,,,,0,grid_uncalibrated,True
prose,end,3,depth,8,precision,300,796,65515,,0.021567579943524384,0.01965013214906631,0.02357597301654305,0.022720612073570918,0.02102684536394042,0.024461744191922964,,,,-0.0011530321300465343,-0.002196334043989049,-0.00011872260559577078,0.9885011498850115,0.022720612073570734,0.0005101984681840007,0.021720216744257042,0.023704495153781577,-2.25996783986916,0.9492517135404293,,,,,,0,grid_uncalibrated,True
prose,end,3,depth,8,recall,300,796,65515,,0.8819095477386935,0.860409069251773,0.9026316543075903,0.8887613065326633,0.8833718492935989,0.8941488604463129,,,,-0.00685175879396982,-0.02786391663891702,0.013764433410349792,0.7553244675532447,0.8887613065326614,0.010977392345676955,0.8668341708542714,0.9095477386934674,-0.6241699830166175,0.9922906648347476,,,,,0.0,0,grid_uncalibrated,True
prose,end,3,depth,8,f1,300,796,65515,,0.042105448142571875,0.03844300198816387,0.04593391392616259,0.04430850565331352,0.04108544657855354,0.04761804069990359,,,,-0.0022030575107416447,-0.004194244677993536,-0.00022133936059859954,0.9877012298770123,0.044308113037392106,0.0009774182229577487,0.04238452786750454,0.04618507817753165,-2.2535541522387263,0.9502875490779448,,,,,,0,grid_uncalibrated,True
prose,end,3,depth,9,precision,300,567,65515,,0.016286346638174465,0.014490333847111521,0.018140130342017835,0.016095097305960468,0.014549559928732182,0.017697373216752656,,,,0.00019124933221399687,-0.0007039805696217046,0.0010789652454435694,0.33566643335666435,0.01609509730596065,0.00042382757479422333,0.01527894375333893,0.016912157521178355,0.45124324982080694,1.0118824588990207,,,,,,0,grid_uncalibrated,True
prose,end,3,depth,9,recall,300,567,65515,,0.9171075837742504,0.8947344924812031,0.9386617100371747,0.8892760141093479,0.8835526166744294,0.8948533751935092,,,,0.027831569664902522,0.005569552504882851,0.049171167999493816,0.0174982501749825,0.8892760141093456,0.012978890415840976,0.8624338624338624,0.9135802469135802,2.1443720359127,1.0312968855825708,,,,,0.0,0,grid_uncalibrated,True
prose,end,3,depth,9,f1,300,567,65515,,0.03200434784752966,0.028531810319454298,0.03558411735855847,0.03161793832050165,0.028630024012240598,0.0347055058703308,,,,0.0003864095270280088,-0.0013474443116869867,0.002102912094517782,0.32426757324267574,0.031617659988898296,0.0008220926551301362,0.03003744898697428,0.03320365946849225,0.47037016596402004,1.0122301226203059,,,,,,0,grid_uncalibrated,True
prose,end,3,depth,10,precision,300,454,65515,,0.011417232694802716,0.009883647765156484,0.013002176507778886,0.012962428451499666,0.01158444439521197,0.014392417390197627,,,,-0.001545195756696949,-0.002328496695604537,-0.0007120041241320371,1.0,0.012962428451499915,0.00038969121617704036,0.012195680378539266,0.01372242997786766,-3.965179846381762,0.880794269185077,,,,,,0,grid_uncalibrated,True
prose,end,3,depth,10,recall,300,454,65515,,0.8612334801762115,0.827433628318584,0.8930957683741648,0.8910740088105725,0.8855101279501748,0.8965722490498962,,,,-0.02984052863436104,-0.06298086394191274,0.00105218845908438,0.9796020397960205,0.89107400881057,0.014585243628277204,0.8612334801762115,0.9185022026431718,-2.045939676763783,0.9665117281625233,,,,,0.0,0,grid_uncalibrated,True
prose,end,3,depth,10,f1,300,454,65515,,0.0225357130927594,0.01954094820501293,0.02562554613756137,0.02555313615274037,0.02287199916015071,0.028327883260215583,,,,-0.00301742305998097,-0.004548334490461668,-0.001391153784449041,1.0,0.025552901741888054,0.0007603803690140652,0.024057478161303502,0.027042166683165038,-3.9679991384323117,0.881923834732919,,,,,,0,grid_uncalibrated,True
prose,end,3,depth,11,precision,300,307,65515,,0.008440815080515912,0.007128532536059962,0.009839283736496798,0.008722854308173702,0.007610254889084533,0.009856402221835005,,,,-0.00028203922765778974,-0.000898112525378685,0.00038534369955011034,0.8257174282571743,0.008722854308173628,0.00031277857761449957,0.008120277798977333,0.009341372204838586,-0.901721690177034,0.9676666355193582,,,,,,0,grid_uncalibrated,True
prose,end,3,depth,11,recall,300,307,65515,,0.9120521172638436,0.8809523809523809,0.9427710843373494,0.8898879478827362,0.8832700531852716,0.8964373325314278,,,,0.022164169381107435,-0.008462520720231417,0.051896909026340164,0.12308769123087691,0.8898879478827585,0.017709237220618027,0.8534201954397395,0.9250814332247557,1.2515597992713332,1.0249066968867468,,,,,0.0,0,grid_uncalibrated,True
prose,end,3,depth,11,f1,300,307,65515,,0.01672682754013172,0.014146081991614283,0.019470448210735045,0.017276362360780225,0.01509166638299274,0.019496728199344577,,,,-0.0005495348206485048,-0.001761848782551196,0.0007619941998163049,0.8125187481251874,0.017276207645209585,0.0006152252491895582,0.01608806004035123,0.018487820166677365,-0.8929739242684994,0.9682001909006808,,,,,,0,grid_uncalibrated,True
prose,end,3,depth,12,precision,300,189,65515,,0.005418606426009311,0.0043113705100147085,0.0065816715805231095,0.005451635503319851,0.0045498912525109205,0.006405465619834453,,,,-3.3029077310540306e-05,-0.000624604448391293,0.000580057518415298,0.5606439356064393,0.005451635503319769,0.00025266136910789605,0.004960696023811341,0.005952835228573609,-0.13072468271298765,0.9939414369705484,,,,,,0,grid_uncalibrated,True
prose,end,3,depth,12,recall,300,189,65515,,0.9047619047619048,0.8553438430983119,0.9473684210526315,0.8918883597883597,0.884483540580423,0.8989753368648893,,,,0.012873544973545092,-0.03505410029879111,0.05515756257763976,0.33656634336566343,0.8918883597883213,0.022478572624421718,0.8465608465608465,0.9312169312169312,0.5727029553289836,1.014434031829543,,,,,0.0,0,grid_uncalibrated,True
prose,end,3,depth,12,f1,300,189,65515,,0.010772695329968695,0.008580104803282189,0.013067367932565653,0.010837030050442497,0.009053618024033141,0.01272018274897541,,,,-6.433472047380137e-05,-0.0012372881162782665,0.0011493002132185047,0.5429457054294571,0.010836928015664259,0.0005000672452881948,0.009865334731497323,0.011826480944806931,-0.12844809633261547,0.9940727957588426,,,,,,0,grid_uncalibrated,True
prose,end,3,depth,13,precision,300,108,65515,,0.0030069449744333358,0.0021601400855196327,0.003926237952659087,0.003106400061054719,0.0023901531145242095,0.003879483349748152,,,,-9.945508662138327e-05,-0.00048434990612316697,0.000311959950608994,0.7155284471552845,0.0031064000610547563,0.00018900028510807285,0.002732198733114554,0.0034801190567045714,-0.526216595729212,0.9679838125590137,,,,,,0,grid_uncalibrated,True
prose,end,3,depth,13,recall,300,108,65515,,0.8981481481481481,0.8363636363636363,0.95,0.8929944444444446,0.8847204863734485,0.9005771467603434,,,,0.005153703703703494,-0.055214015973945395,0.05568151904997537,0.5051494850514948,0.8929944444444392,0.02912325655274692,0.8333333333333334,0.9444444444444444,0.17696179321068523,1.0057712606565152,,,,,0.0,0,grid_uncalibrated,True
prose,end,3,depth,13,f1,300,108,65515,,0.005993822996688796,0.004309417285035849,0.007819768937204147,0.006191262989545646,0.004767573162905145,0.007725662336142311,,,,-0.00019743999285685033,-0.0009637291426096215,0.0006198972611307877,0.698930106989301,0.006191205031726482,0.0003757436273834855,0.005447993587380482,0.00693518638255136,-0.5253103995726235,0.9681189632670518,,,,,,0,grid_uncalibrated,True
prose,end,3,depth,14,precision,300,69,65515,,0.0018774326490116767,0.0012316780537194687,0.002646071686636813,0.0019779790887582997,0.001445597705984464,0.0025496774634762402,,,,-0.00010054643974662298,-0.0004438774382565211,0.0002779198473627119,0.762023797620238,0.0019779790887583123,0.00015134553424698904,0.001679004808059223,0.002274288330916584,-0.6643502251116861,0.9491670865894977,,,,,,0,grid_uncalibrated,True
prose,end,3,depth,14,recall,300,69,65515,,0.9130434782608695,0.8405797101449275,0.9726027397260274,0.8940739130434785,0.884574815140845,0.9029876809210526,,,,0.018969565217391016,-0.0529170343311951,0.07993454383464005,0.3955604439556044,0.8940739130434316,0.03703156258472718,0.8115942028985508,0.9565217391304348,0.5122539772399837,1.0212169988864404,,,,,0.0,0,grid_uncalibrated,True
prose,end,3,depth,14,f1,300,69,65515,,0.0037471602531182814,0.0024600527889331227,0.005276675518721631,0.0039472256447025565,0.00288653308967222,0.005084935363573524,,,,-0.00020006539158427513,-0.0008847205799306116,0.0005539470970854656,0.7387261273872613,0.003947189190002728,0.00030154722301912237,0.0033516415191190293,0.004537621733357446,-0.6633419962609378,0.9493237016885151,,,,,,0,grid_uncalibrated,True
prose,end,3,depth,15,precision,300,41,65515,,0.0010531939250553307,0.0006206263937614953,0.0015552336222058245,0.001166832023200794,0.0007649541246482658,0.0016184118799252827,,,,-0.00011363809814546322,-0.00033627458900862054,0.0001291129396811852,0.8485151484851515,0.0011668320232007855,0.00011710283111226625,0.0009463481645424712,0.001404258566740441,-0.9704129017727176,0.9026097194061152,,,,,,0,grid_uncalibrated,True
prose,end,3,depth,15,recall,300,41,65515,,0.8536585365853658,0.7297297297297297,0.9523809523809523,0.887551219512195,0.8758768124999999,0.8980089362745097,,,,-0.03389268292682912,-0.15221353900709225,0.06160094444444431,0.8303169683031697,0.8875512195122423,0.048642546311785675,0.7804878048780488,0.975609756097561,-0.6967703275571433,0.9618132653285043,,,,,0.0,0,grid_uncalibrated,True
prose,end,3,depth,15,f1,300,41,65515,,0.0021037923143196386,0.0012402952075010003,0.0031048282038324973,0.002330600089350159,0.0015285878778220048,0.003230943876927007,,,,-0.00022680777503052054,-0.0006710666787553632,0.00025737867562744576,0.8377162283771623,0.0023305781700098966,0.00023367835694969706,0.0018904041977644828,0.0028042683274095573,-0.9705043233382422,0.9026911610996103,,,,,,0,grid_uncalibrated,True
prose,end,3,depth,16,precision,300,31,65515,,0.0008089750438830802,0.00037928569173634256,0.0013541755350623354,0.0008517423490803633,0.00048181396346696755,0.0012799411588684305,,,,-4.2767305197283115e-05,-0.0002512112009174291,0.0001759130565343915,0.6917308269173083,0.0008517423490803628,0.00010064311372053362,0.0006563382431504235,0.0010531939250553307,-0.4249402032218426,0.949788448063597,,,,,,0,grid_uncalibrated,True
prose,end,3,depth,16,recall,300,31,65515,,0.9032258064516129,0.7727272727272727,1.0,0.8682999999999998,0.8265780471698112,0.9053791959064327,,,,0.03492580645161303,-0.12016142512077284,0.14255691860465108,0.39966003399660033,0.86830000000006,0.059519417254337764,0.7419354838709677,0.967741935483871,0.5867968482001135,1.0402232021784525,,,,,0.0,0,grid_uncalibrated,True
prose,end,3,depth,16,f1,300,31,65515,,0.0016165022659897835,0.0007582000353709822,0.002704534756660628,0.0017018153348174368,0.0009631117424926813,0.0025559919515013214,,,,-8.531306882765327e-05,-0.0005014328562835008,0.0003512695463593337,0.6512348765123488,0.0017017993905027672,0.00020095382921963526,0.0013116490195915554,0.0021039345863650446,-0.4244613045903049,0.9498782729685994,,,,,,0,grid_uncalibrated,True
prose,end,3,depth,17,precision,300,17,65515,,0.00045791040219796993,0.00021226151403326915,0.0007625441654052963,0.0004897107532626114,0.0002540570585745933,0.0007610462497710575,,,,-3.180035106464151e-05,-0.00014936860692317102,9.964023354696652e-05,0.6948305169483052,0.0004897107532626148,7.449837235958238e-05,0.00035106464168511027,0.0006410745630771579,-0.42685967568732447,0.9350629920768935,,,,,,0,grid_uncalibrated,True
prose,end,3,depth,17,recall,300,17,65515,,1.0,1.0,1.0,0.8973411764705884,0.8863357142857142,0.9065501388888889,,,,0.10265882352941158,0.09344986111111103,0.11366428571428577,0.1566843315668433,0.897341176470627,0.07343365066107345,0.7647058823529411,1.0,1.3979806615251325,1.1144033353435814,,,,,0.0,0,grid_uncalibrated,True
prose,end,3,depth,17,f1,300,17,65515,,0.0009154016324662446,0.00042443293728855035,0.0015239262696818455,0.0009788872931777571,0.0005079689154502919,0.0015208070730877586,,,,-6.348566071151258e-05,-0.0002982843372100366,0.00019909917043762996,0.6255374462553744,0.0009788784561686231,0.00014885628775949323,0.0007017802588704643,0.0012812763953424077,-0.4264302479780897,0.935153518496229,,,,,,0,grid_uncalibrated,True
prose,end,3,depth,18,precision,300,11,65515,,0.0002442188811722506,9.183250386614249e-05,0.00042702146156521793,0.00031744638632374267,0.00014662676747143896,0.0005098837666247877,,,,-7.322750515149207e-05,-0.0001869233462214109,2.7518610953631568e-05,0.9123087691230877,0.00031744638632373443,6.11993656742313e-05,0.00019842784095245363,0.00044264672212470426,-1.1965402638530471,0.7693232359658811,,,,,,0,grid_uncalibrated,True
prose,end,3,depth,18,recall,300,11,65515,,0.8181818181818182,0.5555555555555556,1.0,0.895309090909091,0.8845304687500001,0.9061422916666667,,,,-0.07712727272727282,-0.33840472222222223,0.10526666666666662,0.9044095590440956,0.8953090909091208,0.09206178270435639,0.7272727272727273,1.0,-0.837777310645679,0.9138540270500487,,,,,0.0,0,grid_uncalibrated,True
prose,end,3,depth,18,f1,300,11,65515,,0.0004882920121869548,0.00018363950166573362,0.000853595756191397,0.0006346677408870503,0.00029320561362767476,0.0010191915932458858,,,,-0.0001463757287000955,-0.0003736839399509576,5.5002542748661e-05,0.9013098690130987,0.0006346617640679162,0.00012232302433859898,0.0003967594586437609,0.0008849017453924082,-1.1965838211766193,0.7693736094281266,,,,,,0,grid_uncalibrated,True
prose,end,3,depth,19,precision,300,5,65515,,0.0001679004808059223,3.0199950114888275e-05,0.00036699942365613715,0.00014966343585438448,3.0710626862279386e-05,0.0002902664195355549,,,,1.823704495153782e-05,-6.610998702102105e-05,0.0001403070301872128,0.39406059394060594,0.00014966343585438505,4.28064987925138e-05,7.631840036632832e-05,0.00022895520109898496,0.42603449163019685,1.1218537102761759,,,,,,0,grid_uncalibrated,True
prose,end,3,depth,19,recall,300,5,65515,,1.0,1.0,1.0,0.8953,0.86805,0.91805,,,,0.10470000000000002,0.08194999999999997,0.13195,0.5787421257874212,0.8953000000000307,0.13788332452155383,0.6,1.0,0.759337652781955,1.1169440411035023,,,,,0.0,0,grid_uncalibrated,True
prose,end,3,depth,19,f1,300,5,65515,,0.00033574458993376673,6.125650007236385e-05,0.0007345585482367148,0.00029927684289096635,6.362690497242267e-05,0.0005807733615556494,,,,3.6467747042800383e-05,-0.0001323692432498285,0.00028075238145684517,0.3604639536046395,0.0002992739547076772,8.558764299578401e-05,0.00015261738820776313,0.0004578055852281398,0.4261203364121858,1.1218637126699285,,,,,,0,grid_uncalibrated,True
prose,end,3,depth,20,precision,300,2,65515,,3.0527360146531325e-05,0.0,9.371112470626792e-05,4.979470350301458e-05,0.0,0.00015285690106462893,,,,-1.9267343356483257e-05,-5.914577635836103e-05,0.0,0.8876112388761124,4.9794703503008836e-05,2.3582941046473926e-05,1.5263680073265663e-05,0.00010684576051285965,-0.8170034143963705,0.6130644024155444,,,,,,0,grid_uncalibrated,True
prose,end,3,depth,20,recall,300,2,65515,,1.0,1.0,1.0,0.87455,0.87455,0.87455,,,,0.12544999999999995,0.12544999999999995,0.12544999999999995,0.7681231876812319,0.87455,0.23768244948815082,0.5,1.0,0.5278050620487821,1.1434452003887714,,,,,0.0,0,grid_uncalibrated,True
prose,end,3,depth,20,f1,300,2,65515,,6.105285651052399e-05,5.841974587410545e-05,0.00023453096910008901,9.958373695553986e-05,9.528896049658983e-05,0.00038251638384243967,,,,-3.853088044501587e-05,-0.00014798541474235068,-3.686921462248438e-05,0.8148185181481852,9.958290031140633e-05,4.7160828245925385e-05,3.0526428255261994e-05,0.00021366869143188546,-0.816992517603023,0.6130857438335819,,,,,,0,grid_uncalibrated,True
prose,end,3,depth,21,precision,300,1,65515,,3.0527360146531325e-05,0.0,9.41312315236717e-05,3.473250400671602e-05,0.0,0.00010709780866605748,,,,-4.205143860184695e-06,-1.2966577142385777e-05,0.0,0.6836316368363163,3.4732504006712246e-05,2.126638687226199e-05,0.0,7.631840036632832e-05,-0.19773663883006573,0.8789277081960962,,,,,,0,grid_uncalibrated,True
prose,end,3,depth,21,recall,300,1,65515,,1.0,1.0,1.0,0.9136,0.9136,0.9136000000000001,,,,0.08640000000000003,0.08639999999999992,0.08640000000000003,0.9136086391360864,0.9136,0.2809678527757671,0.0,1.0,0.3075084894817257,1.094570928196147,,,,,0.0,0,grid_uncalibrated,True
prose,end,3,depth,21,f1,300,1,65515,,6.105285651052399e-05,5.844842814483032e-05,0.0002372964327359726,6.946236724947755e-05,6.649922231539835e-05,0.0002699761573051325,,,,-8.409510738953565e-06,-3.2679724569159896e-05,-8.050794170568024e-06,0.6836316368363163,6.946169107829098e-05,4.252942099814141e-05,0.0,0.00015262515262515263,-0.1977180589440535,0.878942846953016,,,,,,0,grid_uncalibrated,True
prose,end,3,depth,22,precision,300,2,65515,,6.105472029306265e-05,0.0,0.00016989322243004921,5.083416011600397e-05,0.0,0.00012823697582500438,,,,1.0220560177058684e-05,-2.732125202230982e-05,5.8968580279262814e-05,0.42895710428957107,5.0834160115998525e-05,2.3756867929504123e-05,1.5263680073265663e-05,0.00010684576051285965,0.43021496804176823,1.2010569300986151,,,,,,0,grid_uncalibrated,True
prose,end,3,depth,22,recall,300,2,65515,,1.0,1.0,1.0,0.8811,0.8757,0.8865,,,,0.1189,0.11350000000000005,0.12429999999999997,0.777022297770223,0.8811,0.22960414152663053,0.5,1.0,0.5178478019143633,1.1349449551696742,,,,,0.0,0,grid_uncalibrated,True
prose,end,3,depth,22,f1,300,2,65515,,0.00012210198568354217,2.985001120416483e-05,0.00035425800927470094,0.00010166245492102026,4.8057916591347585e-05,0.0002582114141279771,,,,2.0439530762521904e-05,-5.524008074202342e-05,0.00011883754294369924,0.41725827417258277,0.00010166157946420821,4.75085038378765e-05,3.0526428255261994e-05,0.00021366869143188546,0.43024731507199543,1.2010632367415692,,,,,,0,grid_uncalibrated,True
prose,end,3,category,clause_level,precision,300,2524,65515,,0.08564450889109364,0.08260631357947373,0.08878346078354038,0.06387909181103565,0.061762282165163676,0.06605789006840154,,,,0.021765417080057983,0.02011507627856294,0.02346359315089335,9.999000099990002e-05,0.06387909181103561,0.000831658760620817,0.06226055101885065,0.06551171487445623,26.17109096982345,1.3407283426076806,,,,,,0,grid_uncalibrated,True
prose,end,3,category,clause_level,recall,300,2524,65515,,0.9956418383518225,0.9929494712103408,0.9980150853513299,0.8664924326465926,0.8616387898863883,0.8712579206143369,,,,0.12914940570522992,0.12375139989097855,0.13453645962173932,9.999000099990002e-05,0.8664924326465855,0.006874239922905428,0.8530110935023771,0.8795562599049128,18.78744517992492,1.1490485096456842,,,,,0.0,0,grid_uncalibrated,True
prose,end,3,category,clause_level,f1,300,2524,65515,,0.15772187727051895,0.15254857248597342,0.16303198321992843,0.11898633654091408,0.11528666334763069,0.12278224299560525,,,,0.038735540729604875,0.03593866792817828,0.04160211890555833,9.999000099990002e-05,0.11898540962376905,0.001478483539721253,0.11611369192001188,0.12187118357933308,26.20013453382992,1.3255564507382402,,,,,,0,grid_uncalibrated,True
prose,end,3,category,phrase_level,precision,300,13781,65515,,0.3751049378005037,0.3693723018543024,0.38097337183274077,0.3766876181027248,0.37177517336209887,0.3817349679714399,,,,-0.0015826803022210845,-0.005014452410150115,0.0018340681985898196,0.8288171182881712,0.3766876181027227,0.0016595452764342276,0.3734866061207357,0.3799587880638022,-0.9536831110866992,0.9957984275931591,,,,,,0,grid_uncalibrated,True
prose,end,3,category,phrase_level,recall,300,13781,65515,,0.9289601625426311,0.923828810156454,0.9340150243646557,0.8889612582541178,0.8846515188762177,0.8932416025662899,,,,0.03999890428851338,0.03514256496264897,0.04491235892654593,9.999000099990002e-05,0.8889612582540102,0.002417859908058457,0.8841883752993251,0.893621653000508,16.543102499573727,1.0449951040241978,,,,,0.0,0,grid_uncalibrated,True
prose,end,3,category,phrase_level,f1,300,13781,65515,,0.5344174058457831,0.5282103270897004,0.540682878321953,0.5291526034001435,0.5239422217535111,0.5345545447304587,,,,0.005264802445639649,0.0014050194748789608,0.009095460068395716,0.0024997500249975004,0.5291509527898288,0.0018868104783626193,0.5254895819810904,0.5328284714730995,2.791193453899274,1.009952647780729,,,,,,0,grid_uncalibrated,True
prose,end,3,category,structural_other,precision,300,18,65515,,0.0008547660841028772,0.0004241353727023194,0.0013612827919328762,0.0005363947187666946,0.00029926107055947313,0.0007970550037467429,,,,0.00031837136533618255,6.721469554719076e-05,0.0006119402640235212,0.00019998000199980003,0.0005363947187666884,7.928135611757132e-05,0.0003815920018316416,0.0007021292833702205,4.0157154333240195,1.593539336233973,,,,,,0,grid_uncalibrated,True
prose,end,3,category,structural_other,recall,300,18,65515,,0.9444444444444444,0.8125,1.0,0.8961388888888889,0.8718110256410256,0.9155416315789473,,,,0.04830555555555549,-0.08657844202898547,0.12393500735294119,0.42315768423157685,0.8961388888888204,0.07067207293168348,0.7222222222222222,1.0,0.6835168907854094,1.0539040947274603,,,,,0.0,0,grid_uncalibrated,True
prose,end,3,category,structural_other,f1,300,18,65515,,0.0017079863612265566,0.0008478410229087449,0.00271886444047235,0.0010721476906277244,0.0005983216748112148,0.00159269389861664,,,,0.0006358386705988322,0.0001342252066649031,0.0012218334607750536,0.00019998000199980003,0.0010721373807744826,0.0001583971615039195,0.0007628346937218705,0.0014032153729242236,4.01427004382487,1.5930667019489182,,,,,,0,grid_uncalibrated,True
prose,start,4,all,all,precision,300,25185,65515,,0.7192398687323514,0.7119085671092631,0.7263832964803545,0.6760818896435931,0.6691053489964884,0.6829250491282576,,,,0.04315797908875829,0.03871777016493023,0.04748067192066548,9.999000099990002e-05,0.6760818896435931,0.0015848290003937617,0.6729603907502099,0.6792032359001755,27.231946839712926,1.0638354314024143,,,,,,0,grid_uncalibrated,True
prose,start,4,all,all,recall,300,25185,65515,,0.9786777843954735,0.9766173667479784,0.980688860042182,0.9496087512408179,0.9466464617985354,0.9524848806203291,,,,0.029069033154655588,0.026356167834206936,0.03183004646417081,9.999000099990002e-05,0.9496087512408179,0.0011805996961099965,0.9473099066904904,0.9519555290847727,24.622260407516848,1.0306115893694874,,,,,0.0,0,grid_uncalibrated,True
prose,start,4,all,all,f1,300,25185,65515,,0.8291380678953063,0.8241105016511148,0.8339398901658532,0.7898345021063978,0.7847024497973644,0.7948483154275408,,,,0.03930356578890848,0.035776967481960485,0.042859476241776266,9.999000099990002e-05,0.7898334955264595,0.001268238615621782,0.7873339659125334,0.7923154381906998,30.991464764362846,1.0497631115816992,,,,,,0,grid_uncalibrated,True
prose,start,4,depth,1,precision,300,1478,65515,,0.07567732580325116,0.07309538403914413,0.07830815095146774,0.05391360299168126,0.05223799083496945,0.05559947355410841,,,,0.0217637228115699,0.02029000413204561,0.023249871149921556,9.999000099990002e-05,0.05391360299168215,0.0007549624058102908,0.052446004731740825,0.05542242234602763,28.827558357969238,1.403677765979149,,,,,,0,grid_uncalibrated,True
prose,start,4,depth,1,recall,300,1478,65515,,1.0,1.0,1.0,0.9488495263870085,0.9457237106383385,0.9518801748922056,,,,0.05115047361299152,0.04811982510779448,0.05427628936166146,9.999000099990002e-05,0.9488495263870081,0.00565445096033566,0.9377537212449256,0.959404600811908,9.046054863999643,1.0539078875949495,,,,,0.0,0,grid_uncalibrated,True
prose,start,4,depth,1,f1,300,1478,65515,,0.14070636981539028,0.13623278065734415,0.1452426208266549,0.10202987159324471,0.09902205400407228,0.10505527127016383,,,,0.03867649822214557,0.036153278864504285,0.041197609975495375,9.999000099990002e-05,0.10202900854546425,0.0013650268845164476,0.09935043891969043,0.1047491990976071,28.334505135865694,1.3790820063951847,,,,,,0,grid_uncalibrated,True
prose,start,4,depth,2,precision,300,2411,65515,,0.09654277646340532,0.0931065012434371,0.1001169458396572,0.08475231168434716,0.0822354916189792,0.0873675428109547,,,,0.011790464779058166,0.009889976135814585,0.013765651688147525,9.999000099990002e-05,0.08475231168434715,0.0009352649015778146,0.08291231015797909,0.08656032969548959,12.606551105646517,1.1391167337472843,,,,,,0,grid_uncalibrated,True
prose,start,4,depth,2,recall,300,2411,65515,,0.9958523434259643,0.992916592851188,0.9983395599833956,0.9500841974284526,0.9470217607792966,0.9530494003910684,,,,0.04576814599751167,0.0416963469523211,0.04960466867082619,9.999000099990002e-05,0.9500841974284671,0.00442429516641017,0.9411032766486935,0.9585234342596433,10.344731595887861,1.0481727262924434,,,,,0.0,0,grid_uncalibrated,True
prose,start,4,depth,2,f1,300,2411,65515,,0.17602120044561875,0.17028618476219518,0.18194662826103358,0.1556223254934504,0.15135936341649628,0.1600310715174861,,,,0.020398874952168355,0.017226079123687312,0.023680452290425754,9.999000099990002e-05,0.15562111428209172,0.001600736989847058,0.15247680793498453,0.15869898444902625,12.744183643482968,1.1310881640813093,,,,,,0,grid_uncalibrated,True
prose,start,4,depth,3,precision,300,3547,65515,,0.13425932992444478,0.13033799925334397,0.13836717814815339,0.12615629245211027,0.12271983512526542,0.12969202291029452,,,,0.008103037472334512,0.005736055823121281,0.010590516679509157,9.999000099990002e-05,0.12615629245211038,0.0011172753503113008,0.12397160955506373,0.12836793100816607,7.252498204741286,1.064230149085987,,,,,,0,grid_uncalibrated,True
prose,start,4,depth,3,recall,300,3547,65515,,0.9788553707358331,0.9735754693935881,0.9835887095998631,0.9463311530871155,0.943200473857201,0.9493726464896958,,,,0.0325242176487176,0.026876937835005787,0.03778737387230214,9.999000099990002e-05,0.9463311530871157,0.003600127814062892,0.9391034677191993,0.9534818156188328,9.034184153593277,1.0343687487647606,,,,,0.0,0,grid_uncalibrated,True
prose,start,4,depth,3,f1,300,3547,65515,,0.23613104038601032,0.23003451373753692,0.2425040521991055,0.22263315100229655,0.21726387860172364,0.22813248841896616,,,,0.013497889383713768,0.009762646132294064,0.017400206219539215,9.999000099990002e-05,0.22263162260408006,0.0017815998051214387,0.21915007813531495,0.22616742104965928,7.5771324980640635,1.060635670818144,,,,,,0,grid_uncalibrated,True
prose,start,4,depth,4,precision,300,3827,65515,,0.14117377699763414,0.13660611971030648,0.14576977081883888,0.13797434480653276,0.1341805552472236,0.14183768625971604,,,,0.0031994321911013868,0.000754621039684304,0.005657982570730292,0.0031996800319968005,0.13797434480653484,0.0011704256277668083,0.1356788521712585,0.14022742883309167,2.7335630006700002,1.0231886021679284,,,,,,0,grid_uncalibrated,True
prose,start,4,depth,4,recall,300,3827,65515,,0.9720407629997387,0.9664410540972659,0.9773402367052952,0.9493445779984327,0.9463778160212745,0.952192108528046,,,,0.02269618500130599,0.01699069670962947,0.02825810104055412,9.999000099990002e-05,0.9493445779984137,0.003424103710159711,0.9425137183172198,0.9558400836164097,6.628357936117088,1.023907215069556,,,,,0.0,0,grid_uncalibrated,True
prose,start,4,depth,4,f1,300,3827,65515,,0.24654127479984064,0.23948623400257957,0.25356546601378266,0.2409324318702456,0.23510079131467307,0.2468227661398791,,,,0.005608842929595043,0.0018186947110918558,0.009400378887920087,0.0005999400059994001,0.24093079717235227,0.0018301261597404913,0.2373570870426965,0.24447382633873666,3.065623425810123,1.0232866768936761,,,,,,0,grid_uncalibrated,True
prose,start,4,depth,5,precision,300,3346,65515,,0.12372739067389148,0.11964410167943983,0.12786406621587948,0.1215788369075783,0.11813278359380909,0.12508940830008056,,,,0.002148553766313177,3.096729869559021e-05,0.00419871957408585,0.025397460253974602,0.12157883690757793,0.001101024486076126,0.11940738762115546,0.12372739067389148,1.9514132460129485,1.0176721033114244,,,,,,0,grid_uncalibrated,True
prose,start,4,depth,5,recall,300,3346,65515,,0.9742976688583384,0.9687673764267889,0.9794299503356261,0.9504414524805743,0.9473949899162123,0.9533777312941406,,,,0.023856216377764028,0.018175533452607272,0.02928375253074866,9.999000099990002e-05,0.9504414524805704,0.0036381394575504375,0.9432157800358637,0.9575612671846981,6.5572572618836125,1.0251001430077626,,,,,0.0,0,grid_uncalibrated,True
prose,start,4,depth,5,f1,300,3346,65515,,0.21957114231773872,0.21307949875215845,0.22608714665402715,0.21558093160212272,0.21015644246309204,0.22111034145566047,,,,0.003990210715616005,0.0006043666854403185,0.007251287970082007,0.0117988201179882,0.21557940298400066,0.0017683543597297434,0.2120743779842463,0.21901413029573724,2.257318682635597,1.0185163298463829,,,,,,0,grid_uncalibrated,True
prose,start,4,depth,6,precision,300,2807,65515,,0.10422040754025795,0.10044056638728092,0.10803360248511426,0.10201449286422949,0.09885443941606621,0.10510920669194111,,,,0.0022059146760284587,0.000270471414815642,0.004244915679409843,0.0164983501649835,0.10201449286422988,0.0010255182625017493,0.10005342288025643,0.1040219796993055,2.1510242739575856,1.0216235420487156,,,,,,0,grid_uncalibrated,True
prose,start,4,depth,6,recall,300,2807,65515,,0.9804061275382971,0.9752401380017871,0.9852638793694312,0.9505681866761673,0.9475909056815126,0.9534551979505164,,,,0.029837940862129875,0.024228582893745042,0.03530692853413406,9.999000099990002e-05,0.9505681866761672,0.003968488830807111,0.942643391521197,0.9579622372639829,7.518716099312178,1.031389584966507,,,,,0.0,0,grid_uncalibrated,True
prose,start,4,depth,6,f1,300,2807,65515,,0.18841199779352086,0.18220070621384665,0.19462619742101517,0.18425484929883415,0.17907565231734004,0.18929953564354907,,,,0.004157148494686708,0.0009690713762702311,0.007513296191766205,0.007999200079992,0.1842534508889268,0.0017023189325602198,0.1809929258317246,0.1875835675246163,2.4428717939121802,1.022569709736948,,,,,,0,grid_uncalibrated,True
prose,start,4,depth,7,precision,300,2256,65515,,0.0831260016790048,0.07961734132411757,0.08670805467643988,0.0817443928871251,0.07884463176082124,0.0846287297913286,,,,0.001381608791879707,-0.0004520421238909083,0.0032780169662342154,0.071992800719928,0.08174439288712464,0.000930438171640975,0.07993589254369228,0.08359917576127604,1.4849012368478813,1.0169015726104655,,,,,,0,grid_uncalibrated,True
prose,start,4,depth,7,recall,300,2256,65515,,0.9782801418439716,0.9720495224737862,0.9837837837837838,0.9503853280141844,0.9473075903955833,0.9533595754643694,,,,0.0278948138297872,0.02156144022532228,0.033706723836866646,9.999000099990002e-05,0.9503853280141838,0.004464852770893738,0.9414893617021277,0.9587765957446809,6.247644717790773,1.0293510568898128,,,,,0.0,0,grid_uncalibrated,True
prose,start,4,depth,7,f1,300,2256,65515,,0.15323166765088295,0.14725112434267235,0.15931630761630913,0.1505405184524847,0.14559998299851284,0.15542448608107762,,,,0.002691149198398246,-0.00046785159295444675,0.005934873728366142,0.048595140485951406,0.15053932204394663,0.0016009001628688989,0.14740994290847392,0.15371439992289967,1.6817698376090435,1.0178846667460768,,,,,,0,grid_uncalibrated,True
prose,start,4,depth,8,precision,300,1684,65515,,0.0604136457299855,0.05710364816049447,0.06378290169435447,0.060855257574601196,0.05793895186806462,0.06376264568073968,,,,-0.0004416118446156983,-0.0019718156827290543,0.0011521589358833323,0.708929107089291,0.06085525757460031,0.0008088640183443313,0.05925360604441731,0.06242845149965657,-0.5459654955585095,0.9927432425362188,,,,,,0,grid_uncalibrated,True
prose,start,4,depth,8,recall,300,1684,65515,,0.9714964370546318,0.9629847238542891,0.9795327072327659,0.9505104513064131,0.9472373408997178,0.9536963459653026,,,,0.02098598574821875,0.012686036915301388,0.028917715760256806,9.999000099990002e-05,0.9505104513064032,0.005201547746169338,0.9400237529691211,0.9608076009501187,4.0345656278333095,1.022078648077341,,,,,0.0,0,grid_uncalibrated,True
prose,start,4,depth,8,f1,300,1684,65515,,0.11375340265652185,0.10785420347703781,0.11972104711489631,0.11438702703416932,0.10921738840125585,0.11951616577893903,,,,-0.0006336243776474682,-0.0033699205630721278,0.002209623468021925,0.6671332866713329,0.11438605278546775,0.0014438537984874894,0.11151668120240793,0.11719034201295861,-0.4381677214193206,0.9944691672320188,,,,,,0,grid_uncalibrated,True
prose,start,4,depth,9,precision,300,1195,65515,,0.044066244371517974,0.04117653100086683,0.04702736514727972,0.043027876058917815,0.040415619621515284,0.04567430422214738,,,,0.0010383683126001589,-0.0002830038453103574,0.002342298144775329,0.06619338066193381,0.043027876058916975,0.0006880995140162474,0.041700373960161796,0.04438678165305655,1.509037997338973,1.0241324556940525,,,,,,0,grid_uncalibrated,True
prose,start,4,depth,9,recall,300,1195,65515,,0.9774058577405857,0.9687756458241525,0.985258888567712,0.9495630962343097,0.9459539318476184,0.9530277745098037,,,,0.02784276150627607,0.019000223296533066,0.03612037665744059,9.999000099990002e-05,0.9495630962343128,0.006220866015612516,0.9372384937238494,0.9615062761506277,4.4757050604201964,1.0293216549976396,,,,,0.0,0,grid_uncalibrated,True
prose,start,4,depth,9,f1,300,1195,65515,,0.08433045853781507,0.07902843682292757,0.08973461586894493,0.08232531698428967,0.07752693673135114,0.08715392713113865,,,,0.002005141553525394,-0.00042677830247888655,0.004403184514803421,0.056194380561943806,0.08232456942409783,0.0012685497804178682,0.07986995642025116,0.08482131117906938,1.5812458798869433,1.0243656192525445,,,,,,0,grid_uncalibrated,True
prose,start,4,depth,10,precision,300,871,65515,,0.03199267343356483,0.029288360038416325,0.03470752159464981,0.03143266274898877,0.028981530519348642,0.033885037151075256,,,,0.0005600106845760622,-0.0005959069699426426,0.0017163729307760002,0.17348265173482652,0.03143266274898899,0.0005856351717148516,0.030283141265359078,0.03257269327634893,0.9562449655064637,1.0178162024976345,,,,,,0,grid_uncalibrated,True
prose,start,4,depth,10,recall,300,871,65515,,0.9690011481056258,0.9575199980489709,0.9798659828626904,0.9504331802525837,0.946677029004964,0.9539085825512627,,,,0.018567967853042044,0.006640558232226456,0.02960542079136667,0.003999600039996,0.950433180252591,0.007280736624239516,0.9357060849598163,0.9644087256027555,2.550286984865926,1.0195363211626303,,,,,0.0,0,grid_uncalibrated,True
prose,start,4,depth,10,f1,300,871,65515,,0.06194031695505113,0.056851682596557436,0.0670141941178073,0.060852805570669945,0.05624763293357447,0.06543672282900306,,,,0.001087511384381186,-0.0010900823096965805,0.0032596072719108253,0.1620837916208379,0.060852250490353255,0.0011034030031748978,0.05868545187298723,0.06301214930581232,0.9861006917391988,1.0178804638436563,,,,,,0,grid_uncalibrated,True
prose,start,4,depth,11,precision,300,650,65515,,0.023506067312829122,0.021033468958952636,0.02595889111766674,0.023485227810425106,0.021256420625271777,0.025686378423807325,,,,2.0839502404015886e-05,-0.0010347662370371875,0.0011151377715629416,0.4871512848715128,0.023485227810425075,0.0005037746073816202,0.022513928108066857,0.02446767915744486,0.04136671856559205,1.0008873451248703,,,,,,0,grid_uncalibrated,True
prose,start,4,depth,11,recall,300,650,65515,,0.9738461538461538,0.9610591900311527,0.9849627198212559,0.950899846153846,0.9472320854377221,0.9543552512766512,,,,0.022946307692307766,0.01020166427466172,0.03417446865770035,0.0031996800319968005,0.9508998461538529,0.008372235528955408,0.9338461538461539,0.9661538461538461,2.740762322433595,1.024131150914697,,,,,0.0,0,grid_uncalibrated,True
prose,start,4,depth,11,f1,300,650,65515,,0.045904130474681025,0.04117988720947874,0.05056853142799288,0.045838344836222594,0.04158514317716798,0.05001951266585673,,,,6.578563845843072e-05,-0.0019476910831424412,0.002151762600796913,0.47025297470252975,0.045837919331685996,0.0009632745850059625,0.043967843427186154,0.047724808169448824,0.06873548209996554,1.001444462226043,,,,,,0,grid_uncalibrated,True
prose,start,4,depth,12,precision,300,411,65515,,0.014805769671067694,0.012989363832132577,0.016745498698777745,0.01485270090818896,0.013108967714533308,0.016631696339615698,,,,-4.693123712126539e-05,-0.0008776690230377819,0.0008155647258934413,0.5523447655234477,0.014852700908188975,0.0004095858670661058,0.014057849347477678,0.015645272075097305,-0.11458216919800716,0.9968402220302298,,,,,,0,grid_uncalibrated,True
prose,start,4,depth,12,recall,300,411,65515,,0.9805352798053528,0.9660574412532638,0.9927360774818402,0.9515491484184914,0.9476989758629988,0.9552696009638554,,,,0.028986131386861458,0.01387089206425799,0.04188409965199133,0.0017998200179982,0.9515491484184897,0.010589415291174173,0.9294403892944039,0.9708029197080292,2.737274022204213,1.0304620433269676,,,,,0.0,0,grid_uncalibrated,True
prose,start,4,depth,12,f1,300,411,65515,,0.029171065565497683,0.02563678599507893,0.03292870655380191,0.029248857316961207,0.025860884831448654,0.03269194447506348,,,,-7.779175146352402e-05,-0.001692985000102812,0.0015979084332538212,0.5349465053494651,0.02924857196451197,0.0007961464749661739,0.027699998976634697,0.030793042561313877,-0.09735193391088169,0.997350079207001,,,,,,0,grid_uncalibrated,True
prose,start,4,depth,13,precision,300,260,65515,,0.009036098603373273,0.00745896626524789,0.010736289005205284,0.009504115088147752,0.008032501777628362,0.011046639435488816,,,,-0.00046801648477447916,-0.0011255103189627043,0.00019731771055702616,0.9304069593040696,0.009504115088147634,0.00032351644370671263,0.008868198122567351,0.010165610928794932,-1.4466543938602596,0.9507564375606085,,,,,,0,grid_uncalibrated,True
prose,start,4,depth,13,recall,300,260,65515,,0.9538461538461539,0.9267241379310345,0.9772727272727273,0.9526107692307693,0.9485124709435476,0.9564702563146683,,,,0.0012353846153846382,-0.025965304711998677,0.024807339317491815,0.5381461853814619,0.9526107692308012,0.012951528031466054,0.926923076923077,0.9769230769230769,0.09538524044045356,1.0012968409084333,,,,,0.0,0,grid_uncalibrated,True
prose,start,4,depth,13,f1,300,260,65515,,0.01790259998390405,0.014800229864655614,0.021232437177849756,0.01882046007715043,0.01593083415634002,0.021839659680370747,,,,-0.0009178600932463789,-0.002212654417379823,0.00038989391238921885,0.9261073892610739,0.018820278847711393,0.0006352871213270427,0.017571015854013577,0.020114294573957872,-1.4445104158422357,0.9512398901614076,,,,,,0,grid_uncalibrated,True
prose,start,4,depth,14,precision,300,150,65515,,0.005220178585056857,0.0041060720527715784,0.0064408319046380565,0.005409782492558957,0.004379441163076892,0.006508504835680081,,,,-0.00018960390750210037,-0.0006208498388440673,0.0002504197058079988,0.7891210878912108,0.005409782492558884,0.0002460302973644945,0.004930168663664809,0.005907044188353812,-0.7706526778737659,0.9649516578969994,,,,,,0,grid_uncalibrated,True
prose,start,4,depth,14,recall,300,150,65515,,0.9466666666666667,0.9084967320261438,0.9795918367346939,0.951674,0.9469952989510487,0.9560576826900674,,,,-0.005007333333333364,-0.04307962577962582,0.027807696199505943,0.7045295470452955,0.9516739999999069,0.01751372659613459,0.9133333333333333,0.98,-0.28590907284948547,0.9947383943101937,,,,,0.0,0,grid_uncalibrated,True
prose,start,4,depth,14,f1,300,150,65515,,0.010383101910004137,0.008176225408809556,0.012794944155883085,0.010758408904214362,0.00871865595027996,0.012928562203756488,,,,-0.00037530699421022516,-0.0012288328413425646,0.0004953245399607416,0.7811218878112188,0.010758304141277356,0.0004869584137371552,0.009808891064191345,0.011741336703903118,-0.7705015884082074,0.9651244074952625,,,,,,0,grid_uncalibrated,True
prose,start,4,depth,15,precision,300,119,65515,,0.004487521941540105,0.003427401034023578,0.005650162500536842,0.004284394413493094,0.0033201582040440526,0.005318446909313952,,,,0.00020312752804701063,-0.00015008218686586426,0.0005764619135576279,0.18698130186981302,0.004284394413493118,0.00021831980261027533,0.003861711058536213,0.00471647714263909,0.930412750553792,1.0474110243929142,,,,,,0,grid_uncalibrated,True
prose,start,4,depth,15,recall,300,119,65515,,0.9915966386554622,0.9714285714285714,1.0,0.9506436974789918,0.9454589732142856,0.955553523359288,,,,0.040952941176470414,0.02087895302137069,0.05323041666666679,0.020097990200979902,0.9506436974789764,0.01980686350423845,0.907563025210084,0.9831932773109243,2.0676136414895963,1.0430791697089976,,,,,0.0,0,grid_uncalibrated,True
prose,start,4,depth,15,f1,300,119,65515,,0.008934609843523284,0.006830590338635113,0.011236440494215521,0.008530343973083122,0.006617165673794062,0.010577946758451752,,,,0.0004042658704401618,-0.0002964459250696145,0.0011440643958838949,0.1695830416958304,0.008530258964314816,0.00043302972445669394,0.007692140047585851,0.009386740170283557,0.9337716474678303,1.0474019465176867,,,,,,0,grid_uncalibrated,True
prose,start,4,depth,16,precision,300,76,65515,,0.002686407692894757,0.0018370960077145604,0.0036364241974709633,0.0026929909181103565,0.0019446849754413058,0.0035057570885642193,,,,-6.5832252155997514e-06,-0.0003180015730891193,0.00032277518551669627,0.5263473652634737,0.002692990918110312,0.00017458418369447235,0.002365870411356178,0.003037472334579867,-0.03770802759015059,0.9975554224222284,,,,,,0,grid_uncalibrated,True
prose,start,4,depth,16,recall,300,76,65515,,0.9868421052631579,0.9552238805970149,1.0,0.9473421052631578,0.9334081577540108,0.9573700879917182,,,,0.03950000000000009,0.0053713541666667855,0.06252396505376366,0.07929207079292071,0.9473421052631795,0.025184094814373545,0.8947368421052632,0.9868421052631579,1.5684502576377746,1.0416956026556055,,,,,0.0,0,grid_uncalibrated,True
prose,start,4,depth,16,f1,300,76,65515,,0.005358229072817318,0.0036674545491179322,0.007246490621877863,0.005370714610590469,0.003881458595783383,0.0069854883291869665,,,,-1.248553777315111e-05,-0.0006329579237995123,0.0006427403410036195,0.4928507149285071,0.005370660562902252,0.0003473440403029533,0.004719442492412818,0.006056303536658085,-0.03579013497422061,0.9976852958887769,,,,,,0,grid_uncalibrated,True
prose,start,4,depth,17,precision,300,44,65515,,0.001541631687399832,0.000912455486162258,0.0023000033640053976,0.0016029764176142866,0.0010208160112286434,0.0022660173853167064,,,,-6.134473021445451e-05,-0.0003315033544157034,0.00023937406679227304,0.6964303569643036,0.0016029764176143098,0.00013388269022891633,0.0013432038464473784,0.0018774326490116767,-0.4581976214370117,0.9617307344385164,,,,,,0,grid_uncalibrated,True
prose,start,4,depth,17,recall,300,44,65515,,0.9772727272727273,0.9210526315789473,1.0,0.9535022727272728,0.94871478125,0.9580579949874687,,,,0.023770454545454456,-0.03072043464665412,0.04944718459588842,0.3842615738426157,0.9535022727272144,0.03174169580366054,0.8863636363636364,1.0,0.7488716007029333,1.024929625471709,,,,,0.0,0,grid_uncalibrated,True
prose,start,4,depth,17,f1,300,44,65515,,0.0030784072379074342,0.001823191457303053,0.004589448101474819,0.0032005722064492254,0.002039463167175309,0.004521270840992581,,,,-0.00012216496854179117,-0.0006610194355295742,0.0004770508101441755,0.6655334466553344,0.0032005407327872397,0.00026693685359891877,0.0026823428451513646,0.0037474945974707674,-0.45753702882598224,0.9618397311339814,,,,,,0,grid_uncalibrated,True
prose,start,4,depth,18,precision,300,24,65515,,0.0007784476837365489,0.0003828193017449319,0.00123708839204392,0.0008700847134244066,0.0004637769598285096,0.001335059122423045,,,,-9.163702968785774e-05,-0.00027886734935680436,9.587230554851411e-05,0.8444155584441556,0.0008700847134244039,9.858725629319792e-05,0.0006868656032969549,0.0010684576051285964,-0.9295017747053133,0.894680335978783,,,,,,0,grid_uncalibrated,True
prose,start,4,depth,18,recall,300,24,65515,,0.9166666666666666,0.7726948051948055,1.0,0.9555041666666667,0.9495872479838708,0.9611777898550726,,,,-0.03883750000000008,-0.18135499999999993,0.04599046034946237,0.9162083791620838,0.9555041666666652,0.041394701771753056,0.875,1.0,-0.938223935375722,0.9593539187427246,,,,,0.0,0,grid_uncalibrated,True
prose,start,4,depth,18,f1,300,24,65515,,0.001555574349383108,0.0007653042995915504,0.0024709753710296842,0.0017385862654296464,0.0009271059906229039,0.0026663952904245353,,,,-0.0001830119160465384,-0.0005567573215209702,0.00019149139451165556,0.8382161783821618,0.0017385689585298998,0.0001968396710012449,0.0013726536881897313,0.0021346344438514906,-0.9296632544444479,0.8947441180006295,,,,,,0,grid_uncalibrated,True
prose,start,4,depth,19,precision,300,14,65515,,0.00039685568190490726,0.00016363887099674163,0.0006723797544328921,0.0005213828894146379,0.00021908680043013364,0.0008770914605456885,,,,-0.00012452720750973063,-0.0002978772236302108,1.8889559458552105e-05,0.9628037196280372,0.0005213828894146339,7.694931302066212e-05,0.0003815920018316416,0.0006716019232236892,-1.6183017446340173,0.7611597732914949,,,,,,0,grid_uncalibrated,True
prose,start,4,depth,19,recall,300,14,65515,,0.8571428571428571,0.65,1.0,0.9558571428571427,0.9465000000000001,0.9636999999999999,,,,-0.09871428571428564,-0.30177524999999994,0.04781840909090903,0.9791020897910209,0.9558571428571446,0.05502946119734339,0.8571428571428571,1.0,-1.7938443075116475,0.896726946644745,,,,,0.0,0,grid_uncalibrated,True
prose,start,4,depth,19,f1,300,14,65515,,0.0007933440468683253,0.0003271709999776796,0.0013437133675695567,0.001042197300742292,0.00043807227932632175,0.0017525718239016946,,,,-0.0002488532538739668,-0.0005950224754259568,3.77704283028165e-05,0.961003899610039,0.0010421868040605962,0.00015374145982783856,0.0007628135336990215,0.0013423023536051496,-1.618579383016968,0.761230178483624,,,,,,0,grid_uncalibrated,True
prose,start,4,depth,20,precision,300,7,65515,,0.0001679004808059223,3.0377213023492066e-05,0.00035365069437189825,0.00026385865832252156,7.5680544878249e-05,0.000495875286935154,,,,-9.595817751659926e-05,-0.00021679027855771776,6.370878382717976e-06,0.9782021797820218,0.0002638586583225107,5.4681452709638854e-05,0.0001679004808059223,0.0003815920018316416,-1.7548578679160365,0.6363273499280054,,,,,,0,grid_uncalibrated,True
prose,start,4,depth,20,recall,300,7,65515,,0.8571428571428571,0.5,1.0,0.9593571428571428,0.9522360714285715,0.97,,,,-0.1022142857142857,-0.4616,0.04632500000000006,0.9716028397160283,0.959357142857167,0.07422892728866504,0.7142857142857143,1.0,-1.3770141836593441,0.8934554389099618,,,,,0.0,0,grid_uncalibrated,True
prose,start,4,depth,20,f1,300,7,65515,,0.0003357351964941106,6.116336570922623e-05,0.0007071578699895875,0.0005275722147944962,0.00015571008300135775,0.000991418175317983,,,,-0.0001918370183003856,-0.0004333444427210614,1.2750413773638448e-05,0.9746025397460254,0.0005275668303306766,0.00010930551816522004,0.00033572204656159583,0.0007628928898382667,-1.7550041119296849,0.6363842023268848,,,,,,0,grid_uncalibrated,True
prose,start,4,depth,21,precision,300,4,65515,,0.00010684576051285965,0.0,0.00024232795508163569,0.00014245592612378846,0.0,0.00032773405253576826,,,,-3.561016561092881e-05,-8.749291336882169e-05,0.0,0.859014098590141,0.00014245592612379006,4.013274708203335e-05,7.631840036632832e-05,0.00022895520109898496,-0.8873094467752592,0.750026786670944,,,,,,0,grid_uncalibrated,True
prose,start,4,depth,21,recall,300,4,65515,,1.0,1.0,1.0,0.95645,0.9538,0.9602,,,,0.04354999999999998,0.03979999999999995,0.04620000000000002,0.8367163283671633,0.95645,0.10206340771264663,0.75,1.0,0.4266955314936414,1.0455329604265775,,,,,0.0,0,grid_uncalibrated,True
prose,start,4,depth,21,f1,300,4,65515,,0.00021366869143188546,6.027663964870419e-05,0.0004892554971774637,0.0002848694231216475,6.768624889046755e-05,0.0006597810200153736,,,,-7.120073168976205e-05,-0.00017635265789210308,-6.264677315695511e-06,0.8301169883011699,0.0002848665565550918,8.024235999956829e-05,0.00015262127031770662,0.0004578055852281398,-0.8872852832791728,0.7500659045968529,,,,,,0,grid_uncalibrated,True
prose,start,4,depth,22,precision,300,3,65515,,0.00015263680073265663,0.0,0.0003636144942049097,0.00011046172632221629,0.0,0.0002492169914680121,,,,4.217507441044034e-05,-3.391677899705319e-05,0.0001463302587946504,0.1640835916408359,0.00011046172632221789,3.5784551339877664e-05,4.579104021979699e-05,0.00018316416087918797,1.178583294502273,1.3818071273611428,,,,,,0,grid_uncalibrated,True
prose,start,4,depth,22,recall,300,3,65515,,1.0,1.0,1.0,0.9557666666666665,0.9546,0.9578,,,,0.04423333333333346,0.042200000000000015,0.045399999999999996,0.8729127087291271,0.9557666666666692,0.11846393747281139,0.6666666666666666,1.0,0.3733907067159807,1.046280472918771,,,,,0.0,0,grid_uncalibrated,True
prose,start,4,depth,22,f1,300,3,65515,,0.00030522701259061424,3.055146948200426e-05,0.0007337093732608454,0.00022089792259957715,6.390099047730177e-05,0.0005036047850904697,,,,8.43290899910371e-05,-6.794795466886156e-05,0.00029685474226509996,0.16268373162683733,0.0002208956181253371,7.15528365976711e-05,9.1575790413541e-05,0.0003662612358264532,1.178589116451911,1.3817703365099219,,,,,,0,grid_uncalibrated,True
prose,start,4,depth,23,precision,300,1,65515,,6.105472029306265e-05,0.0,0.00018693110156940373,3.395710905899412e-05,0.0,0.00010396640541536312,,,,2.709761123406853e-05,0.0,8.296469615404062e-05,0.14908509149085092,3.395710905899035e-05,1.8856437563526835e-05,0.0,7.631840036632832e-05,1.437048283525516,1.7979952353128261,,,,,,0,grid_uncalibrated,True
prose,start,4,depth,23,recall,300,1,65515,,1.0,1.0,1.0,0.9565,0.9565,0.9565,,,,0.04349999999999998,0.04349999999999998,0.04349999999999998,0.9565043495650435,0.9565,0.203989978163454,0.0,1.0,0.21324577016790555,1.0454783063251438,,,,,0.0,0,grid_uncalibrated,True
prose,start,4,depth,23,f1,300,1,65515,,0.00012210198568354217,0.00011707716901521909,0.000469787046977693,6.791180715234071e-05,6.511698985751586e-05,0.0002613095002655748,,,,5.4190178531201454e-05,5.1960179157703224e-05,0.00020847754671211822,0.14908509149085092,6.791120104694693e-05,3.770988474274342e-05,0.0,0.00015262515262515263,1.4370445575817694,1.7979653400494744,,,,,,0,grid_uncalibrated,True
prose,start,4,category,clause_level,precision,300,4386,65515,,0.17147218194306646,0.1649716011842475,0.17792318332564522,0.14680897657025102,0.1409158896914697,0.15267673437223997,,,,0.02466320537281544,0.02241727177473759,0.02693133909746479,9.999000099990002e-05,0.14680897657025044,0.0011654642042946226,0.14459284133404565,0.149095626955659,21.161701304883067,1.1679952135693439,,,,,,0,grid_uncalibrated,True
prose,start,4,category,clause_level,recall,300,4386,65515,,0.9849521203830369,0.980959148483498,0.9886552426861308,0.9509614227086183,0.9479911244915606,0.9538498976133635,,,,0.033990697674418646,0.02940074293285302,0.03840209119292132,9.999000099990002e-05,0.9509614227086124,0.003185651024131403,0.9448244414044688,0.9571363429092568,10.669937609908922,1.035743508477567,,,,,0.0,0,grid_uncalibrated,True
prose,start,4,category,clause_level,f1,300,4386,65515,,0.29209328937797246,0.2826086921131902,0.30138740337675435,0.2543513166639443,0.24545110837831288,0.2631811068655785,,,,0.03774197271402818,0.03445995964393426,0.04106634285289154,9.999000099990002e-05,0.25434972871694767,0.001795807649919549,0.2509490665713566,0.2578791938717426,21.01759654644287,1.1483923763214532,,,,,,0,grid_uncalibrated,True
prose,start,4,category,phrase_level,precision,300,20785,65515,,0.5967640998244677,0.5901107980812885,0.6033631447638832,0.574977168587346,0.5693325604469425,0.5805344874861945,,,,0.02178693123712161,0.017592605039383348,0.026040056209168425,9.999000099990002e-05,0.5749771685873479,0.0016621145889146522,0.5716858734640922,0.5781882011753033,13.107959813616953,1.0378918197580744,,,,,,0,grid_uncalibrated,True
prose,start,4,category,phrase_level,recall,300,20785,65515,,0.9773394274717344,0.974959509231432,0.979636352732615,0.9493165022853033,0.9463477261944768,0.9522177620823924,,,,0.028022925186431125,0.025119954154797963,0.030951690790294684,9.999000099990002e-05,0.949316502285308,0.0013627374111665508,0.9465961029588645,0.9519846042819341,20.56370138282023,1.0295190540973072,,,,,0.0,0,grid_uncalibrated,True
prose,start,4,category,phrase_level,f1,300,20785,65515,,0.7410453931958957,0.7357823562024285,0.7461906167190131,0.716181304177113,0.7115126305398632,0.7207332856415625,,,,0.024864089018782676,0.021156203909307083,0.02864433868625869,9.999000099990002e-05,0.7161800321144839,0.0014687230510488558,0.7133159135250484,0.718994778074919,16.929918178689135,1.0347194280298462,,,,,,0,grid_uncalibrated,True
prose,start,4,category,structural_other,precision,300,14,65515,,0.0007937113638098145,0.000361433399925698,0.001279906731559805,0.000540167900480806,0.0002517680396240986,0.0008740366191865706,,,,0.0002535434633290086,7.472826221847303e-05,0.0004680373041799709,0.0008999100089991,0.0005401679004807998,7.695384241065684e-05,0.00039685568190490726,0.0007021292833702205,3.2947472846905326,1.469378989575903,,,,,,0,grid_uncalibrated,True
prose,start,4,category,structural_other,recall,300,14,65515,,1.0,1.0,1.0,0.9597214285714285,0.9392409803921568,0.9732,,,,0.0402785714285715,0.026800000000000043,0.06075901960784323,0.5595440455954405,0.9597214285714286,0.05207774540337783,0.8571428571428571,1.0,0.773431551550211,1.041969023749451,,,,,0.0,0,grid_uncalibrated,True
prose,start,4,category,structural_other,f1,300,14,65515,,0.001586163771409398,0.0007226056260429953,0.0025565413285910136,0.0010797280887261504,0.0005034064718873804,0.0017464801771172097,,,,0.0005064356826832476,0.000149318807404298,0.0009347980975590176,0.0008999100089991,0.0010797172824540946,0.00015374442639094665,0.0007933440468683253,0.0014032732874727353,3.294080317861369,1.469054721254622,,,,,,0,grid_uncalibrated,True
prose,end,4,all,all,precision,300,16323,65515,,0.5127222773410669,0.5060813570843935,0.5191590910092644,0.5030588399603145,0.4975995116674546,0.5085595996737171,,,,0.009663437380752371,0.005969975797355889,0.013222644767682916,9.999000099990002e-05,0.5030588399603144,0.0017002823305506697,0.49974814927879113,0.506403113790735,5.683431043844812,1.0192093580574288,,,,,,0,grid_uncalibrated,True
prose,end,4,all,all,recall,300,16323,65515,,0.9810083930650003,0.9786119077514361,0.9832784750543205,0.9454006310114562,0.9423381691050096,0.9483475595267129,,,,0.0356077620535441,0.03291975664703444,0.038352163105208815,9.999000099990002e-05,0.9454006310114562,0.0016823383886228759,0.9421062304723397,0.9486613980273234,21.165636054166136,1.0376642038153163,,,,,0.0,0,grid_uncalibrated,True
prose,end,4,all,all,f1,300,16323,65515,,0.6734612435135341,0.6675100726605083,0.6791281664293445,0.6566868514661276,0.6517107387288151,0.6616849780615993,,,,0.016774392047406494,0.01336595404182633,0.02010575350283777,9.999000099990002e-05,0.6566853052038943,0.0016352233382225135,0.6535073288290428,0.6598372267361491,10.259111350425796,1.0255463890796688,,,,,,0,grid_uncalibrated,True
prose,end,4,depth,1,precision,300,1778,65515,,0.07575364420361749,0.0732452142622258,0.07830629245771033,0.060111281385942135,0.058495782094061935,0.06178007902775059,,,,0.015642362817675358,0.013974178257360274,0.017302583753163552,9.999000099990002e-05,0.06011128138594105,0.0008054415498011948,0.05853621308097382,0.06169579485613982,19.42085409119682,1.2602234132599095,,,,,,0,grid_uncalibrated,True
prose,end,4,depth,1,recall,300,1778,65515,,0.9949381327334084,0.9914965986394558,0.9977888336097291,0.9169848706411694,0.9131587687840274,0.9206425608785602,,,,0.07795326209223896,0.0729578788909649,0.08285074881004248,9.999000099990002e-05,0.9169848706411391,0.006256220610870993,0.9043869516310461,0.9291338582677166,12.460120405091756,1.0850104124812503,,,,,0.0,0,grid_uncalibrated,True
prose,end,4,depth,1,f1,300,1778,65515,,0.14078783630395092,0.13643912509010456,0.14519054333912532,0.11282643058496794,0.10996332381132176,0.11576420079957246,,,,0.02796140571898298,0.025067444958885826,0.030828477110195686,9.999000099990002e-05,0.11282547259384294,0.0014398353415644985,0.1100199111255594,0.11566922422999641,19.420528794441584,1.2478373284618878,,,,,,0,grid_uncalibrated,True
prose,end,4,depth,2,precision,300,4099,65515,,0.1573227505151492,0.152556976622556,0.16218116880597505,0.14285983209951914,0.13908650397344188,0.14676852337907062,,,,0.014462918415630077,0.011820854017722123,0.017146051055876792,9.999000099990002e-05,0.14285983209951716,0.0011798957478884558,0.14053270243455698,0.14517286117682973,12.257793488547543,1.1012385231249402,,,,,,0,grid_uncalibrated,True
prose,end,4,depth,2,recall,300,4099,65515,,0.9941449133935106,0.9916308277676018,0.9963959851223617,0.9446642839717011,0.941607784393911,0.9475879603201885,,,,0.04948062942180953,0.045616035842370894,0.053286155426934115,9.999000099990002e-05,0.9446642839716994,0.003488902680172277,0.9375457428641132,0.9514515735545255,14.182289951225556,1.0523790623413614,,,,,0.0,0,grid_uncalibrated,True
prose,end,4,depth,2,f1,300,4099,65515,,0.2716561082658739,0.2645145741249726,0.2788817388796744,0.24818682915491638,0.24244405842354583,0.2540856896503529,,,,0.023469279110957503,0.01948275628102107,0.02750284302656507,9.999000099990002e-05,0.24818522432678256,0.0018335044210616787,0.24458385087304946,0.25178341687052663,12.801105723814219,1.0945700293108,,,,,,0,grid_uncalibrated,True
prose,end,4,depth,3,precision,300,1977,65515,,0.07408990307563154,0.07041335554061155,0.0777659675850361,0.07181406853392341,0.06857225199155002,0.07504757243993701,,,,0.002275834541708127,0.00040611366087889885,0.004204997991923648,0.004999500049995001,0.07181406853392301,0.0008713705612095431,0.07010570098450737,0.07350988323284743,2.6117872728560627,1.0316906504278265,,,,,,0,grid_uncalibrated,True
prose,end,4,depth,3,recall,300,1977,65515,,0.9838138593829034,0.9780379524862624,0.9889187019870642,0.9496166919575116,0.9463438917599348,0.9527697267787929,,,,0.034197167425391806,0.028436178132864694,0.039785372863936644,9.999000099990002e-05,0.9496166919575059,0.004803305963004298,0.9403136064744563,0.9590288315629742,7.119506375148433,1.0360115483594805,,,,,0.0,0,grid_uncalibrated,True
prose,end,4,depth,3,f1,300,1977,65515,,0.13780208762420257,0.13142399445882524,0.14415666426690155,0.13353002638061087,0.12790163978052824,0.13910201806042435,,,,0.004272061243591696,0.0010284148115101907,0.007627182675021204,0.0029997000299970002,0.13352893658838705,0.0015254593601763315,0.13052239407588165,0.13648027809256275,2.8012224693561003,1.0320016855147123,,,,,,0,grid_uncalibrated,True
prose,end,4,depth,4,precision,300,1660,65515,,0.06117682973364878,0.057688878300118304,0.06461433596412523,0.06078996565671984,0.057910454499212206,0.06371302981759709,,,,0.00038686407692894303,-0.0013038662795546018,0.002101681400044724,0.3237676232376762,0.06078996565671903,0.0008213661916443342,0.05917728764405098,0.06238266045943677,0.47100073130021614,1.006363946298545,,,,,,0,grid_uncalibrated,True
prose,end,4,depth,4,recall,300,1660,65515,,0.9746987951807229,0.9668507454733763,0.9819387577635832,0.950744698795181,0.947540088994119,0.9538626624419374,,,,0.023954096385541912,0.01628681039053292,0.031168760162601485,9.999000099990002e-05,0.9507446987951788,0.005233568983802307,0.9403614457831325,0.9608433734939759,4.577009772811084,1.0251950880356206,,,,,0.0,0,grid_uncalibrated,True
prose,end,4,depth,4,f1,300,1660,65515,,0.1151276867612225,0.10889561614959398,0.12121391321999711,0.11427337019514613,0.10916822033994072,0.11942992143204247,,,,0.0008543165660763602,-0.002160862073577637,0.0038894419556801127,0.2826717328267173,0.11427237709307637,0.0014666024876746884,0.11139967012154166,0.11713183413910712,0.5831912023429209,1.0074848330795592,,,,,,0,grid_uncalibrated,True
prose,end,4,depth,5,precision,300,1511,65515,,0.05488819354346333,0.0512960269708378,0.05854495103820605,0.05579857437228112,0.05263991442033681,0.05904255496718391,,,,-0.0009103808288177875,-0.002457384335035974,0.0006708454270579692,0.8817118288171183,0.0557985743722826,0.000765131858588917,0.05430817370067923,0.05733038235518584,-1.189835214152789,0.9836845145407247,,,,,,0,grid_uncalibrated,True
prose,end,4,depth,5,recall,300,1511,65515,,0.9761747187293184,0.9682225164935263,0.9834140701028166,0.9520379219060223,0.9484965778328012,0.9553999429234961,,,,0.02413679682329606,0.016120075177545875,0.031543689774673304,9.999000099990002e-05,0.95203792190603,0.0053951465473467825,0.9410986101919259,0.9622766379880874,4.4737981835096505,1.025352768275202,,,,,0.0,0,grid_uncalibrated,True
prose,end,4,depth,5,f1,300,1511,65515,,0.10393248802974162,0.09746440249194424,0.11047753278422118,0.10541860507507553,0.09976085301399261,0.11119160540853709,,,,-0.0014861170453339123,-0.004271013308431611,0.0013473287635344428,0.8552144785521448,0.10541771187211593,0.0013782194056287443,0.10274887642943563,0.1081816800227989,-1.0776396242198876,0.9859110597640739,,,,,,0,grid_uncalibrated,True
prose,end,4,depth,6,precision,300,1521,65515,,0.05604823322903152,0.0526219427022863,0.059453126418027774,0.05583134549339845,0.05307044506570859,0.058550694549564596,,,,0.0002168877356330673,-0.001472115494383319,0.0019465409340183918,0.3935606439356064,0.05583134549339976,0.0007747442831128676,0.05435396474089903,0.057360909715332364,0.2799475134689814,1.0038846947662652,,,,,,0,grid_uncalibrated,True
prose,end,4,depth,6,recall,300,1521,65515,,0.9743589743589743,0.9662698064116721,0.9819314749988635,0.9501145299145304,0.9469041663973281,0.9532051005253188,,,,0.024244444444443958,0.01607467589628677,0.03188726060533318,9.999000099990002e-05,0.950114529914522,0.005479824991114616,0.9388560157790927,0.960552268244576,4.424309988688321,1.0255173915155613,,,,,0.0,0,grid_uncalibrated,True
prose,end,4,depth,6,f1,300,1521,65515,,0.1059990625871228,0.09984865978995888,0.11205197185395445,0.1054652618490927,0.1005177708671535,0.11030550187606616,,,,0.0005338007380300963,-0.0025065787626736185,0.003623627827636223,0.3498650134986501,0.10546435773683907,0.0013956965534729481,0.10280172682238277,0.10819862744024823,0.38310967305408133,1.0050700052772137,,,,,,0,grid_uncalibrated,True
prose,end,4,depth,7,precision,300,1177,65515,,0.04301305044646264,0.040013107830835,0.04619861641673608,0.0432350225139281,0.04055796336922474,0.046045544184516216,,,,-0.00022197206746545767,-0.001592796780039837,0.0011314903951091789,0.6311368863113689,0.04323502251392737,0.0006855738840293058,0.041914065481187514,0.04458520949400901,-0.323775558894015,0.9948659199288441,,,,,,0,grid_uncalibrated,True
prose,end,4,depth,7,recall,300,1177,65515,,0.9660152931180969,0.953073767214216,0.9771113212423714,0.9502962616822431,0.9466785029106455,0.9537191289432609,,,,0.015719031435853736,0.0037799397130250153,0.026243800216033668,0.004299570042995701,0.9502962616822553,0.006216017441627491,0.9379779099405268,0.9617672047578589,2.5287946154356242,1.016541190436775,,,,,0.0,0,grid_uncalibrated,True
prose,end,4,depth,7,f1,300,1177,65515,,0.08235896404685003,0.07683781697274975,0.08819639340325416,0.08270716971328124,0.07779127065558564,0.08784028614743125,,,,-0.0003482056664312061,-0.0028830360771218543,0.002127112444031518,0.6082391760823918,0.0827064451646738,0.0012640601010026936,0.08026998619194207,0.08517616306713179,-0.274892876966959,0.9957986210490377,,,,,,0,grid_uncalibrated,True
prose,end,4,depth,8,precision,300,796,65515,,0.02875677325803251,0.026346845647350965,0.03130494661930605,0.029126045943677032,0.02701326517240412,0.03134549833976417,,,,-0.0003692726856445207,-0.001492318609114379,0.0007858557721013004,0.7444255574442555,0.02912604594367733,0.0005676211043140746,0.02802411661451576,0.03020682286499275,-0.6505619379516483,0.9873215648166284,,,,,,0,grid_uncalibrated,True
prose,end,4,depth,8,recall,300,796,65515,,0.9685929648241206,0.9557867360208062,0.9797982797092061,0.9502327889447238,0.9467031061229819,0.9537256692177922,,,,0.018360175879396756,0.00582536258984718,0.029550283598725625,0.0065993400659934,0.9502327889447318,0.007544139834967719,0.9346733668341709,0.964824120603015,2.433700366248225,1.0193217663008434,,,,,0.0,0,grid_uncalibrated,True
prose,end,4,depth,8,f1,300,796,65515,,0.05585524757310029,0.051291491374550524,0.060641561705989215,0.056519679778344295,0.052531640283662105,0.06068923679674467,,,,-0.0006644322052440019,-0.0027967401641916154,0.0015181820488959375,0.7301269873012699,0.05651915254037469,0.0010739585924068563,0.05442929260519935,0.058577309621949236,-0.6181848834474308,0.9882534514861996,,,,,,0,grid_uncalibrated,True
prose,end,4,depth,9,precision,300,567,65515,,0.021048614821033353,0.01874952569664715,0.02346546574274192,0.020651008166068838,0.018598525952336752,0.022708116520862708,,,,0.0003976066549645149,-0.0006193874259430663,0.001417246168733989,0.20857914208579142,0.020651008166068352,0.00047354258843304646,0.019735938334732504,0.021567579943524384,0.839642863550419,1.0192536195699302,,,,,,0,grid_uncalibrated,True
prose,end,4,depth,9,recall,300,567,65515,,0.9664902998236331,0.9520146400833852,0.9801810713591289,0.9503627865961205,0.9465502255500923,0.9540491651557985,,,,0.016127513227512602,0.0020753312195228384,0.029306403107860934,0.0382961703829617,0.950362786596134,0.00897089643808848,0.9312169312169312,0.9664902998236331,1.7977593809939814,1.016969849256474,,,,,0.0,0,grid_uncalibrated,True
prose,end,4,depth,9,f1,300,567,65515,,0.041199960320697955,0.03677692863847394,0.04582831195745684,0.04042362687860888,0.03648246230011271,0.04435765564159568,,,,0.0007763334420890777,-0.001172986659406196,0.002731063998857778,0.1999800019998,0.04042324960078858,0.0009103641873072282,0.03866017241320926,0.04219698563884075,0.8531868132981071,1.0192144552350444,,,,,,0,grid_uncalibrated,True
prose,end,4,depth,10,precision,300,454,65515,,0.01598107303670915,0.013922967685819455,0.018092583217859254,0.016590794474547817,0.014818991906636478,0.01836687277285876,,,,-0.0006097214378386652,-0.0016215012404325435,0.0004094679360159992,0.925007499250075,0.016590794474547987,0.00043286919364162206,0.0157669999236816,0.017446386323742655,-1.4085581667510194,0.9632494128732526,,,,,,0,grid_uncalibrated,True
prose,end,4,depth,10,recall,300,454,65515,,0.960352422907489,0.9426043284007732,0.9770837309160305,0.9508792951541852,0.9470494124078791,0.9546326538340807,,,,0.009473127753303778,-0.007967126471263193,0.0257312097157572,0.2106789321067893,0.9508792951541613,0.010221563240431586,0.9295154185022027,0.9691629955947136,0.9267787647056396,1.0099624924021422,,,,,0.0,0,grid_uncalibrated,True
prose,end,4,depth,10,f1,300,454,65515,,0.031438975053545336,0.027444908272383318,0.035514571995657974,0.032612569887426626,0.029183472924948137,0.03603675927285261,,,,-0.0011735948338812904,-0.0031305058367397513,0.0008007472594651854,0.9206079392060794,0.032612258176606686,0.0008387505346323235,0.03100471166341449,0.03427444592771351,-1.3988463489631906,0.9640232480465593,,,,,,0,grid_uncalibrated,True
prose,end,4,depth,11,precision,300,307,65515,,0.011157750133557201,0.00950215954539205,0.012878531565836338,0.011143020682286493,0.009746635062447516,0.012592950613968708,,,,1.4729451270708085e-05,-0.0007328598628172427,0.0008063089582205496,0.49005099490050996,0.011143020682286372,0.0003484028767238887,0.01045562085018698,0.01182935205678089,0.04227706558950916,1.0013218544316485,,,,,,0,grid_uncalibrated,True
prose,end,4,depth,11,recall,300,307,65515,,0.9771986970684039,0.9598765432098766,0.9929328621908127,0.950172638436482,0.9457824018163966,0.9544399225270006,,,,0.027026058631921868,0.01027666619930973,0.04183175442976801,0.013598640135986401,0.9501726384365399,0.012253968728786884,0.9250814332247557,0.9739413680781759,2.205494336571524,1.0284433139185465,,,,,0.0,0,grid_uncalibrated,True
prose,end,4,depth,11,f1,300,307,65515,,0.022063576199850325,0.01881983035747756,0.02542389996786069,0.022027714333804158,0.01929474802144773,0.02485647929940531,,,,3.586186604616695e-05,-0.0014280364708359307,0.0015837132271208083,0.47055294470552944,0.022027505545128473,0.0006820376610462291,0.020681535280004888,0.023372932133303728,0.05288660257634568,1.0016375278920235,,,,,,0,grid_uncalibrated,True
prose,end,4,depth,12,precision,300,189,65515,,0.0071586659543615965,0.005752173983282302,0.008594431167180191,0.00698550866213844,0.005805613186172158,0.008188095398154334,,,,0.00017315729222315644,-0.0004594134174546999,0.0008514598618611664,0.2776722327767223,0.0069855086621386,0.00028140115666741946,0.00644127299091811,0.007540257956193238,0.6153396605531612,1.0247880720786315,,,,,,0,grid_uncalibrated,True
prose,end,4,depth,12,recall,300,189,65515,,0.9629629629629629,0.9297276925166373,0.98989898989899,0.9516878306878302,0.946547487684729,0.956490857219662,,,,0.01127513227513266,-0.020487688650306826,0.03808465726744171,0.294970502949705,0.9516878306878236,0.015231726096522335,0.9206349206349206,0.9788359788359788,0.7402399572897801,1.011847511244302,,,,,0.0,0,grid_uncalibrated,True
prose,end,4,depth,12,f1,300,189,65515,,0.014211682273216503,0.01143648349074121,0.017036278238827234,0.01386921553368594,0.01154092472675773,0.016236557843239435,,,,0.00034246673953056313,-0.0009053674431594674,0.0016775851199399817,0.26717328267173285,0.013869077904688018,0.0005552605975906506,0.012794545488648296,0.014963984191827413,0.6170154518708714,1.0247027503113728,,,,,,0,grid_uncalibrated,True
prose,end,4,depth,13,precision,300,108,65515,,0.0038769747386094787,0.002846239214121494,0.005039517515327665,0.003985314813401511,0.0030727422388222517,0.004996164688580783,,,,-0.00010834007479203255,-0.0005182561867182761,0.0003238397827744313,0.71002899710029,0.003985314813401546,0.00021337394079595188,0.0035717011371441654,0.004411203541173777,-0.507747452139304,0.9728151777551554,,,,,,0,grid_uncalibrated,True
prose,end,4,depth,13,recall,300,108,65515,,0.9537037037037037,0.9108866690240454,0.9901014366142497,0.9525037037037036,0.9475164014466546,0.9570704236111112,,,,0.0012000000000000899,-0.04195306651069523,0.03800582136485275,0.5908409159084091,0.9525037037037406,0.020169630321283893,0.9074074074074074,0.9907407407407407,0.059495388901442875,1.00125983762089,,,,,0.0,0,grid_uncalibrated,True
prose,end,4,depth,13,f1,300,108,65515,,0.007722555917465295,0.0056757403587801665,0.010024879680074499,0.007937419137493818,0.006125817676024155,0.009940281319443542,,,,-0.0002148632200285232,-0.0010282977973043116,0.0006408479591369441,0.6959304069593041,0.007937338798712576,0.0004234662231952176,0.00711595293253286,0.008782177112692724,-0.5072019194982318,0.9729401898175093,,,,,,0,grid_uncalibrated,True
prose,end,4,depth,14,precision,300,69,65515,,0.00264061665267496,0.001807200044247352,0.003596580753171269,0.002536680149584065,0.0018700778807842482,0.003270225442381983,,,,0.00010393650309089468,-0.0002432747070931684,0.000497866262967849,0.28757124287571245,0.0025366801495840152,0.00016878020782214198,0.002213233610623521,0.002869571853773945,0.6158097826284896,1.0409734365241077,,,,,,0,grid_uncalibrated,True
prose,end,4,depth,14,recall,300,69,65515,,0.9855072463768116,0.9508196721311475,1.0,0.9528971014492753,0.9461567077008515,0.9590020235294116,,,,0.03261014492753633,-0.0033893738162878023,0.05256766326530613,0.1578842115788421,0.9528971014492447,0.02548607172782375,0.8985507246376812,1.0,1.2795280997332241,1.0342221052808018,,,,,0.0,0,grid_uncalibrated,True
prose,end,4,depth,14,f1,300,69,65515,,0.00526712032374612,0.0036077448858488122,0.007167383433033275,0.005059890509204192,0.003732828437701326,0.006518065552214029,,,,0.00020722981454192844,-0.0004846040742753279,0.0009905530114652972,0.26477352264773524,0.005059840192257272,0.00033590791175237703,0.004415763332487402,0.005722233188271058,0.6170742761237789,1.0409657466664728,,,,,,0,grid_uncalibrated,True
prose,end,4,depth,15,precision,300,41,65515,,0.001404258566740441,0.0008699057712544504,0.002054373019221213,0.0014987560100740288,0.0009885187142352101,0.0020841876435409076,,,,-9.449744333358775e-05,-0.00033223731080026653,0.0001689579110239286,0.7834216578342166,0.0014987560100740416,0.00013097845823131332,0.0012516217660077844,0.0017553232084255514,-0.7214731690207727,0.9369494149158193,,,,,,0,grid_uncalibrated,True
prose,end,4,depth,15,recall,300,41,65515,,0.9024390243902439,0.8,0.9777777777777777,0.9497634146341464,0.9410187853892822,0.9570231666666665,,,,-0.04732439024390245,-0.14573743145161305,0.02754528782894711,0.9457054294570543,0.9497634146341248,0.03383242747160424,0.8780487804878049,1.0,-1.3987879020386744,0.9501724434583411,,,,,0.0,0,grid_uncalibrated,True
prose,end,4,depth,15,f1,300,41,65515,,0.0028041536732230097,0.0017380048189792987,0.004099954665608772,0.0029927893061643587,0.0019749792288540438,0.004159246859307823,,,,-0.000188635632941349,-0.0006628349610275859,0.00033639081149034166,0.7802219778022198,0.002992759358262565,0.0002611977108123603,0.0024996803423681423,0.003504494895627,-0.7220801608596257,0.9369793349676302,,,,,,0,grid_uncalibrated,True
prose,end,4,depth,16,precision,300,31,65515,,0.0012363580859345187,0.0006196018449096998,0.00203407015966879,0.0010950912004884378,0.0006274552736851538,0.0016551004426953685,,,,0.00014126688544608096,-0.00011756857961339323,0.0004634466572087525,0.11708829117088292,0.0010950912004884376,0.00011191119510045704,0.0008852934442494085,0.001312676486300847,1.2623123657939048,1.1290001101123566,,,,,,0,grid_uncalibrated,True
prose,end,4,depth,16,recall,300,31,65515,,1.0,1.0,1.0,0.937616129032258,0.9089895394736842,0.9617115625,,,,0.062383870967742006,0.03828843750000001,0.09101046052631577,0.13188681131886812,0.937616129032246,0.042725879158500145,0.8387096774193549,1.0,1.4600956655877957,1.0665345539993463,,,,,0.0,0,grid_uncalibrated,True
prose,end,4,depth,16,f1,300,31,65515,,0.002469662784316117,0.0012384363523681966,0.004059882234032654,0.002187627355907552,0.0012540925306268318,0.003304266447376006,,,,0.00028203542840856506,-0.0002346473327172148,0.000923926228854371,0.0983901609839016,0.0021876053456615194,0.00022334607568556068,0.0017687890064002829,0.002621911251352876,1.2628717016353312,1.1289343341631417,,,,,,0,grid_uncalibrated,True
prose,end,4,depth,17,precision,300,17,65515,,0.0006105472029306265,0.00029482746335274913,0.0009935832462864317,0.0006297611234068534,0.00032874530267475237,0.0009751007074180924,,,,-1.9213920476226836e-05,-0.00014987134128910685,0.00012227816006371085,0.6168383161683831,0.0006297611234068446,8.416900768688882e-05,0.0004731740822712356,0.0007937113638098145,-0.22827785433439352,0.9694901451326882,,,,,,0,grid_uncalibrated,True
prose,end,4,depth,17,recall,300,17,65515,,1.0,1.0,1.0,0.9550705882352939,0.9480427472527473,0.9607230769230769,,,,0.044929411764706106,0.0392769230769231,0.0519572527472527,0.4550544945505449,0.9550705882352789,0.04993704092081135,0.8235294117647058,1.0,0.8997211475940033,1.0470430273093625,,,,,0.0,0,grid_uncalibrated,True
prose,end,4,depth,17,f1,300,17,65515,,0.0012203493249942797,0.0005894811314688477,0.00198519403700846,0.0012586922814949316,0.0006572622692101475,0.001948215128256732,,,,-3.8342956500651924e-05,-0.0002992291164343694,0.0002442064978390046,0.5741425857414258,0.0012586796594713282,0.00016813122833287612,0.0009458409441323282,0.001586163771409398,-0.2279786739032197,0.9695471884457495,,,,,,0,grid_uncalibrated,True
prose,end,4,depth,18,precision,300,11,65515,,0.0003358009616118446,0.00013267190182872992,0.0005783652597851908,0.00040785774250171725,0.00018871519820574636,0.000656323321747331,,,,-7.205678088987265e-05,-0.00020651442223480545,4.514270172457173e-05,0.8823117688231177,0.0004078577425017194,6.861235230319432e-05,0.00027474624131878193,0.0005494924826375639,-1.0502012898706599,0.8233286428549997,,,,,,0,grid_uncalibrated,True
prose,end,4,depth,18,recall,300,11,65515,,0.8181818181818182,0.5555555555555556,1.0,0.9542636363636364,0.9481818181818181,0.9604819155844156,,,,-0.1360818181818182,-0.3969224999999999,0.0457250892857143,0.9884011598840116,0.9542636363636273,0.06289426085219463,0.8181818181818182,1.0,-2.1636603457604773,0.8573959931027337,,,,,0.0,0,grid_uncalibrated,True
prose,end,4,depth,18,f1,300,11,65515,,0.0006713263951637375,0.00026527384792271534,0.0011560148786148039,0.00081536699248188,0.00037735538127341996,0.0013117425480563686,,,,-0.00014404059731814244,-0.00041282795033623836,9.023530969779189e-05,0.8812118788121188,0.0008153585484732597,0.00013711446407255269,0.0005493264647179819,0.0010983814129456454,-1.0504519292239591,0.8233511458496153,,,,,,0,grid_uncalibrated,True
prose,end,4,depth,19,precision,300,5,65515,,0.00019842784095245363,3.136161551476084e-05,0.0004117328625534257,0.0001927482255971915,3.997469917459288e-05,0.0003762963723108599,,,,5.679615355262132e-06,-8.737442862171683e-05,0.00011304957396195596,0.5052494750524947,0.00019274822559718836,4.793920259871856e-05,0.00010684576051285965,0.0002900099213920476,0.11847538230469222,1.0294664987844544,,,,,,0,grid_uncalibrated,True
prose,end,4,depth,19,recall,300,5,65515,,1.0,1.0,1.0,0.9525599999999999,0.9319500000000001,0.9722999999999999,,,,0.04744000000000015,0.027700000000000058,0.06804999999999994,0.7832216778322167,0.9525600000000053,0.09447930479159043,0.8,1.0,0.5021205448605007,1.0498026371042186,,,,,0.0,0,grid_uncalibrated,True
prose,end,4,depth,19,f1,300,5,65515,,0.0003967769503113173,8.963836532003942e-05,0.0008234716926333863,0.00038541846269518414,8.429189601402475e-05,0.0007523187084008659,,,,1.1358487616133176e-05,-0.0001749955579906883,0.00022615029530063602,0.48805119488051196,0.0003854144532323526,9.584169719568647e-05,0.00021366298479558938,0.0005798516800439467,0.11855484002714567,1.0294812428119158,,,,,,0,grid_uncalibrated,True
prose,end,4,depth,20,precision,300,2,65515,,6.105472029306265e-05,0.0,0.00018877066368862492,6.409371899564984e-05,0.0,0.0001981667234737262,,,,-3.0389987025871893e-06,-9.396059785101296e-06,0.0,0.6304369563043696,6.409371899564839e-05,2.5451184059542416e-05,1.5263680073265663e-05,0.0001221094405861253,-0.11940500274863743,0.9525850777547786,,,,,,0,grid_uncalibrated,True
prose,end,4,depth,20,recall,300,2,65515,,1.0,1.0,1.0,0.95505,0.95505,0.95505,,,,0.044950000000000045,0.044950000000000045,0.044950000000000045,0.9126087391260874,0.95505,0.14733183012103335,0.5,1.0,0.30509361054616335,1.0470655986597561,,,,,0.0,0,grid_uncalibrated,True
prose,end,4,depth,20,f1,300,2,65515,,0.00012210198568354217,0.0001171104175732556,0.00047526399471615197,0.00012817883586754985,0.0001229388746160852,0.0004989085012172921,,,,-6.076850184007682e-06,-2.364450650114016e-05,-5.828457042829612e-06,0.6220377962203779,0.0001281776702076771,5.089533466223481e-05,3.0526428255261994e-05,0.00024418906338232377,-0.11937605999559715,0.9525995088357361,,,,,,0,grid_uncalibrated,True
prose,end,4,depth,21,precision,300,1,65515,,4.579104021979699e-05,0.0,0.0001411309240259218,4.462794779821415e-05,0.0,0.00013754619855566337,,,,1.1630924215828403e-06,0.0,3.584725470258428e-06,0.5715428457154285,4.462794779820914e-05,2.396660304091039e-05,0.0,9.158208043959398e-05,0.04852971527097458,1.0260619741433534,,,,,,0,grid_uncalibrated,True
prose,end,4,depth,21,recall,300,1,65515,,1.0,1.0,1.0,0.9604,0.9604,0.9604,,,,0.03959999999999997,0.03959999999999997,0.03959999999999997,0.9604039596040396,0.9604,0.195027289281145,0.0,1.0,0.2030485074471496,1.0412328196584757,,,,,0.0,0,grid_uncalibrated,True
prose,end,4,depth,21,f1,300,1,65515,,9.157788699288744e-05,8.77432550179856e-05,0.0003556716941763457,8.925174823870101e-05,8.551452087031898e-05,0.0003466367216985339,,,,2.3261387541864356e-06,2.2287341476666245e-06,9.034972477811783e-06,0.5715428457154285,8.925076395036986e-05,4.7928464693595634e-05,0.0,0.00018314738786038065,0.04855409113133027,1.0260739845746492,,,,,,0,grid_uncalibrated,True
prose,end,4,depth,22,precision,300,2,65515,,9.158208043959398e-05,0.0,0.0002598808220916461,6.546745020224376e-05,0.0,0.0001652931709830073,,,,2.6114630237350224e-05,-4.785579247934233e-05,0.00012771611844599915,0.22547745225477453,6.546745020224228e-05,2.636607807684523e-05,1.5263680073265663e-05,0.0001221094405861253,0.9904632065959651,1.398894873050322,,,,,,0,grid_uncalibrated,True
prose,end,4,depth,22,recall,300,2,65515,,1.0,1.0,1.0,0.9553,0.9525,0.9581,,,,0.04469999999999996,0.04190000000000005,0.04749999999999999,0.9128087191280871,0.9553,0.14647202943067625,0.5,1.0,0.30517772009949534,1.0467915837956663,,,,,0.0,0,grid_uncalibrated,True
prose,end,4,depth,22,f1,300,2,65515,,0.00018314738786038065,2.9825594918786038e-05,0.0005315992609127834,0.00013092592794906177,6.214650332989061e-05,0.00033314968932385763,,,,5.222145991131888e-05,-9.750643879706849e-05,0.00025802081418450267,0.22507749225077492,0.0001309246955149584,5.272470457070119e-05,3.0526428255261994e-05,0.00024418906338232377,0.9904786147335207,1.3988757975721677,,,,,,0,grid_uncalibrated,True
prose,end,4,category,clause_level,precision,300,2524,65515,,0.09829809967183088,0.09474348361877369,0.10192677717422491,0.0813216255819278,0.07861854569726791,0.08408603973675338,,,,0.016976474089903076,0.01509787540334112,0.01884478317513016,9.999000099990002e-05,0.08132162558192792,0.0009194446716796458,0.07952377318171411,0.08314126535907808,18.4638343260941,1.2087571905802588,,,,,,0,grid_uncalibrated,True
prose,end,4,category,clause_level,recall,300,2524,65515,,0.9964342313787639,0.9940071314901734,0.9984502130956994,0.9272791996830425,0.9235326630555272,0.9308599754350156,,,,0.06915503169572135,0.06487168045969542,0.0734941939896167,9.999000099990002e-05,0.9272791996830422,0.005182551371667562,0.9171949286846276,0.9374009508716323,13.343819816969809,1.0745784351890562,,,,,0.0,0,grid_uncalibrated,True
prose,end,4,category,clause_level,f1,300,2524,65515,,0.17894345241177886,0.17303415307232103,0.18492977526064427,0.1495296255914199,0.14492771418106717,0.15420723564668348,,,,0.02941382682035895,0.026293737852678384,0.03250388034093446,9.999000099990002e-05,0.14952843832538057,0.0015831639982474127,0.14643165029545493,0.15266527340004224,18.57989072449928,1.196718526695169,,,,,,0,grid_uncalibrated,True
prose,end,4,category,phrase_level,precision,300,13781,65515,,0.47779897733343507,0.4706716697812161,0.48473278866487446,0.46988475158360654,0.46407131745405295,0.47575848132397786,,,,0.00791422574982853,0.004160096313826336,0.011562112934469243,9.999000099990002e-05,0.46988475158360504,0.0016929273076985013,0.46661069983973136,0.4732809280317484,4.6748763008550265,1.0168429082304917,,,,,,0,grid_uncalibrated,True
prose,end,4,category,phrase_level,recall,300,13781,65515,,0.9782308976126551,0.9754323695789768,0.9808612523438117,0.9487060808359334,0.9456918804546932,0.951658901003571,,,,0.029524816776721696,0.026699310700538905,0.032339694296289544,9.999000099990002e-05,0.94870608083591,0.0016740002169268846,0.9453595530077643,0.9519628473985923,17.637283722069363,1.0311211421252098,,,,,0.0,0,grid_uncalibrated,True
prose,end,4,category,phrase_level,f1,300,13781,65515,,0.6420166653415684,0.6353623833653924,0.6483836435765069,0.6284863978137031,0.6230252360879897,0.633965372204922,,,,0.013530267527865347,0.009918299571074651,0.017040551570401026,9.999000099990002e-05,0.6284847950637971,0.0016818955529875152,0.6252269709452012,0.6318330222106586,8.04560678796908,1.021530942966405,,,,,,0,grid_uncalibrated,True
prose,end,4,category,structural_other,precision,300,18,65515,,0.0010074028848355337,0.00048289330486183605,0.0016144568317025033,0.000689109364267725,0.00038019849888713873,0.001026901971183009,,,,0.0003182935205678088,1.7799377003251656e-05,0.000670939321774127,0.0005999400059994001,0.0006891093642677198,8.923159457075076e-05,0.0005189651224910325,0.0008700297641761429,3.5670495646633604,1.4618911555585197,,,,,,0,grid_uncalibrated,True
prose,end,4,category,structural_other,recall,300,18,65515,,0.9444444444444444,0.8125,1.0,0.9557388888888888,0.9393597499999999,0.9681077941176471,,,,-0.011294444444444385,-0.1453837425595238,0.0571011904761905,0.8143185681431857,0.9557388888888847,0.04781146016596942,0.8333333333333334,1.0,-0.2362288121976095,0.9881824998692155,,,,,0.0,0,grid_uncalibrated,True
prose,end,4,category,structural_other,f1,300,18,65515,,0.002012658943102921,0.000965269989926748,0.003223709124132325,0.0013772257176307321,0.0007600925699071532,0.0020515965148234136,,,,0.0006354332254721888,3.5459944578156415e-05,0.001338594682182735,0.0005999400059994001,0.0013772113788634735,0.0001782222001454821,0.001037360223337554,0.0017385469407674007,3.565479293380589,1.461401622141579,,,,,,0,grid_uncalibrated,True
prose,start,5,all,all,precision,300,25185,65515,,0.7740364801953751,0.7670552577697731,0.7809819283096743,0.7482636144394412,0.7415409234271593,0.7549462172440565,,,,0.02577286575593385,0.021747257310640755,0.029794124426026563,9.999000099990002e-05,0.7482636144394413,0.0014660433476090156,0.7454018163779287,0.7511409600854766,17.579879747735262,1.034443564084352,,,,,,0,grid_uncalibrated,True
prose,start,5,all,all,recall,300,25185,65515,,0.9912646416517769,0.9897379540054543,0.9927210151442553,0.9772785070478459,0.9752693263503309,0.9791988604359836,,,,0.013986134603930944,0.012172934986224977,0.01587717668568114,9.999000099990002e-05,0.9772785070478459,0.0007966084468561031,0.9757395274965257,0.978836609092714,17.557100554392385,1.01431130890843,,,,,0.0,0,grid_uncalibrated,True
prose,start,5,all,all,f1,300,25185,65515,,0.869285114783613,0.8648007688759191,0.8737191063037918,0.8475735699425402,0.8429876029269083,0.8520985784326432,,,,0.02171154484107285,0.018768212228116483,0.024666806228430545,9.999000099990002e-05,0.8475727662139425,0.0010428563261417432,0.8454993894869848,0.8495729672647822,20.820076577566276,1.0256170908683844,,,,,,0,grid_uncalibrated,True
prose,start,5,depth,1,precision,300,1478,65515,,0.08453026024574525,0.08161700299528199,0.08749157528746036,0.06585041135617795,0.06380107598784632,0.0679199780550214,,,,0.018679848889567308,0.017022530990241834,0.020272179783868076,9.999000099990002e-05,0.06585041135617785,0.000830342771873949,0.06421430206822865,0.06751125696405404,22.49655145116759,1.2836709521604974,,,,,,0,grid_uncalibrated,True
prose,start,5,depth,1,recall,300,1478,65515,,1.0,1.0,1.0,0.9764832882273339,0.9742558559877862,0.9786385996994444,,,,0.02351671177266612,0.02136140030055558,0.025744144012213758,9.999000099990002e-05,0.9764832882273513,0.0038862477138670026,0.9688768606224628,0.9837618403247632,6.051264228148863,1.0240830663014617,,,,,0.0,0,grid_uncalibrated,True
prose,start,5,depth,1,f1,300,1478,65515,,0.15588363615892362,0.15091664197048005,0.1609052930167902,0.12338049942719202,0.11978283420339286,0.1270097738942104,,,,0.032503136731731594,0.029692200385861515,0.03515780437425872,9.999000099990002e-05,0.1233794364111202,0.0014667837205126542,0.12048374225268803,0.12630245777739704,22.160185781474926,1.2634490859521692,,,,,,0,grid_uncalibrated,True
prose,start,5,depth,2,precision,300,2411,65515,,0.1156681675952072,0.11160512327152608,0.11979507024555394,0.10196486148210336,0.09892970513209255,0.10501488299931286,,,,0.013703306113103844,0.011546640175429402,0.015923727862787285,9.999000099990002e-05,0.10196486148210354,0.0010079144818469056,0.09994657711974357,0.10389987025871937,13.595703167191013,1.1343924359227302,,,,,,0,grid_uncalibrated,True
prose,start,5,depth,2,recall,300,2411,65515,,0.9983409373703858,0.9966215859395517,0.9995983976048715,0.9774380340107837,0.9753110796538298,0.9794852767801173,,,,0.0209029033596021,0.018299338260218546,0.02353951192258693,9.999000099990002e-05,0.9774380340107822,0.0029999344209557513,0.9713811696391539,0.9829946080464538,6.967786766800079,1.0213854000276943,,,,,0.0,0,grid_uncalibrated,True
prose,start,5,depth,2,f1,300,2411,65515,,0.20731655844856064,0.20077534925959026,0.2139166428656525,0.18466567796214656,0.17966549071881335,0.18966500478032,,,,0.022650880486414088,0.019187500144356714,0.026203111445632615,9.999000099990002e-05,0.18466426590609478,0.0016694470216186749,0.18132366349897822,0.1878460876362452,13.568739977446238,1.122667438831858,,,,,,0,grid_uncalibrated,True
prose,start,5,depth,3,precision,300,3547,65515,,0.1619018545371289,0.15695878412605596,0.1668592475592653,0.15267834846981612,0.14835551735044628,0.1569008446530133,,,,0.009223506067312787,0.006641389194266203,0.011871693986806877,9.999000099990002e-05,0.15267834846981632,0.0012028929634414697,0.1503472487216668,0.15504846218423263,7.667769575211576,1.0604113560288873,,,,,,0,grid_uncalibrated,True
prose,start,5,depth,3,recall,300,3547,65515,,0.9943614321962222,0.9916785629572038,0.9966787292814296,0.9744234000563854,0.9722279056142088,0.9765534220715274,,,,0.019938032139836803,0.01696468243417118,0.022866338227069665,9.999000099990002e-05,0.9744234000563845,0.0025178002763443087,0.9695517338595997,0.9794192275162109,7.9188299116348055,1.0204613642680214,,,,,0.0,0,grid_uncalibrated,True
prose,start,5,depth,3,f1,300,3547,65515,,0.27846419029282904,0.2711142988293764,0.2857778395186698,0.26399276839999214,0.25747470174769466,0.2702878760750674,,,,0.0144714218928369,0.010584791356919114,0.018426548666146854,9.999000099990002e-05,0.26399100922428864,0.0018270771310526534,0.2604494196780238,0.26759854572590347,7.921494294114343,1.0548245226648756,,,,,,0,grid_uncalibrated,True
prose,start,5,depth,4,precision,300,3827,65515,,0.170525833778524,0.1651228238476552,0.17595100631854685,0.16743852858124092,0.1627503572140916,0.17207885341474688,,,,0.003087305197283091,0.0004844867273237201,0.005645483938436485,0.0057994200579942,0.16743852858123984,0.001264402691370153,0.16495459055178202,0.16988475921544685,2.441710396818799,1.01843843960792,,,,,,0,grid_uncalibrated,True
prose,start,5,depth,4,recall,300,3827,65515,,0.9903318526260778,0.9872772380291465,0.9932194867517782,0.9770058008884239,0.9749451734862936,0.9789645476422151,,,,0.013326051737653888,0.010212197437474292,0.016378127467255532,9.999000099990002e-05,0.9770058008884153,0.0023120280376378683,0.972302064280115,0.9814476090932845,5.763793310775498,1.0136396853790888,,,,,0.0,0,grid_uncalibrated,True
prose,start,5,depth,4,f1,300,3827,65515,,0.2909523998751942,0.28304563137621386,0.29881536884187576,0.2858826934673203,0.27902869050717893,0.2926297082529294,,,,0.0050697064078739085,0.0012514255228603256,0.008805837374288987,0.0022997700229977,0.28588079633659447,0.0018717946247446807,0.282187729188182,0.28948860810069366,2.709487179605263,1.0177402735811205,,,,,,0,grid_uncalibrated,True
prose,start,5,depth,5,precision,300,3346,65515,,0.1487445623139739,0.14388816596836992,0.1537596734178693,0.14794116003968558,0.14379490132458772,0.15217672654530498,,,,0.0008034022742883229,-0.0013790772908844789,0.0029579263450978323,0.24967503249675033,0.14794116003968535,0.0011827551636824616,0.14558498053880792,0.15024040296115393,0.6792633834606848,1.0054305527553862,,,,,,0,grid_uncalibrated,True
prose,start,5,depth,5,recall,300,3346,65515,,0.990436341900777,0.9868420045752582,0.9936786020121844,0.9777682904961144,0.9756929096147252,0.9797813737870614,,,,0.01266805140466265,0.009030796023536196,0.016081806678454942,9.999000099990002e-05,0.9777682904961075,0.002443507468240459,0.9728033472803347,0.9823670053795577,5.184371879080708,1.0129560873755088,,,,,0.0,0,grid_uncalibrated,True
prose,start,5,depth,5,f1,300,3346,65515,,0.2586455226396813,0.25127671137725904,0.2661929216692049,0.25699735411684754,0.2506870042997206,0.26335763878994933,,,,0.0016481685228337817,-0.0016901685780509417,0.0049246339534725,0.1810818918108189,0.2569956177145609,0.001809615228563491,0.2534043584286053,0.2605006811434147,0.9117435016448951,1.0064199729932863,,,,,,0,grid_uncalibrated,True
prose,start,5,depth,6,precision,300,2807,65515,,0.12508585820041213,0.12068017149859517,0.12958040601600848,0.1241268701824009,0.120348282997082,0.12787342341911995,,,,0.0009589880180112254,-0.001114351312715724,0.003055358395601935,0.19388061193880612,0.12412687018240036,0.0011028645913024986,0.12197206746546592,0.1263374799664199,0.8695428483012482,1.0077258696412998,,,,,,0,grid_uncalibrated,True
prose,start,5,depth,6,recall,300,2807,65515,,0.9921624510153189,0.9889283735831716,0.995137326964337,0.9780845386533664,0.976105889329435,0.9799830377554973,,,,0.014077912361952438,0.010540621289013492,0.01752362696393907,9.999000099990002e-05,0.9780845386533621,0.0026780352598992168,0.972568578553616,0.9832561453509084,5.256806201456274,1.0143933492511183,,,,,0.0,0,grid_uncalibrated,True
prose,start,5,depth,6,f1,300,2807,65515,,0.2221627737285961,0.21517383531623394,0.22924429950709943,0.22029634529927064,0.214325152347771,0.22618050115858135,,,,0.0018664284293254674,-0.0014374766839601594,0.005174969079275698,0.14288571142885712,0.22029473604841718,0.001756678229124517,0.2168633093319914,0.22379295825419834,1.0633920596317243,1.008479720004605,,,,,,0,grid_uncalibrated,True
prose,start,5,depth,7,precision,300,2256,65515,,0.09951919407769214,0.09548753999262391,0.10361244397214205,0.09952363275585738,0.096034386844283,0.10302741780398499,,,,-4.438678165241683e-06,-0.0019569372628293344,0.0019267993178898291,0.5043495650434956,0.099523632755857,0.0010086661484930946,0.0975807067083874,0.1014882088071434,-0.0044005424108841005,0.9999554007621912,,,,,,0,grid_uncalibrated,True
prose,start,5,depth,7,recall,300,2256,65515,,0.9898049645390071,0.9856357026309783,0.9936276741010469,0.97809414893617,0.9759816144603641,0.9801175495824136,,,,0.011710815602837155,0.007434276931403123,0.01563694156446523,9.999000099990002e-05,0.9780941489361674,0.0030229257210653724,0.9720744680851063,0.9840425531914894,3.8740004497075287,1.0119730964709042,,,,,0.0,0,grid_uncalibrated,True
prose,start,5,depth,7,f1,300,2256,65515,,0.18085450797329,0.1741738736146799,0.18760144335350964,0.18066421050798154,0.17488373189755627,0.18642155475161007,,,,0.00019029746530846436,-0.0030560125533006274,0.0033775319458643612,0.45265473452654736,0.18066278962805574,0.0016777911234741943,0.1774308468613877,0.18391874990722396,0.1142683034567944,1.0010611944254209,,,,,,0,grid_uncalibrated,True
prose,start,5,depth,8,precision,300,1684,65515,,0.0721514157063268,0.06811379890042718,0.07612630273750644,0.07407570632679546,0.0704381901217139,0.07756127959639794,,,,-0.0019242906204686577,-0.0036339568023345758,-0.00021815356723635488,0.9869013098690131,0.07407570632679536,0.0008793595552142462,0.07234984354727925,0.07576890788369076,-2.1882864740120196,0.9740226490452986,,,,,,0,grid_uncalibrated,True
prose,start,5,depth,8,recall,300,1684,65515,,0.9869358669833729,0.9815694915532859,0.9918935019862041,0.97836609263658,0.9761690228286025,0.9804874767642424,,,,0.008569774346792847,0.003250073369203227,0.013628443180299635,0.0057994200579942,0.9783660926365916,0.003468539439522542,0.9714964370546318,0.9851543942992874,2.4707155551216573,1.0087592716175258,,,,,0.0,0,grid_uncalibrated,True
prose,start,5,depth,8,f1,300,1684,65515,,0.13447205188482042,0.12744297058848106,0.14134754796951202,0.1377238331461666,0.1314066866627704,0.14372631123300605,,,,-0.003251781261346176,-0.006240036979624789,-0.0002783451855789486,0.9833016698330167,0.13772265636852316,0.0015295955037767487,0.1347175447192835,0.1406608151197327,-2.125139931227972,0.9763974601607693,,,,,,0,grid_uncalibrated,True
prose,start,5,depth,9,precision,300,1195,65515,,0.05224757689078837,0.04889658431830988,0.05562294933839311,0.05240193848736927,0.04914844420666018,0.05563443292583697,,,,-0.00015436159658090143,-0.0016484421753156769,0.001309760438649661,0.5856414358564144,0.052401938487370354,0.0007514372785898029,0.050934900404487525,0.05389605433870106,-0.20542179764047522,0.9970542769783376,,,,,,0,grid_uncalibrated,True
prose,start,5,depth,9,recall,300,1195,65515,,0.9857740585774059,0.9785957036978697,0.9922900152881782,0.9776462761506276,0.9752673235606912,0.9799287690024843,,,,0.008127782426778252,0.0008711788714104774,0.014718020375859049,0.026797320267973202,0.9776462761506415,0.004201726873819169,0.9690376569037656,0.9857740585774059,1.9343909470671061,1.0083136228562815,,,,,0.0,0,grid_uncalibrated,True
prose,start,5,depth,9,f1,300,1195,65515,,0.09923551525828608,0.09317843149665356,0.10530799518147885,0.09947215925859439,0.09359387581578452,0.10528084012690264,,,,-0.00023664400030830313,-0.002937537663984531,0.0024116388707641594,0.5701429857014298,0.09947124575066066,0.0013599847710120863,0.0967992117990964,0.10216776801366181,-0.17333318534085274,0.997630164470188,,,,,,0,grid_uncalibrated,True
prose,start,5,depth,10,precision,300,871,65515,,0.03797603602228497,0.03479533670434854,0.04123745028887171,0.03823535831488974,0.03520286103423093,0.0412972965739006,,,,-0.0002593222926047731,-0.0015173205166627232,0.0010077423661945053,0.659034096590341,0.038235358314889126,0.000638757732270809,0.036983896817522705,0.03950240402961154,-0.4059791052270389,0.9932177360424219,,,,,,0,grid_uncalibrated,True
prose,start,5,depth,10,recall,300,871,65515,,0.9862227324913893,0.9783987928081016,0.9931430528375733,0.9783078071182548,0.9756152300445906,0.980688435400769,,,,0.00791492537313443,1.3055543397795146e-05,0.015044208169784322,0.061493850614938506,0.978307807118261,0.00488365485714304,0.9678530424799081,0.9873708381171068,1.6206971222692996,1.0080904244201452,,,,,0.0,0,grid_uncalibrated,True
prose,start,5,depth,10,f1,300,871,65515,,0.07313586223002626,0.06722612964626995,0.07914795729572102,0.07359441452047343,0.06795717490871576,0.07925045037711534,,,,-0.0004585522904471673,-0.00279666103977686,0.0018840646176074079,0.6471352864713529,0.07359372586854669,0.001187068997051755,0.0712790608082948,0.07594851595791847,-0.3857093729661877,0.9937784962900469,,,,,,0,grid_uncalibrated,True
prose,start,5,depth,11,precision,300,650,65515,,0.028130962375028618,0.025261938267445137,0.03102445443488868,0.028578888804090666,0.025923583118843276,0.03118705969293157,,,,-0.0004479264290620476,-0.0016344632223435926,0.0007627494717750161,0.793020697930207,0.02857888880409144,0.0005508983172158663,0.02750515149202473,0.029642066702281922,-0.8130836763607392,0.9843266674175696,,,,,,0,grid_uncalibrated,True
prose,start,5,depth,11,recall,300,650,65515,,0.9846153846153847,0.9748822605965463,0.993485342019544,0.9784740000000004,0.9760128645385697,0.9807422644615726,,,,0.006141384615384271,-0.003361606196557377,0.014723590881687365,0.16978302169783022,0.9784739999999934,0.005629208107953875,0.9676923076923077,0.9892307692307692,1.0909855343087604,1.0062764923905911,,,,,0.0,0,grid_uncalibrated,True
prose,start,5,depth,11,f1,300,650,65515,,0.05469914242752023,0.04926142987903558,0.06015975290500824,0.05553571208539335,0.05051013917043964,0.060449261077628345,,,,-0.0008365696578731263,-0.0030843043633320996,0.0014502116113401808,0.7867213278672133,0.05553518226000758,0.0010425719305431108,0.053512908260368634,0.05754361139709162,-0.8019013441612919,0.9849457623354302,,,,,,0,grid_uncalibrated,True
prose,start,5,depth,12,precision,300,411,65515,,0.017858505685720828,0.015630942010738696,0.020142047942639473,0.01804725330077082,0.015901883071601636,0.020179454013030222,,,,-0.0001887476150499931,-0.0011312597904761064,0.0007584219996320406,0.670932906709329,0.018047253300770463,0.0004438882243512842,0.017186903762497138,0.018926963290849422,-0.42521428750555157,0.9895414769270414,,,,,,0,grid_uncalibrated,True
prose,start,5,depth,12,recall,300,411,65515,,0.9878345498783455,0.9766837489992296,0.9975186104218362,0.9790136253041369,0.9764669331300924,0.9813948741910762,,,,0.008820924574208577,-0.0022956419718484977,0.018306577063632513,0.1341865813418658,0.9790136253041446,0.006988815472933514,0.9635036496350365,0.9902676399026764,1.2621487301192666,1.0090100120633771,,,,,0.0,0,grid_uncalibrated,True
prose,start,5,depth,12,f1,300,411,65515,,0.035082769693899105,0.030775568102869372,0.03947999888637161,0.03544117969103662,0.03129630435523834,0.039545039114834715,,,,-0.0003584099971375154,-0.002174377773650666,0.001467923542138971,0.658934106589341,0.03544082684565065,0.0008571811390258587,0.033772812122037414,0.03713882206414928,-0.41771468765453346,0.9898970429411558,,,,,,0,grid_uncalibrated,True
prose,start,5,depth,13,precision,300,260,65515,,0.010974585972678013,0.009141334068277654,0.012979519883544779,0.011568741509577957,0.009784423257754627,0.013449043575153107,,,,-0.0005941555368999436,-0.0013291291691649033,0.00017575603540002298,0.9578042195780422,0.011568741509577915,0.0003533514014512869,0.010883003892238419,0.012271998778905594,-1.6814862894545854,0.948641298934029,,,,,,0,grid_uncalibrated,True
prose,start,5,depth,13,recall,300,260,65515,,0.9730769230769231,0.9510204081632653,0.9914893617021276,0.9793173076923083,0.9766837921152315,0.9817566880077496,,,,-0.0062403846153852305,-0.02814973078066164,0.01155870854158949,0.8306169383061693,0.9793173076924546,0.008665975619285938,0.9615384615384616,0.9961538461538462,-0.7201017969221745,0.9936278215788551,,,,,0.0,0,grid_uncalibrated,True
prose,start,5,depth,13,f1,300,260,65515,,0.021704384886621624,0.01810961317572719,0.025618461794405186,0.022867349475095562,0.01937510336318528,0.026534224501251973,,,,-0.0011629645884739387,-0.0026052822327557465,0.00034137849762494395,0.9563043695630437,0.022867121620836595,0.0006909373162940489,0.021526180656241862,0.024244166782083357,-1.68283968284054,0.9491524664321774,,,,,,0,grid_uncalibrated,True
prose,start,5,depth,14,precision,300,150,65515,,0.006273372510112188,0.00494839266051082,0.007715529288961827,0.006602800885293448,0.005363188636030105,0.007957825283172274,,,,-0.00032942837518125986,-0.0008383667454377384,0.00017740608906881058,0.8989101089891011,0.00660280088529357,0.00026951465562177496,0.006074944669159734,0.007143402274288331,-1.2223022693195855,0.9501077829084444,,,,,,0,grid_uncalibrated,True
prose,start,5,depth,14,recall,300,150,65515,,0.98,0.9545454545454546,1.0,0.9793693333333336,0.9762843617021277,0.982102387653737,,,,0.0006306666666663352,-0.024515658212560444,0.020271777389277094,0.6228377162283771,0.9793693333332176,0.011505648264839215,0.9533333333333334,1.0,0.054813657802285226,1.000643951822175,,,,,0.0,0,grid_uncalibrated,True
prose,start,5,depth,14,f1,300,150,65515,,0.012466939149463676,0.009847077522022182,0.01531077147402643,0.013117167264138328,0.010667883376560326,0.015787292179580633,,,,-0.0006502281146746527,-0.0016538819601278978,0.00035056878158829793,0.8933106689331067,0.013117033662316013,0.0005321223966409166,0.01207452760499081,0.014183418969673447,-1.2217010916212758,0.9504389079430362,,,,,,0,grid_uncalibrated,True
prose,start,5,depth,15,precision,300,119,65515,,0.005113332824543997,0.0038958623305791707,0.006425314647023373,0.005222446767915744,0.004039398936671553,0.006481864600808263,,,,-0.00010911394337174713,-0.0004695024987896215,0.0002771089864273659,0.684931506849315,0.00522244676791566,0.00023876649748653519,0.004762268182858887,0.005693352667328093,-0.4569901745860149,0.9791067390017244,,,,,,0,grid_uncalibrated,True
prose,start,5,depth,15,recall,300,119,65515,,0.9915966386554622,0.9712230215827338,1.0,0.9791705882352939,0.9756867476415094,0.9821921477272728,,,,0.01242605042016831,-0.00798829931972804,0.02321361806797869,0.28317168283171684,0.9791705882353463,0.013004281881831179,0.9495798319327731,1.0,0.9555353023742786,1.012690383646541,,,,,0.0,0,grid_uncalibrated,True
prose,start,5,depth,15,f1,300,119,65515,,0.010174200692736179,0.007761486976417605,0.012768035643276334,0.01038948081088545,0.008045583976491143,0.012878464917831954,,,,-0.0002152801181492716,-0.0009282078243768899,0.0005491634248356986,0.6659334066593341,0.010389373679516988,0.0004726641231083891,0.009478624991772027,0.011321148245275203,-0.4552344387083235,0.9792891281593779,,,,,,0,grid_uncalibrated,True
prose,start,5,depth,16,precision,300,76,65515,,0.0030679996947263984,0.002127582526506266,0.0041119156916951515,0.003280285430817371,0.0023773831607655817,0.0042604678866540405,,,,-0.00021228573609097245,-0.0005345927912052309,0.00011579288619537065,0.8764123587641236,0.0032802854308174433,0.00019037387388674216,0.002915362893993742,0.0036632832175837594,-1.1150991034480844,0.9352843706536405,,,,,,0,grid_uncalibrated,True
prose,start,5,depth,16,recall,300,76,65515,,0.9868421052631579,0.9545454545454546,1.0,0.9776855263157898,0.9704456442028986,0.9831986999999999,,,,0.0091565789473681,-0.024192651416829018,0.02730653125000008,0.48895110488951105,0.9776855263158905,0.016651799772203185,0.9342105263157895,1.0,0.5498852419876235,1.0093655666375374,,,,,0.0,0,grid_uncalibrated,True
prose,start,5,depth,16,f1,300,76,65515,,0.006116982264403363,0.004246127179282621,0.008189827172466612,0.006538632742326639,0.004743256214671905,0.008483956965443828,,,,-0.00042165047792327645,-0.0010627461863317428,0.00023022726086378658,0.8656134386561344,0.006538564834544311,0.0003783019382115031,0.005813319798808298,0.007299469876000255,-1.114407639923978,0.9355236843544538,,,,,,0,grid_uncalibrated,True
prose,start,5,depth,17,precision,300,44,65515,,0.001953751049378005,0.0011811931955015148,0.002845930935714098,0.001956797679920629,0.0012508391059986564,0.002760219919879488,,,,-3.0466305426242284e-06,-0.00025659510756182336,0.0003028188356062092,0.5335466453354665,0.001956797679920633,0.00014493856984030705,0.001679004808059223,0.0022437609707700525,-0.021020150440182357,0.9984430528644374,,,,,,0,grid_uncalibrated,True
prose,start,5,depth,17,recall,300,44,65515,,1.0,1.0,1.0,0.9810136363636363,0.9785218590909092,0.9834843382352941,,,,0.018986363636363746,0.016515661764705907,0.021478140909090792,0.4226577342265773,0.9810136363636004,0.020287022561914596,0.9318181818181818,1.0,0.9358871455115965,1.0193538223452,,,,,0.0,0,grid_uncalibrated,True
prose,start,5,depth,17,f1,300,44,65515,,0.0038998826988406988,0.0023595992484263103,0.005675709195044581,0.0039058045717818624,0.002498489728806269,0.005504937797319168,,,,-5.921872941163676e-06,-0.0005111826543612914,0.0006029589415971233,0.5067493250674933,0.003905764848323001,0.00028876423846690774,0.0033521133914027725,0.004477475556638542,-0.020370075995322805,0.9984939826869433,,,,,,0,grid_uncalibrated,True
prose,start,5,depth,18,precision,300,24,65515,,0.0009768755246890024,0.00048406523478763264,0.0015499627336965534,0.0010585163702968787,0.000569848938438692,0.001613631415690743,,,,-8.164084560787627e-05,-0.0002684013674448331,0.00010404069424497058,0.795920407959204,0.0010585163702968824,0.00010773378540216056,0.0008547660841028772,0.0012821491261543157,-0.757801698911089,0.9228723826113505,,,,,,0,grid_uncalibrated,True
prose,start,5,depth,18,recall,300,24,65515,,0.9166666666666666,0.7777777777777778,1.0,0.9815291666666667,0.978,0.9851250201612903,,,,-0.06486250000000005,-0.20515861111111117,0.019700312500000042,0.9916008399160084,0.9815291666666646,0.027170616812868847,0.9166666666666666,1.0,-2.3872295740182476,0.9339168898869555,,,,,0.0,0,grid_uncalibrated,True
prose,start,5,depth,18,f1,300,24,65515,,0.0019516711877610256,0.0009675790638132908,0.0030948497086087314,0.002114752115819949,0.0011390373465191323,0.003221976709967833,,,,-0.00016308092805892324,-0.0005361295484506988,0.00020741136747952254,0.7954204579542046,0.0021147303511272375,0.0002150186053845543,0.0017080087442621582,0.00256087207502878,-0.7583490883246385,0.9228936382932723,,,,,,0,grid_uncalibrated,True
prose,start,5,depth,19,precision,300,14,65515,,0.0004731740822712356,0.00018758382680843713,0.0008162432897489219,0.0006377348698771273,0.00027246608251829305,0.0010683679909520652,,,,-0.0001645607876058917,-0.00036646668687662315,-8.156831688159524e-06,0.9829017098290171,0.0006377348698771156,8.423805344480941e-05,0.0004731740822712356,0.0008089750438830802,-1.9535207768505234,0.7419604989804164,,,,,,0,grid_uncalibrated,True
prose,start,5,depth,19,recall,300,14,65515,,0.8571428571428571,0.6666666666666666,1.0,0.9832142857142857,0.9780712053571429,0.9876413009049775,,,,-0.1260714285714286,-0.31713388888888894,0.01890068181818183,0.9986001399860014,0.9832142857142788,0.034404422459852,0.9285714285714286,1.0,-3.6643960153244803,0.8717762440973544,,,,,0.0,0,grid_uncalibrated,True
prose,start,5,depth,19,f1,300,14,65515,,0.0009458260341158434,0.0003750689781895404,0.0016310835676610592,0.0012746429776889273,0.0005447815944188858,0.002134423514741871,,,,-0.00032881694357308393,-0.0007320638198240187,-1.629346789172509e-05,0.9827017298270173,0.001274629495055115,0.00016826301490736282,0.0009459005888993989,0.0016166422645192777,-1.9541041810067072,0.7420399714467191,,,,,,0,grid_uncalibrated,True
prose,start,5,depth,20,precision,300,7,65515,,0.00027474624131878193,6.183770859672185e-05,0.0005436136730927616,0.00032250476990002285,9.470412882025082e-05,0.0006035081936677832,,,,-4.775852858124091e-05,-0.00014295477556297643,4.180515722689459e-05,0.8241175882411759,0.0003225047699000162,5.9775226333136995e-05,0.0002136915210257193,0.00044264672212470426,-0.7989685946995541,0.8519137295363399,,,,,,0,grid_uncalibrated,True
prose,start,5,depth,20,recall,300,7,65515,,1.0,1.0,1.0,0.9859714285714285,0.9812857142857144,0.9903,,,,0.014028571428571501,0.009700000000000042,0.018714285714285572,0.9061093890610938,0.9859714285714395,0.04457657860577756,0.8571428571428571,1.0,0.3147072266946542,1.0142281723608222,,,,,0.0,0,grid_uncalibrated,True
prose,start,5,depth,20,f1,300,7,65515,,0.0005493415531106465,0.00012897672279279317,0.0010868827018727279,0.0006447986304086519,0.00019292044565184864,0.0012063669895784172,,,,-9.545707729800531e-05,-0.0002858887265268657,8.357335048513131e-05,0.8133186681331867,0.0006447918157242972,0.0001194729859538065,0.000427291733431,0.0008849017453924082,-0.7989275722175043,0.8519673167587728,,,,,,0,grid_uncalibrated,True
prose,start,5,depth,21,precision,300,4,65515,,0.00013737312065939097,0.0,0.0003158633342994758,0.0001738517896664886,0.0,0.0004040251833887437,,,,-3.647866900709763e-05,-0.0001125838938128093,9.33240661432091e-06,0.8424157584241576,0.0001738517896664876,4.3727975898138e-05,9.158208043959398e-05,0.00025948256124551627,-0.8342181008348466,0.7901737504280152,,,,,,0,grid_uncalibrated,True
prose,start,5,depth,21,recall,300,4,65515,,1.0,1.0,1.0,0.98485,0.9794,0.988,,,,0.015149999999999997,0.01200000000000001,0.02059999999999995,0.9405059494050595,0.98485,0.06079347896533196,0.75,1.0,0.24920435970837307,1.015383053256841,,,,,0.0,0,grid_uncalibrated,True
prose,start,5,depth,21,f1,300,4,65515,,0.00027470850375434957,8.977866221523356e-05,0.0006342001660862803,0.00034764221138799733,8.241914130744526e-05,0.0008113888265147271,,,,-7.293370763364777e-05,-0.0002261189441256665,1.872822609943277e-05,0.8332166783321668,0.00034763854971937413,8.742490632680584e-05,0.00018314738786038065,0.0005188304950253311,-0.8342021630815643,0.7902130070905652,,,,,,0,grid_uncalibrated,True
prose,start,5,depth,22,precision,300,3,65515,,0.0001679004808059223,0.0,0.00042226313928028563,0.0001349217736396245,0.0,0.00031070981819988544,,,,3.297870716629779e-05,-5.93860467324684e-05,0.0001593497907117805,0.2465753424657534,0.00013492177363962597,3.915086495105902e-05,6.105472029306265e-05,0.0002136915210257193,0.8423493888965603,1.2444283548657014,,,,,,0,grid_uncalibrated,True
prose,start,5,depth,22,recall,300,3,65515,,1.0,1.0,1.0,0.9832000000000001,0.9791,0.9867,,,,0.016799999999999926,0.013299999999999979,0.02090000000000003,0.9502049795020497,0.9832000000000002,0.07383521177041581,0.6666666666666666,1.0,0.22753371456748792,1.0170870626525628,,,,,0.0,0,grid_uncalibrated,True
prose,start,5,depth,22,f1,300,3,65515,,0.00033574458993376673,3.0675611446716325e-05,0.000853401315305783,0.00026980652248820584,7.812528609326327e-05,0.0006242912709286064,,,,6.593806744556089e-05,-0.00012308508354246263,0.0003204982821401847,0.2460753924607539,0.00026980360171631067,7.827993442775837e-05,0.00012210198568354217,0.000427291733431,0.8423740860221407,1.244403661767239,,,,,,0,grid_uncalibrated,True
prose,start,5,depth,23,precision,300,1,65515,,6.105472029306265e-05,0.0,0.00018892914797945018,4.1382889414637864e-05,0.0,0.0001280561765004713,,,,1.9671830878424787e-05,0.0,6.0872971478978855e-05,0.252974702529747,4.138288941463315e-05,2.062900460977429e-05,1.5263680073265663e-05,9.158208043959398e-05,0.9536005857068225,1.47536146355874,,,,,,0,grid_uncalibrated,True
prose,start,5,depth,23,recall,300,1,65515,,1.0,1.0,1.0,0.9814,0.9814,0.9814000000000002,,,,0.01859999999999995,0.01859999999999984,0.01859999999999995,0.9814018598140186,0.9814,0.13511426862682224,1.0,1.0,0.13766125657218387,1.0189525168127165,,,,,0.0,0,grid_uncalibrated,True
prose,start,5,depth,23,f1,300,1,65515,,0.00012210198568354217,0.00011703054022099799,0.0004765223411422998,8.276228897534016e-05,7.932473609276636e-05,0.00032301065098604896,,,,3.9339696708202005e-05,3.770580412823164e-05,0.0001535116901562508,0.252974702529747,8.27615029731753e-05,4.1254102619117666e-05,3.0526894193784724e-05,0.00018314738786038065,0.9536138277829365,1.4753476108706958,,,,,,0,grid_uncalibrated,True
prose,start,5,category,clause_level,precision,300,4386,65515,,0.194138746851866,0.18665926684285758,0.20151216586337156,0.17455573227505147,0.1675559053952004,0.18135285161064257,,,,0.019583014576814523,0.017011440189452637,0.02203910720034841,9.999000099990002e-05,0.17455573227505128,0.0012432001430031708,0.17215904754636344,0.1770281614897352,15.752101290391156,1.1121877484146858,,,,,,0,grid_uncalibrated,True
prose,start,5,category,clause_level,recall,300,4386,65515,,0.9972640218878249,0.9956551317983241,0.9986547085201793,0.9782194710442316,0.9762016391600026,0.980094536992049,,,,0.019044550843593355,0.0168287164781711,0.02134604260411116,9.999000099990002e-05,0.9782194710442363,0.0021714765384922797,0.9740082079343365,0.9824441404468764,8.770323098591604,1.0194685869657234,,,,,0.0,0,grid_uncalibrated,True
prose,start,5,category,clause_level,f1,300,4386,65515,,0.32500778505754074,0.31448817247512645,0.3352600743000781,0.2962482461492466,0.2860533764464207,0.3059847873367483,,,,0.028759538908294136,0.025163962128135764,0.03222208649183418,9.999000099990002e-05,0.29624646220683337,0.0018205567976822335,0.29271761131580726,0.29985943231893547,15.798091489001418,1.097085793485786,,,,,,0,grid_uncalibrated,True
prose,start,5,category,phrase_level,precision,300,20785,65515,,0.6587956956422193,0.6520121778470818,0.665432697224602,0.6464639853468667,0.6405755176433737,0.6522705334278345,,,,0.012331710295352627,0.008158906380622702,0.01648413487160247,9.999000099990002e-05,0.646463985346868,0.0016009478157476928,0.6433030603678547,0.6495916965580402,7.702755938732456,1.0190756338711344,,,,,,0,grid_uncalibrated,True
prose,start,5,category,phrase_level,recall,300,20785,65515,,0.9899927832571566,0.9882301765884199,0.9916893737945714,0.977074837623286,0.9750398681325749,0.9790315678050749,,,,0.012917945633870609,0.010955986533084303,0.014925710091313237,9.999000099990002e-05,0.9770748376232865,0.0009126833542717947,0.9753187394755833,0.9788789992783257,14.15380873706953,1.013221040125537,,,,,0.0,0,grid_uncalibrated,True
prose,start,5,category,phrase_level,f1,300,20785,65515,,0.7911299632103733,0.7860838970489555,0.796021057503072,0.7781072858566367,0.7737023900244924,0.7824883547601024,,,,0.013022677353736634,0.009692286292528565,0.01636222948233293,9.999000099990002e-05,0.7781061797830916,0.0012587141678330963,0.7756132523693348,0.7805378532962931,10.346895077619127,1.0167377971871554,,,,,,0,grid_uncalibrated,True
prose,start,5,category,structural_other,precision,300,14,65515,,0.0009005571243226742,0.0004214417535744245,0.00146405891831267,0.0006601175303365643,0.0003116578363075975,0.0010727368863350495,,,,0.00024043959398610992,5.309301561154228e-05,0.00047853116736877523,0.0031996800319968005,0.000660117530336551,8.415498751544016e-05,0.0005037014424177669,0.0008395024040296115,2.8571045054460855,1.3642375530665556,,,,,,0,grid_uncalibrated,True
prose,start,5,category,structural_other,recall,300,14,65515,,1.0,1.0,1.0,0.9848642857142857,0.9742949166666667,0.9916,,,,0.015135714285714252,0.008399999999999963,0.02570508333333331,0.8081191880811919,0.9848642857142793,0.03264053382848064,0.9285714285714286,1.0,0.4637091527134878,1.0153683248598495,,,,,0.0,0,grid_uncalibrated,True
prose,start,5,category,structural_other,f1,300,14,65515,,0.0017994937017720438,0.0008425284304885394,0.002923837166707156,0.0013193507494324874,0.0006231157287579682,0.0021431542777671586,,,,0.0004801429523395564,0.00010609590926009488,0.0009554805703613154,0.0031996800319968005,0.0013193371994760603,0.00016808929925210385,0.0010068567177175098,0.0016775964617965532,2.8565560355857915,1.3639376669487262,,,,,,0,grid_uncalibrated,True
prose,end,5,all,all,precision,300,16323,65515,,0.6040601388994886,0.5974789664626827,0.6107581204565494,0.5887534320384645,0.5830746886504006,0.5944518296609782,,,,0.015306706861024089,0.011868951190408206,0.018719559001097508,9.999000099990002e-05,0.5887534320384645,0.0016616053032398924,0.5855452949706175,0.592017095321682,9.2119992823676,1.0259985012877582,,,,,,0,grid_uncalibrated,True
prose,end,5,all,all,recall,300,16323,65515,,0.9895239845616615,0.9876878347285578,0.9912718827816842,0.9735844758929119,0.9715291129151119,0.9755705342196331,,,,0.015939508668749602,0.013945422923695846,0.017937924190924225,9.999000099990002e-05,0.9735844758929117,0.0012099496011590976,0.9712062733566134,0.975984806714452,13.173696370063771,1.016371983185261,,,,,0.0,0,grid_uncalibrated,True
prose,end,5,all,all,f1,300,16323,65515,,0.7501731308171693,0.7449696872507403,0.7554323428330999,0.7337736588882648,0.7291283181072061,0.7384425363253305,,,,0.016399471928904452,0.013613007607707745,0.019235304201028796,9.999000099990002e-05,0.7337722966554077,0.001409289315711844,0.7310595029839452,0.7365397886865711,11.637663025549466,1.0223513946172647,,,,,,0,grid_uncalibrated,True
prose,end,5,depth,1,precision,300,1778,65515,,0.08672823017629551,0.0839245275770402,0.08950266552670078,0.07324199038388156,0.07121401964008985,0.07530153188103052,,,,0.013486239792413951,0.011744911501027782,0.015128702683166408,9.999000099990002e-05,0.07324199038388132,0.0008787038808813232,0.07149507746317638,0.07499046019995421,15.347877807126272,1.1841326228537634,,,,,,0,grid_uncalibrated,True
prose,end,5,depth,1,recall,300,1778,65515,,0.9955005624296963,0.9922523519645822,0.998304126625212,0.949782283464567,0.9468513979462845,0.9525887968475105,,,,0.045718278965129366,0.04143728826523696,0.04988630911084529,9.999000099990002e-05,0.9497822834645256,0.004924461109008685,0.9403824521934758,0.9595050618672666,9.283915123531955,1.048135535649711,,,,,0.0,0,grid_uncalibrated,True
prose,end,5,depth,1,f1,300,1778,65515,,0.1595559137012676,0.1547887536467237,0.16423520422990415,0.13599666528068743,0.13248083612390055,0.1395476840239349,,,,0.02355924842058016,0.02058633669691972,0.02634568842267466,9.999000099990002e-05,0.13599550321372442,0.0015326313924511547,0.13295077604726563,0.13904340990478642,15.372522449682272,1.1732440406541729,,,,,,0,grid_uncalibrated,True
prose,end,5,depth,2,precision,300,4099,65515,,0.1859116232923758,0.1802437565177865,0.19149801846908449,0.1705864076928948,0.1659684604061442,0.17524235039724764,,,,0.015325215599480996,0.012452995588885591,0.018172385525101524,9.999000099990002e-05,0.17058640769289377,0.001262846843240988,0.1681294360070213,0.17309013203083262,12.135450693412015,1.0898384332418323,,,,,,0,grid_uncalibrated,True
prose,end,5,depth,2,recall,300,4099,65515,,0.9980483044645035,0.9966329966329966,0.9992681230974493,0.9727916808977796,0.9707237260339379,0.9748462444252777,,,,0.02525662356672398,0.022901328982648687,0.027709815573122486,9.999000099990002e-05,0.9727916808977745,0.0024642291212296687,0.9677970236643084,0.9775555013417907,10.249300014004316,1.0259630340829191,,,,,0.0,0,grid_uncalibrated,True
prose,end,5,depth,2,f1,300,4099,65515,,0.3134376021640164,0.30533572231713973,0.32133653332088274,0.2902715032477639,0.28354133955942545,0.2969975614878384,,,,0.023166098916252487,0.019053705691366527,0.027220572288917808,9.999000099990002e-05,0.29026966949559363,0.0018646764518083193,0.286638983113681,0.29391773495377016,12.424639484214566,1.0798152032511081,,,,,,0,grid_uncalibrated,True
prose,end,5,depth,3,precision,300,1977,65515,,0.09118522475768907,0.08677518803799525,0.09553462078196542,0.08723086926658015,0.0833421329749975,0.09106152283202627,,,,0.003954355491108924,0.0018800990821405648,0.006004144452254456,0.00019998000199980003,0.08723086926658058,0.0009549878283727267,0.08536976264977486,0.08909410058765169,4.1407391525048105,1.04533206563635,,,,,,0,grid_uncalibrated,True
prose,end,5,depth,3,recall,300,1977,65515,,0.9944360141628731,0.9905954883842116,0.9975406106518744,0.9771284269094587,0.974889558586224,0.9792537665498746,,,,0.017307587253414414,0.01357658095404797,0.020790218457139763,9.999000099990002e-05,0.9771284269094614,0.0032742320222345694,0.9706626201315124,0.9833080424886191,5.285999017748201,1.0177127046729706,,,,,0.0,0,grid_uncalibrated,True
prose,end,5,depth,3,f1,300,1977,65515,,0.1670525008312171,0.15963749840812852,0.17432955447774434,0.16016351314941793,0.1535906248913045,0.16659592457772268,,,,0.006888987681799158,0.003382460515459202,0.010340481880249245,0.00019998000199980003,0.1601621828596724,0.00162265949275062,0.15699021796049906,0.16331695076025773,4.246311689129982,1.0430208795142466,,,,,,0,grid_uncalibrated,True
prose,end,5,depth,4,precision,300,1660,65515,,0.07437991299702358,0.07035845406457067,0.07852322205662704,0.07400783484698165,0.07042778483307795,0.0776121032219007,,,,0.0003720781500419351,-0.0014861516613453615,0.0022579598469907253,0.34266573342665735,0.0740078348469816,0.0008929049072351179,0.07225826146683965,0.07576890788369076,0.41670523594065306,1.0050275508101445,,,,,,0,grid_uncalibrated,True
prose,end,5,depth,4,recall,300,1660,65515,,0.9843373493975903,0.9784731420420409,0.9898865392228224,0.9779796385542171,0.9757203297250898,0.9801144016136809,,,,0.006357710843373221,0.00045572499205222896,0.012069205493731514,0.038196180381961806,0.9779796385542159,0.003546119565170627,0.9704819277108434,0.9849397590361446,1.7928642073490073,1.0065008621782487,,,,,0.0,0,grid_uncalibrated,True
prose,end,5,depth,4,f1,300,1660,65515,,0.1383087421136698,0.1313137262773124,0.14546917504625256,0.13760269471617234,0.13138936491926265,0.14381547881187473,,,,0.0007060473974974668,-0.002525995956456133,0.003970639597537866,0.32536746325367466,0.13760148820581988,0.0015536317973699235,0.13454995583107426,0.14064514209879364,0.45522620549296483,1.0051398710658712,,,,,,0,grid_uncalibrated,True
prose,end,5,depth,5,precision,300,1511,65515,,0.0675265206441273,0.06318570536932033,0.07198236176557563,0.06791513393879266,0.0640304433983419,0.07179164821507024,,,,-0.00038861329466535754,-0.0021031593538593045,0.0013402144287685959,0.6813318668133187,0.06791513393879306,0.0008385222079782446,0.06630504464626422,0.06955659009387163,-0.463450211536726,0.9942779573251525,,,,,,0,grid_uncalibrated,True
prose,end,5,depth,5,recall,300,1511,65515,,0.9874255459960292,0.981279960981048,0.9929802169751116,0.9787792190602246,0.9764420302909917,0.9809965751771984,,,,0.008646326935804582,0.0024905420149704594,0.014413751019878275,0.008899110088991101,0.9787792190602189,0.00366335614822401,0.971542025148908,0.985440105890139,2.36022013311536,1.008833786790153,,,,,0.0,0,grid_uncalibrated,True
prose,end,5,depth,5,f1,300,1511,65515,,0.12640841915897807,0.11877228577231919,0.13418674227268734,0.12701687282160093,0.12018535444558402,0.13377507236452693,,,,-0.0006084536626228543,-0.0036243785509409016,0.0024299010422422,0.658034196580342,0.12701578779482753,0.0014753132784730606,0.12416561014906569,0.1298834852299802,-0.41168790704444547,0.9952181642424597,,,,,,0,grid_uncalibrated,True
prose,end,5,depth,6,precision,300,1521,65515,,0.06935816225291917,0.06535288653904708,0.0734735372686035,0.06792036632832184,0.06467594812962237,0.07125520468246826,,,,0.0014377959245973349,-0.00045224311176235633,0.003390557278661085,0.0466953304669533,0.06792036632832242,0.0008455301450522372,0.06629016255819278,0.06960276272609325,1.7004667817111647,1.0211688482015326,,,,,,0,grid_uncalibrated,True
prose,end,5,depth,6,recall,300,1521,65515,,0.9842209072978304,0.9778222077900948,0.9898671220299858,0.9777259040105188,0.9756108647776689,0.9797886799260078,,,,0.006495003287311563,9.383307926859828e-05,0.012261319450499691,0.042495750424957505,0.9777259040105332,0.0036952296281479624,0.9704142011834319,0.9848783694937541,1.7576724428225903,1.0066429694259458,,,,,0.0,0,grid_uncalibrated,True
prose,end,5,depth,6,f1,300,1521,65515,,0.12958449034145333,0.12256117813054639,0.13672740645489323,0.12701714423476074,0.12132721280035358,0.1328347591724071,,,,0.0025673461066925973,-0.0007492796249330703,0.005969046166557548,0.042995700429957005,0.12701604896552407,0.0014877838392524365,0.12413470524003134,0.1299795349377469,1.7263538614721232,1.0202213924684935,,,,,,0,grid_uncalibrated,True
prose,end,5,depth,7,precision,300,1177,65515,,0.05342288025642983,0.049782465607406144,0.057333434148062655,0.05265739754254749,0.049378649621492805,0.05607551253863599,,,,0.00076548271388234,-0.000769245397152967,0.0023240789142207684,0.1553844615538446,0.05265739754254846,0.0007444670597010911,0.05122491032587957,0.05414027321987331,1.028229125663015,1.0145370403704976,,,,,,0,grid_uncalibrated,True
prose,end,5,depth,7,recall,300,1177,65515,,0.9762107051826678,0.9652245823653058,0.9856418918918919,0.9778258283772301,0.9754181967269021,0.9801419519642275,,,,-0.0016151231945622513,-0.012013335645245399,0.007388493494168259,0.6942305769423057,0.9778258283772231,0.004173172177828669,0.9694137638062872,0.9855564995751912,-0.3870252953223744,0.9983482506314691,,,,,0.0,0,grid_uncalibrated,True
prose,end,5,depth,7,f1,300,1177,65515,,0.10130203277271271,0.09471400180615197,0.10832484265519728,0.09993323923593699,0.09401210580623058,0.10607427453828495,,,,0.0013687935367757281,-0.0014073721196785948,0.00418216471555356,0.1551844815518448,0.09993235414036258,0.0013471598187157713,0.0973335130143646,0.10260098885395466,1.0167157699639715,1.013706057904193,,,,,,0,grid_uncalibrated,True
prose,end,5,depth,8,precision,300,796,65515,,0.03524383728917042,0.03236200474933085,0.03823771647509783,0.03546184537892085,0.032871098923035295,0.03811658376283314,,,,-0.00021800808975043495,-0.001526519963974986,0.0010798743504387223,0.6388361163883611,0.03546184537892053,0.0006199265403320504,0.034266580172479584,0.03664809585591086,-0.35166761796219337,0.9938523196573491,,,,,,0,grid_uncalibrated,True
prose,end,5,depth,8,recall,300,796,65515,,0.9773869346733668,0.9670728895530062,0.9869516348299749,0.9782604271356781,0.9759416216420809,0.9804889738562093,,,,-0.0008734924623112761,-0.010961044367996966,0.008490108160109167,0.6271372862713729,0.9782604271356804,0.005083532323899139,0.9685929648241206,0.9874371859296482,-0.17182785643106266,0.9991070961902536,,,,,0.0,0,grid_uncalibrated,True
prose,end,5,depth,8,f1,300,796,65515,,0.06803440513155481,0.06264073200683015,0.07358682167645555,0.06844265130201702,0.0636030600627976,0.07337460591818874,,,,-0.0004082461704622009,-0.0028583418821469496,0.0020112817635655443,0.6352364763523648,0.06844199957667305,0.0011581664913910934,0.06618916062733604,0.07066364918907551,-0.35193078728142324,0.994044673626731,,,,,,0,grid_uncalibrated,True
prose,end,5,depth,9,precision,300,567,65515,,0.025780355643745707,0.022960103146695467,0.028667432330836958,0.02513054872929863,0.022692071198632674,0.02761272266535896,,,,0.0006498069144470764,-0.00048711903470564363,0.0018258855537589907,0.10618938106189381,0.02513054872929912,0.000516005108762004,0.024131878195833015,0.026146683965504083,1.259303257685955,1.0258572513257138,,,,,,0,grid_uncalibrated,True
prose,end,5,depth,9,recall,300,567,65515,,0.9894179894179894,0.98014440433213,0.9966499162479062,0.9780398589065257,0.9755314605792436,0.9804306283446604,,,,0.011378130511463747,0.0025287702204927717,0.018773525134297808,0.032096790320967905,0.9780398589065104,0.006019770861637352,0.9664902998236331,0.9894179894179894,1.8901268458554357,1.0116336061438236,,,,,0.0,0,grid_uncalibrated,True
prose,end,5,depth,9,f1,300,567,65515,,0.050251357819076144,0.04487680624505678,0.05571962798607084,0.04900200035081073,0.044353728612627506,0.05370872752403308,,,,0.001249357468265412,-0.000911490855455895,0.0034850519215608214,0.10038996100389962,0.049001534799010135,0.0009830627304142595,0.047098357811172206,0.05093284877441653,1.271356324880038,1.0255057933428497,,,,,,0,grid_uncalibrated,True
prose,end,5,depth,10,precision,300,454,65515,,0.020132794016637413,0.01762325107252943,0.022692124990276914,0.020169316950316724,0.017995152822493154,0.022342722040716145,,,,-3.652293367931159e-05,-0.0011466300516251918,0.001112881852309742,0.5316468353164684,0.020169316950316353,0.00047019533013809933,0.019278027932534535,0.021109669541326415,-0.07767608765534388,0.9981891834131563,,,,,,0,grid_uncalibrated,True
prose,end,5,depth,10,recall,300,454,65515,,0.9823788546255506,0.9696954361428046,0.9931822047000618,0.9782744493392073,0.9756067520134629,0.9807042402540657,,,,0.004104405286343371,-0.008655728410453898,0.014855864066193837,0.34406559344065596,0.9782744493392324,0.006773865941872998,0.9647577092511013,0.9911894273127754,0.6059177021716196,1.0041955560518734,,,,,0.0,0,grid_uncalibrated,True
prose,end,5,depth,10,f1,300,454,65515,,0.039456960232360325,0.03462129279537795,0.044359439818228895,0.03952376307870602,0.035339515807042705,0.043686340819818315,,,,-6.680284634569267e-05,-0.002207229690938024,0.0021409772290441292,0.5236476352364764,0.03952337801161188,0.0009044672221438299,0.03780898975103322,0.04132733404374626,-0.07343304171281115,0.9983195318165354,,,,,,0,grid_uncalibrated,True
prose,end,5,depth,11,precision,300,307,65515,,0.01366099366557277,0.011697658721600338,0.015788692057181395,0.01350016332137679,0.01185311532598573,0.015275150174205792,,,,0.0001608303441959797,-0.0006840331446071156,0.0010514633711018208,0.3407659234076592,0.013500163321377136,0.0003809575854583797,0.012760436541250095,0.01425627718843013,0.42217388584642185,1.0119132147046668,,,,,,0,grid_uncalibrated,True
prose,end,5,depth,11,recall,300,307,65515,,0.9869706840390879,0.9731524264326278,0.9969790794598333,0.9781351791530941,0.9752105829082759,0.9809100411649055,,,,0.008835504885993828,-0.004406581977892831,0.019330290526780924,0.2004799520047995,0.9781351791531568,0.008386029108170623,0.9609120521172638,0.993485342019544,1.0535981657066449,1.0090330100319882,,,,,0.0,0,grid_uncalibrated,True
prose,end,5,depth,11,f1,300,307,65515,,0.026948977457304825,0.023122681857949096,0.031077821688440376,0.026632743113007545,0.023422007972807617,0.030080049881569572,,,,0.00031623434429728023,-0.001328207737914019,0.002043456847683552,0.32866713328667135,0.02663248054129033,0.0007421777967426392,0.02518860528225821,0.028103910714547233,0.4264435252625136,1.0118838692296728,,,,,,0,grid_uncalibrated,True
prose,end,5,depth,12,precision,300,189,65515,,0.008532397160955506,0.00692188955380721,0.010261595426558884,0.008477467755475844,0.007076314271498491,0.009952684350856248,,,,5.4929405479662435e-05,-0.0006668206885501483,0.0008531025883840705,0.43785621437856215,0.008477467755475861,0.0003073880880816937,0.007876058917805082,0.00908188964359307,0.17869724823249056,1.0064794590866082,,,,,,0,grid_uncalibrated,True
prose,end,5,depth,12,recall,300,189,65515,,0.9788359788359788,0.9569879611051089,0.9951690821256038,0.9782259259259257,0.9746825635785008,0.9814078553921571,,,,0.000610052910053116,-0.02072067093356896,0.017598452294976728,0.6045395460453955,0.9782259259260158,0.010527640496177427,0.9576719576719577,0.9947089947089947,0.05794773389009497,1.0006236319175303,,,,,0.0,0,grid_uncalibrated,True
prose,end,5,depth,12,f1,300,189,65515,,0.016917327979901073,0.013746373290732083,0.020309171739571977,0.016809263650481045,0.014051188118267137,0.019705340547941038,,,,0.00010806432942002744,-0.0013102922415930724,0.001679472228546549,0.4296570342965703,0.016809090439606475,0.0006046935827168574,0.01562705309006999,0.01799857001429986,0.17899568209123723,1.0064392264818542,,,,,,0,grid_uncalibrated,True
prose,end,5,depth,13,precision,300,108,65515,,0.00482332290315195,0.003574518402145425,0.006231877270018298,0.004855057620392277,0.003733446384364374,0.0061030934932420145,,,,-3.17347172403273e-05,-0.0005589321300585022,0.0005433116078101548,0.5642435756424358,0.004855057620392185,0.0002322090830981651,0.004395939861100511,0.005311760665496451,-0.13666440957789616,0.9934635755697433,,,,,,0,grid_uncalibrated,True
prose,end,5,depth,13,recall,300,108,65515,,0.9629629629629629,0.9243665648077414,0.9916666666666667,0.9792472222222218,0.976006893181818,0.9820114755639096,,,,-0.016284259259258915,-0.05433786813186795,0.013347726979672228,0.9277072292770723,0.9792472222223225,0.013566912993145061,0.9537037037037037,1.0,-1.200292156925274,0.9833706352289632,,,,,0.0,0,grid_uncalibrated,True
prose,end,5,depth,13,f1,300,108,65515,,0.009598568159063322,0.007122408373613627,0.012382008015287271,0.009662210495556043,0.007438449168650879,0.01213054593409333,,,,-6.364233649272175e-05,-0.0011088706213630095,0.0010752474498717498,0.5625437456254374,0.009662111462381886,0.0004600376434917645,0.008752305837518825,0.010566868089667407,-0.13812631252577376,0.9934234557771393,,,,,,0,grid_uncalibrated,True
prose,end,5,depth,14,precision,300,69,65515,,0.003174845455239258,0.002182519361985035,0.004291980635216528,0.003096486300847134,0.0022753349998872073,0.003988197680602147,,,,7.835915439212415e-05,-0.00032645979101321546,0.0005218157443775365,0.3498650134986501,0.0030964863008471825,0.00018528294448134892,0.0027474624131878195,0.0034648553766313058,0.42291617618352034,1.0253058295044408,,,,,,0,grid_uncalibrated,True
prose,end,5,depth,14,recall,300,69,65515,,1.0,1.0,1.0,0.9794869565217392,0.9748145810688407,0.9835508727097397,,,,0.020513043478260773,0.016449127290260313,0.02518541893115938,0.2323767623237676,0.9794869565217484,0.016806454222570887,0.9420289855072463,1.0,1.2205455836545678,1.0209426407791027,,,,,0.0,0,grid_uncalibrated,True
prose,end,5,depth,14,f1,300,69,65515,,0.006329595423215617,0.004355532689511385,0.008547276525102733,0.006173456239025281,0.00454011389788086,0.007943979410655656,,,,0.00015613918419033618,-0.0006487644810295436,0.001036034993398386,0.32786721327867213,0.006173392585007284,0.00036832621944167385,0.005479186700519554,0.0069054325703701205,0.42408829446112556,1.0253025927085357,,,,,,0,grid_uncalibrated,True
prose,end,5,depth,15,precision,300,41,65515,,0.0017553232084255514,0.001089023345290243,0.0025223660920516734,0.0018268152331527134,0.0011963113615164516,0.0025414299163979553,,,,-7.149202472716198e-05,-0.00035621952804594634,0.00022998756518077034,0.7027297270272973,0.0018268152331527268,0.00014363510038381216,0.0015568953674730977,0.0021063878501106615,-0.4977336635414268,0.9608652131700292,,,,,,0,grid_uncalibrated,True
prose,end,5,depth,15,recall,300,41,65515,,0.9512195121951219,0.8666666666666667,1.0,0.9772341463414634,0.9704310225095785,0.9823436750881315,,,,-0.02601463414634153,-0.10493224999999998,0.02151601973684205,0.9348065193480652,0.9772341463414196,0.02321888533569985,0.926829268292683,1.0,-1.1204083990328022,0.9733793234265385,,,,,0.0,0,grid_uncalibrated,True
prose,end,5,depth,15,f1,300,41,65515,,0.0035041800140635988,0.002175579140458758,0.005030890900416549,0.0036468132117583522,0.002389688505098259,0.005069688201168846,,,,-0.00014263319769475345,-0.0007105658248617393,0.0004577937284501193,0.7002299770022997,0.003646774888654921,0.00028624274448074726,0.0031086992671515734,0.00420392061291944,-0.498160660281516,0.960898361169774,,,,,,0,grid_uncalibrated,True
prose,end,5,depth,16,precision,300,31,65515,,0.0014805769671067694,0.0007602354478882582,0.0023839442790581982,0.0013388338548424026,0.0007719327378268789,0.0020115815931765818,,,,0.0001417431122643668,-0.00014448517522159146,0.00048571792013803563,0.1336866313368663,0.0013388338548423891,0.00012204753622659892,0.0011142486453483934,0.001587422727619629,1.161376269007296,1.1058705766602135,,,,,,0,grid_uncalibrated,True
prose,end,5,depth,16,recall,300,31,65515,,1.0,1.0,1.0,0.9731548387096774,0.9581862605042016,0.9858851898148149,,,,0.02684516129032255,0.014114810185185176,0.04181373949579837,0.41705829417058293,0.9731548387096373,0.028042607909194776,0.9032258064516129,1.0,0.9572990278682529,1.0275857039625456,,,,,0.0,0,grid_uncalibrated,True
prose,end,5,depth,16,f1,300,31,65515,,0.002956776199475706,0.0015193158579589322,0.0047565492096549805,0.0026739889252219875,0.0015426330279502477,0.004014791008800432,,,,0.0002827872742537183,-0.0002882218418427674,0.0009677726695937537,0.12438756124387561,0.0026739606524214705,0.0002434502573383116,0.0022258461001430974,0.00316964616792826,1.1616974660298656,1.1057665328014923,,,,,,0,grid_uncalibrated,True
prose,end,5,depth,17,precision,300,17,65515,,0.0007173929634434862,0.0003424513618173797,0.0011576161114014293,0.0007694772189574907,0.00040092081177609445,0.0011972592755699965,,,,-5.208425551400447e-05,-0.0002082540829687311,9.908163653124222e-05,0.7370262973702629,0.0007694772189574885,9.226028135289721e-05,0.0005952835228573609,0.0009463481645424712,-0.5645360576647181,0.9323121539782976,,,,,,0,grid_uncalibrated,True
prose,end,5,depth,17,recall,300,17,65515,,1.0,1.0,1.0,0.9815117647058822,0.977936287878788,0.9848850178571429,,,,0.018488235294117805,0.015114982142857133,0.022063712121212043,0.7285271472852715,0.9815117647058621,0.032717012740244585,0.8823529411764706,1.0,0.565095457856269,1.0188364887298915,,,,,0.0,0,grid_uncalibrated,True
prose,end,5,depth,17,f1,300,17,65515,,0.0014337573594460206,0.0006846682580563104,0.0023125551716755297,0.0015377488866630115,0.0008015147954972635,0.0023916021707105833,,,,-0.00010399152721699088,-0.00041568390983624885,0.00019785692001912617,0.7166283371662834,0.0015377329334461535,0.00018424106549593132,0.0011898145014362625,0.0018909068728365128,-0.564345270801905,0.9323838543490661,,,,,,0,grid_uncalibrated,True
prose,end,5,depth,18,precision,300,11,65515,,0.00041211936197817293,0.0001643812173423024,0.0007096200616945194,0.0004987850110661681,0.00022883264860432337,0.0008029110505455745,,,,-8.66656490879952e-05,-0.00023559100245611848,4.151640129992213e-05,0.9026097390260974,0.00049878501106617,7.466474398377699e-05,0.00036594672975654466,0.0006563382431504235,-1.1607305464922988,0.8262464846272219,,,,,,0,grid_uncalibrated,True
prose,end,5,depth,18,recall,300,11,65515,,0.9090909090909091,0.7,1.0,0.9823090909090909,0.9791088636363635,0.985762528409091,,,,-0.07321818181818185,-0.28490200000000004,0.020463652597402588,0.9851014898510149,0.9823090909090805,0.0396419778118974,0.9090909090909091,1.0,-1.8469860955372686,0.9254631943287713,,,,,0.0,0,grid_uncalibrated,True
prose,end,5,depth,18,f1,300,11,65515,,0.0008238652400575485,0.00032870840119423336,0.0014181251199783227,0.000997063745181653,0.00045755930827963664,0.0016045111578233942,,,,-0.0001731985051241045,-0.00047070400495678993,8.299862100400871e-05,0.901009899010099,0.000997053089315947,0.00014918081023604772,0.0007315676076465637,0.001311815491625736,-1.1609257851888894,0.8263002731607619,,,,,,0,grid_uncalibrated,True
prose,end,5,depth,19,precision,300,5,65515,,0.00019842784095245363,3.112626155056558e-05,0.0004109001160842543,0.00023593070289246737,4.9219441483021586e-05,0.00046003807029553764,,,,-3.750286194001374e-05,-0.00014701278667674986,6.236198433771519e-05,0.8046195380461953,0.00023593070289246008,5.253752413787237e-05,0.00013737312065939097,0.0003358009616118446,-0.7138300206456059,0.8410428931875785,,,,,,0,grid_uncalibrated,True
prose,end,5,depth,19,recall,300,5,65515,,1.0,1.0,1.0,0.97984,0.9685,0.9911000000000001,,,,0.020159999999999956,0.008899999999999908,0.03149999999999997,0.9039096090390961,0.9798399999999998,0.06332436653879499,0.8,1.0,0.3183608633123771,1.0205747877204443,,,,,0.0,0,grid_uncalibrated,True
prose,end,5,depth,19,f1,300,5,65515,,0.0003967769503113173,8.932843862603593e-05,0.0008221791118842446,0.00047174781602148157,0.00010233852469918896,0.000919967327997182,,,,-7.497086571016425e-05,-0.0002940976282800361,0.00012475699679483798,0.7924207579242076,0.00047174268671040494,0.00010502541649842789,0.00027470850375434957,0.0006713764743579962,-0.7137866137403965,0.8410876553872093,,,,,,0,grid_uncalibrated,True
prose,end,5,depth,20,precision,300,2,65515,,9.158208043959398e-05,0.0,0.00028195543933460973,7.832557429596276e-05,0.0,0.000241142389490925,,,,1.3256506143631222e-05,0.0,4.081304984368476e-05,0.38046195380461956,7.832557429596317e-05,2.7374930011646134e-05,3.0527360146531325e-05,0.00013737312065939097,0.4842571702645848,1.1692487576731887,,,,,,0,grid_uncalibrated,True
prose,end,5,depth,20,recall,300,2,65515,,1.0,1.0,1.0,0.98525,0.98525,0.9852500000000001,,,,0.01475000000000004,0.01474999999999993,0.01475000000000004,0.9705029497050295,0.98525,0.08460587045430439,0.5,1.0,0.17433778437356204,1.0149708195889369,,,,,0.0,0,grid_uncalibrated,True
prose,end,5,depth,20,f1,300,2,65515,,0.00018314738786038065,0.0001752124726100079,0.0007014575515963115,0.00015663869610186803,0.00014985219938781972,0.0005999493350591617,,,,2.6508691758512625e-05,2.5360273222188192e-05,0.00010150821653714977,0.3792620737926207,0.00015663723234039532,5.4740553358517056e-05,6.105285651052399e-05,0.00027470850375434957,0.4842873133992649,1.1692455562696291,,,,,,0,grid_uncalibrated,True
prose,end,5,depth,21,precision,300,1,65515,,4.579104021979699e-05,0.0,0.00014169496312318737,5.4631763718232467e-05,0.0,0.00016905153733683744,,,,-8.840723498435475e-06,-2.7356574213650055e-05,0.0,0.7034296570342966,5.463176371822852e-05,2.6493935238947994e-05,1.5263680073265663e-05,0.00010684576051285965,-0.33368857509076383,0.8381761287439139,,,,,,0,grid_uncalibrated,True
prose,end,5,depth,21,recall,300,1,65515,,1.0,1.0,1.0,0.9887,0.9887,0.9887,,,,0.011299999999999977,0.011299999999999977,0.011299999999999977,0.9887011298870113,0.9887,0.10570443388398473,1.0,1.0,0.10690185439526807,1.0114291493880854,,,,,0.0,0,grid_uncalibrated,True
prose,end,5,depth,21,f1,300,1,65515,,9.157788699288744e-05,8.768862646042523e-05,0.000357863252531714,0.00010925749028728538,0.00010461742915673369,0.00042693892722887546,,,,-1.7679603294397936e-05,-6.907567469716146e-05,-1.6928802696308457e-05,0.7034296570342966,0.0001092561550318901,5.298150256635803e-05,3.0526894193784724e-05,0.00021366869143188546,-0.3336686802504527,0.8381943055396498,,,,,,0,grid_uncalibrated,True
prose,end,5,depth,22,precision,300,2,65515,,0.0001221094405861253,0.0,0.00035764005667348237,7.991604975959704e-05,0.0,0.00020240377289536133,,,,4.2193390826528266e-05,-6.924235176041146e-05,0.00019969886569086442,0.11898810118988101,7.991604975959773e-05,2.8666061713582696e-05,3.0527360146531325e-05,0.00013737312065939097,1.4718935320834565,1.527971426934303,,,,,,0,grid_uncalibrated,True
prose,end,5,depth,22,recall,300,2,65515,,1.0,1.0,1.0,0.9834499999999999,0.9799,0.987,,,,0.016550000000000065,0.013000000000000012,0.020100000000000007,0.9672032796720328,0.98345,0.0902879432220486,0.5,1.0,0.18330243673064858,1.0168285118714728,,,,,0.0,0,grid_uncalibrated,True
prose,end,5,depth,22,f1,300,2,65515,,0.00024418906338232377,2.9870195653858305e-05,0.0007359271413357037,0.00015981911247140842,7.598202909336095e-05,0.00040708860222263775,,,,8.436995091091535e-05,-0.00013963573757468654,0.00040427756579683026,0.11898810118988101,0.00015981755431634142,5.7322338466848445e-05,6.105285651052399e-05,0.00027470850375434957,1.4718783518362113,1.5279239156605922,,,,,,0,grid_uncalibrated,True
prose,end,5,category,clause_level,precision,300,2524,65515,,0.1132259787834847,0.10919049246291353,0.11715725173508068,0.09875908875829968,0.09546795598094253,0.10210021063958903,,,,0.014466890025185017,0.012573297819141441,0.016325471552994075,9.999000099990002e-05,0.09875908875829899,0.001003162586318604,0.09680225902465084,0.10074028848355339,14.421281477687637,1.1464866698050615,,,,,,0,grid_uncalibrated,True
prose,end,5,category,clause_level,recall,300,2524,65515,,0.9968304278922345,0.9945333812912783,0.9988095238095238,0.9582554278922344,0.9555301053705119,0.9608420321363063,,,,0.03857500000000014,0.03524515486935894,0.04196331290737517,9.999000099990002e-05,0.9582554278922355,0.0039574556420371824,0.9504754358161648,0.9659270998415214,9.747424479062953,1.0402554463843194,,,,,0.0,0,grid_uncalibrated,True
prose,end,5,category,clause_level,f1,300,2524,65515,,0.20335381193332455,0.19681790751805303,0.20968845208539494,0.17906363889157434,0.17361423855013067,0.18454393951886855,,,,0.024290173041750213,0.021238685405220697,0.027263085171792423,9.999000099990002e-05,0.1790622168086444,0.0016720097181392405,0.17579674893132316,0.18234855935548905,14.528381540577396,1.135660082610501,,,,,,0,grid_uncalibrated,True
prose,end,5,category,phrase_level,precision,300,13781,65515,,0.5666335953598413,0.5592969356722961,0.5738611700452243,0.5540297077005265,0.5477406712975363,0.5603251236593808,,,,0.01260388765931475,0.00907320190695498,0.01619975866863756,9.999000099990002e-05,0.554029707700528,0.0016757534328463069,0.550804777531863,0.5573532778752958,7.521325877820405,1.0227494798277608,,,,,,0,grid_uncalibrated,True
prose,end,5,category,phrase_level,recall,300,13781,65515,,0.9882446847108337,0.986159163215117,0.9901829553189646,0.9763808794717366,0.9743775843620973,0.9783418737805398,,,,0.011863805239097136,0.00976142503782741,0.013915369795819432,9.999000099990002e-05,0.976380879471719,0.0011435906503544618,0.9740947681590596,0.9785937159857775,10.374171243388034,1.0121507963629253,,,,,0.0,0,grid_uncalibrated,True
prose,end,5,category,phrase_level,f1,300,13781,65515,,0.7202784243246354,0.7142157894212299,0.7262544091816302,0.706926648041047,0.7016128116412115,0.7121883372628696,,,,0.013351776283588412,0.010353954601233296,0.01639729473951103,9.999000099990002e-05,0.7069252079325704,0.0014651912234055647,0.7041319790633864,0.709840192632599,9.113633892119504,1.0188891501423707,,,,,,0,grid_uncalibrated,True
prose,end,5,category,structural_other,precision,300,18,65515,,0.0011600396855681904,0.0005624220004333308,0.0018899234486766288,0.000842384186827444,0.00047563884728507285,0.0012634810968994365,,,,0.0003176554987407464,-2.5758103669844674e-05,0.0007191547153019327,0.0011998800119988001,0.0008423841868274476,9.795938456843037e-05,0.0006563382431504235,0.001037930244982065,3.2427265661192664,1.3770910039718145,,,,,,0,grid_uncalibrated,True
prose,end,5,category,structural_other,recall,300,18,65515,,0.9444444444444444,0.8095238095238095,1.0,0.9821000000000001,0.9730865370370371,0.9891546291866029,,,,-0.037655555555555664,-0.17427245535714292,0.02473861344537813,0.9627037296270373,0.982100000000012,0.030672384821368064,0.8888888888888888,1.0,-1.2276696375214562,0.961658124879781,,,,,0.0,0,grid_uncalibrated,True
prose,end,5,category,structural_other,f1,300,18,65515,,0.002317233166206777,0.0011241225786638453,0.0037724008580290783,0.0016833245227646774,0.000950812977127061,0.0025237249587259313,,,,0.0006339086434420998,-5.1572678031463915e-05,0.0014334847366600518,0.0011998800119988001,0.0016833062013174576,0.00019559173453780073,0.001311815491625736,0.0020737081255813245,3.2410723611983956,1.3765963461627897,,,,,,0,grid_uncalibrated,True
prose,start,6,all,all,precision,300,25185,65515,,0.8208349233000076,0.8140590153875749,0.8274495615665441,0.8036373578569793,0.7971138722896551,0.810059613873756,,,,0.017197565443028306,0.013576878696901783,0.02070003088058891,9.999000099990002e-05,0.8036373578569793,0.001336870437591789,0.8010226665649088,0.8062581088300389,12.8640479731212,1.0213996590313923,,,,,,0,grid_uncalibrated,True
prose,start,6,all,all,recall,300,25185,65515,,0.994322017073655,0.993138087995772,0.995453327902836,0.9889704506650784,0.9874584576788106,0.9903960033539322,,,,0.005351566408576591,0.004097927176566846,0.00673571921404767,9.999000099990002e-05,0.9889704506650784,0.0005582318329906598,0.9878499106611078,0.9900337502481635,9.58663783092809,1.0054112500580554,,,,,0.0,0,grid_uncalibrated,True
prose,start,6,all,all,f1,300,25185,65515,,0.8992877899055355,0.8951518330825088,0.9033121211271269,0.8867233492934214,0.8825113485757966,0.8908114355673741,,,,0.012564440612114036,0.010130383605609009,0.01494178279903789,9.999000099990002e-05,0.8867227294482258,0.0008735114712302689,0.8850246736616841,0.8884297547554437,14.384539724032244,1.0141702248516042,,,,,,0,grid_uncalibrated,True
prose,start,6,depth,1,precision,300,1478,65515,,0.09255895596428299,0.08936582811678759,0.09577834667082565,0.07778634511180643,0.07537048117993586,0.08026927864914586,,,,0.014772610852476553,0.012968499896718583,0.01659752429134097,9.999000099990002e-05,0.07778634511180686,0.0009003334713956337,0.07602839044493627,0.07956956422193391,16.40793252924015,1.1899126489519798,,,,,,0,grid_uncalibrated,True
prose,start,6,depth,1,recall,300,1478,65515,,1.0,1.0,1.0,0.9882194857916103,0.986551183369883,0.9898333021343722,,,,0.011780514208389659,0.010166697865627839,0.013448816630116973,9.999000099990002e-05,0.9882194857915944,0.00275335063188034,0.9824086603518268,0.993234100135318,4.278610240193202,1.0119209491188783,,,,,0.0,0,grid_uncalibrated,True
prose,start,6,depth,1,f1,300,1478,65515,,0.1694351695329636,0.16406945363991424,0.17481335885455385,0.1442205656658603,0.14005916866767099,0.14848544266538008,,,,0.02521460386710328,0.022203191090138616,0.028260452976057355,9.999000099990002e-05,0.14421932054231765,0.0015541119751896289,0.1411843243360519,0.14729502464622138,16.225245923846103,1.174843765008912,,,,,,0,grid_uncalibrated,True
prose,start,6,depth,2,precision,300,2411,65515,,0.13308402655880333,0.12860571646374758,0.13764036041187916,0.11882536365717772,0.11535322971918203,0.12235127697140322,,,,0.014258662901625613,0.01184515217958882,0.016706802232942537,9.999000099990002e-05,0.11882536365717562,0.0010715424448171885,0.11670609784018927,0.12090360986033732,13.306671117503257,1.1199967958252208,,,,,,0,grid_uncalibrated,True
prose,start,6,depth,2,recall,300,2411,65515,,0.9995852343425964,0.9987085526045021,1.0,0.9890615927001241,0.9874775788887435,0.9905548895342258,,,,0.010523641642472326,0.008853920309885719,0.012214336115866292,9.999000099990002e-05,0.9890615927001131,0.0020939091000615304,0.984653670676068,0.9929489838241393,5.02583500027488,1.0106400265869733,,,,,0.0,0,grid_uncalibrated,True
prose,start,6,depth,2,f1,300,2411,65515,,0.23489439056405728,0.2279006916031476,0.2419650137571477,0.21216172418594081,0.20661016499394033,0.21776515230587332,,,,0.022732666378116467,0.01897043592055123,0.026531407647548647,9.999000099990002e-05,0.21216015569199062,0.0017195371229286904,0.20876188060515238,0.2154924409804234,13.221136414517208,1.107156005791548,,,,,,0,grid_uncalibrated,True
prose,start,6,depth,3,precision,300,3547,65515,,0.1858200412119362,0.18034569710912637,0.19128010169625834,0.17855510188506454,0.1736741071155118,0.18348133257333407,,,,0.007264939326871667,0.0044903253167712515,0.010079886426763565,9.999000099990002e-05,0.17855510188506507,0.00126596320169953,0.17611234068533924,0.18108868198122569,5.7386654818387335,1.040687380255018,,,,,,0,grid_uncalibrated,True
prose,start,6,depth,3,recall,300,3547,65515,,0.9954891457569778,0.9930381129936557,0.9975925199444191,0.986729940795038,0.9850996319242853,0.9883007862528955,,,,0.008759204961939826,0.00616769352394982,0.011127390530537434,9.999000099990002e-05,0.9867299407950275,0.0018321002236867463,0.9830842965886665,0.9904144347335777,4.780963862514061,1.0088770033215906,,,,,0.0,0,grid_uncalibrated,True
prose,start,6,depth,3,f1,300,3547,65515,,0.3131810640789752,0.30534578703149906,0.3209405540880626,0.30239067465670494,0.29535699161917683,0.30942529921515355,,,,0.010790389422270286,0.006800592169607625,0.014812189368136787,9.999000099990002e-05,0.3023887901386965,0.0018358585974560587,0.2988242155111201,0.3060382965233339,5.878597597458494,1.0356900595929122,,,,,,0,grid_uncalibrated,True
prose,start,6,depth,4,precision,300,3827,65515,,0.1935129359688621,0.18756264666333097,0.19957901311475443,0.19632865145386555,0.19094633242320538,0.20166569136793958,,,,-0.0028157154850034505,-0.005527738011682074,-0.0001111466404852657,0.9825017498250175,0.1963286514538654,0.0013315224207256164,0.1937266274898878,0.19890101503472488,-2.114658710342167,0.9856581529789351,,,,,,0,grid_uncalibrated,True
prose,start,6,depth,4,recall,300,3827,65515,,0.9926835641494643,0.9898304421633379,0.9953307392996109,0.9887355892343869,0.9871957026756192,0.9901809456925382,,,,0.003947974915077479,0.0012309110194814164,0.006567039909225291,0.0053994600539946005,0.9887355892343807,0.0016121557875786693,0.9853671282989287,0.9916383590279593,2.4488792866682214,1.0039929531798697,,,,,0.0,0,grid_uncalibrated,True
prose,start,6,depth,4,f1,300,3827,65515,,0.32388750256375715,0.31553102407326905,0.33233712971982143,0.3276060794241711,0.32006563927824083,0.33499433215315605,,,,-0.0037185768604139358,-0.007534605693636077,0.00010127961313686897,0.9759024097590241,0.3276040601166128,0.001872130636509895,0.3239326922353243,0.3312301286597497,-1.9852020368537011,0.9886553373253899,,,,,,0,grid_uncalibrated,True
prose,start,6,depth,5,precision,300,3346,65515,,0.16948790353354193,0.16409875258465734,0.17500968057798577,0.17382172174311253,0.1690168992365994,0.17883301554544204,,,,-0.0043338182095706,-0.006853475021645005,-0.0018500713078663297,0.9998000199980002,0.17382172174311175,0.0012618005270335693,0.17136533618255362,0.17628024116614516,-3.434630210337933,0.9750674532152276,,,,,,0,grid_uncalibrated,True
prose,start,6,depth,5,recall,300,3346,65515,,0.9952181709503886,0.9925838030258084,0.9974758021761331,0.9892691870890614,0.9876771968247532,0.9907539810935178,,,,0.0059489838613271395,0.003284627840052421,0.008412982475157108,0.00019998000199980003,0.9892691870890734,0.0016883406572560245,0.9856545128511656,0.9925283921099821,3.523568443221485,1.0060135137523287,,,,,0.0,0,grid_uncalibrated,True
prose,start,6,depth,5,f1,300,3346,65515,,0.2896480838354119,0.2817786297974857,0.29766665752886573,0.29568879278729215,0.28869905720635225,0.30293399624812384,,,,-0.006040708951880247,-0.009729460000786888,-0.0024015106487050163,0.9998000199980002,0.2956868797488209,0.001841481031199111,0.2920828452209268,0.29928136287403345,-3.279314753232477,0.9795770582768542,,,,,,0,grid_uncalibrated,True
prose,start,6,depth,6,precision,300,2807,65515,,0.14308173700679233,0.13808133394596558,0.1481018661753185,0.14590227276196288,0.14141681271842524,0.1504938257222265,,,,-0.00282053575517055,-0.0051489796040434105,-0.0004911662633245357,0.9923007699230078,0.14590227276196224,0.0011716973962448086,0.14364611157750135,0.14824124246355797,-2.407222004768032,0.9806683220091329,,,,,,0,grid_uncalibrated,True
prose,start,6,depth,6,recall,300,2807,65515,,0.9960812255076594,0.9937153355053232,0.9981949458483754,0.9896089063056643,0.9881666061547029,0.9910070359618841,,,,0.0064723192019950915,0.003920406244589026,0.008907595585458002,0.00019998000199980003,0.9896089063056419,0.0018292044394823538,0.9857499109369433,0.9928749554684717,3.538324674003699,1.0065402798628598,,,,,0.0,0,grid_uncalibrated,True
prose,start,6,depth,6,f1,300,2807,65515,,0.25022062099158576,0.2425385883328337,0.2578679408383094,0.2543104660476049,0.24746897287348465,0.26125328933623554,,,,-0.004089845056019115,-0.007642907092105158,-0.0005451788438277915,0.9893010698930107,0.25430869844395576,0.0017926241736392534,0.25084556936877445,0.2578755820044904,-2.280498897920519,0.9839247439140548,,,,,,0,grid_uncalibrated,True
prose,start,6,depth,7,precision,300,2256,65515,,0.11353125238495002,0.10896866162413617,0.11803420325067836,0.11703792566587812,0.1129348494024185,0.12119775629203705,,,,-0.003506673280928102,-0.005548763569475241,-0.001499034316066811,0.9994000599940006,0.11703792566587697,0.0010736778466050373,0.11495039303976189,0.1191330229718385,-3.2660385906396687,0.970038145661109,,,,,,0,grid_uncalibrated,True
prose,start,6,depth,7,recall,300,2256,65515,,0.9920212765957447,0.9883116883116884,0.9953975039809607,0.9896500886524823,0.9880403024854358,0.991129786687639,,,,0.0023711879432624094,-0.0012497403643071214,0.005834736194494994,0.14288571142885712,0.9896500886524869,0.002052896752601902,0.9853723404255319,0.9933510638297872,1.1550449092251878,1.0023959861878924,,,,,0.0,0,grid_uncalibrated,True
prose,start,6,depth,7,f1,300,2256,65515,,0.20374503241066436,0.19634912936458715,0.21100115755418924,0.2093211311812746,0.20273521184587093,0.21595012416466883,,,,-0.005576098770610244,-0.008883041602608659,-0.0023350506189772223,0.9992000799920008,0.2093195357259252,0.001727230162635213,0.20596085961788868,0.21270207590518395,-3.2274235570063836,0.9733684517504382,,,,,,0,grid_uncalibrated,True
prose,start,6,depth,8,precision,300,1684,65515,,0.08280546439746624,0.07835307791217318,0.08740920416593229,0.08717897275433116,0.08302882742945099,0.09134460532589905,,,,-0.004373508356864925,-0.0062907051138637714,-0.0024508907650328837,1.0,0.0871789727543314,0.000939707530882716,0.08533923528962833,0.08901816377928719,-4.654116534276253,0.949832990471342,,,,,,0,grid_uncalibrated,True
prose,start,6,depth,8,recall,300,1684,65515,,0.9899049881235155,0.9850081954736204,0.994267561549833,0.9898798099762466,0.9882343785311949,0.991415554244245,,,,2.5178147268878348e-05,-0.004740181417057637,0.004478003849411166,0.5602439756024398,0.9898798099762435,0.0023783387841818976,0.9851543942992874,0.994061757719715,0.010586442705069777,1.0000254355599723,,,,,0.0,0,grid_uncalibrated,True
prose,start,6,depth,8,f1,300,1684,65515,,0.15282696660277523,0.14521434850970727,0.1606396284558927,0.16024511636254582,0.15320667144726677,0.1672672762441097,,,,-0.0074181497597705925,-0.010707554205083857,-0.004130975938455335,1.0,0.16024379113817278,0.001594284289329286,0.15712779452877026,0.16335616500748731,-4.652134242957258,0.9537153702947387,,,,,,0,grid_uncalibrated,True
prose,start,6,depth,9,precision,300,1195,65515,,0.05878043196214607,0.05510967253399145,0.06252521366497836,0.06166099061283676,0.05791280406674665,0.06542080305096783,,,,-0.002880558650690687,-0.004411493483576568,-0.0012865724436953267,0.9999000099990001,0.06166099061283605,0.000808167887711137,0.06010837212852019,0.0632526902236129,-3.5643072367651114,0.953283938158296,,,,,,0,grid_uncalibrated,True
prose,start,6,depth,9,recall,300,1195,65515,,0.9907949790794979,0.9852938328700962,0.9957376972528141,0.9894210041840997,0.9876225293542594,0.9910852073037825,,,,0.0013739748953981445,-0.004285096660546376,0.006466553574337547,0.38706129387061294,0.9894210041841105,0.0029161563593608905,0.9832635983263598,0.994979079497908,0.4711595422436463,1.0013886655827773,,,,,0.0,0,grid_uncalibrated,True
prose,start,6,depth,9,f1,300,1195,65515,,0.11097698410906771,0.10440376963611829,0.11764079019246362,0.11608738338805975,0.10941827023709007,0.12272434331238652,,,,-0.005110399278992039,-0.007836003390876213,-0.002266421613938169,0.9999000099990001,0.11608633324977602,0.0014366727944368882,0.11332450992551193,0.1189139472633115,-3.5563763443512153,0.95598664375319,,,,,,0,grid_uncalibrated,True
prose,start,6,depth,10,precision,300,871,65515,,0.04382202549034572,0.04017153230393347,0.04753978304311331,0.04498195985652142,0.041508907903326835,0.048434748947804654,,,,-0.0011599343661756953,-0.0025821950513315838,0.0002293581724347747,0.9533046695330467,0.0449819598565213,0.0006860073239890395,0.04362359764939327,0.04632526902236129,-1.6908483708755708,0.9742133430851965,,,,,,0,grid_uncalibrated,True
prose,start,6,depth,10,recall,300,871,65515,,0.9954075774971297,0.990565759283598,0.9989059080962801,0.9898719862227328,0.9877887351895733,0.9916707691577206,,,,0.005535591274396956,0.0009800180617185743,0.009285602694708907,0.05699430056994301,0.9898719862227133,0.0033298386385265037,0.9827784156142365,0.9954075774971297,1.6624202777783716,1.0055922294513453,,,,,0.0,0,grid_uncalibrated,True
prose,start,6,depth,10,f1,300,871,65515,,0.08394829421518743,0.07722431221649942,0.09074768820131933,0.08605346119819701,0.07967873725359059,0.09235399705551615,,,,-0.002105166983009582,-0.004725929280125105,0.0004364640716688595,0.9503049695030497,0.08605265841309843,0.0012578160460130741,0.08357533080739127,0.08849850339459443,-1.6730301736738467,0.9755456224512096,,,,,,0,grid_uncalibrated,True
prose,start,6,depth,11,precision,300,650,65515,,0.03203846447378463,0.02887140162734556,0.035333959601138984,0.03355829962603984,0.03055754109116149,0.03668385333585289,,,,-0.0015198351522552056,-0.0027938226866094785,-0.0001867346475502463,0.9952004799520048,0.03355829962604037,0.0005898222802690353,0.03242005647561627,0.03470960848660612,-2.576767957226876,0.9547106030641557,,,,,,0,grid_uncalibrated,True
prose,start,6,depth,11,recall,300,650,65515,,0.9876923076923076,0.978582901859261,0.9954059949140874,0.9899858461538469,0.9881315757425567,0.9916974701791607,,,,-0.002293538461539235,-0.011284990948275783,0.0052947260931071015,0.7927207279272073,0.9899858461538492,0.003872692751522555,0.9815384615384616,0.9969230769230769,-0.5922335203689625,0.9976832613613092,,,,,0.0,0,grid_uncalibrated,True
prose,start,6,depth,11,f1,300,650,65515,,0.062063724611962974,0.05610605912096743,0.06823282384722217,0.06491608942857229,0.05928627515870216,0.07074746413998831,,,,-0.002852364816609311,-0.005249205049110619,-0.0003548705291802802,0.9952004799520048,0.06491547741486015,0.0011052149508812962,0.06277007220656133,0.06707659839012037,-2.5802698385713922,0.9560697553732485,,,,,,0,grid_uncalibrated,True
prose,start,6,depth,12,precision,300,411,65515,,0.020331221857589864,0.017714741347436853,0.022965500461324655,0.021205362130809723,0.01872811708852885,0.02381053598568732,,,,-0.0008741402732198589,-0.0019136669166160915,0.00017981002949797283,0.9702029797020298,0.021205362130809317,0.00047716600421448684,0.020300694497443334,0.022162863466381744,-1.831941641899798,0.9587773947067184,,,,,,0,grid_uncalibrated,True
prose,start,6,depth,12,recall,300,411,65515,,0.9951338199513382,0.9876847290640394,1.0,0.9903644768856447,0.9884394083121829,0.9920865964706833,,,,0.004769343065693543,-0.0028460149193969627,0.010479066479925294,0.23577642235776422,0.9903644768856117,0.004734467221745892,0.9805352798053528,0.9975669099756691,1.0073663714093186,1.0048157452907889,,,,,0.0,0,grid_uncalibrated,True
prose,start,6,depth,12,f1,300,411,65515,,0.03984831705359384,0.03480825176088321,0.04489540227497547,0.04152167564479633,0.03676026928282209,0.04650100285667217,,,,-0.0016733585912024895,-0.003667246886561208,0.0003510900915260556,0.9681031896810319,0.04152126135254111,0.0009155545895872317,0.039779838302790076,0.043355403507313664,-1.8272469145739325,0.9597087312752148,,,,,,0,grid_uncalibrated,True
prose,start,6,depth,13,precision,300,260,65515,,0.01263832710066397,0.010508938838199328,0.01486268285360042,0.013598227886743497,0.011518235950623859,0.015760509721855925,,,,-0.0009599007860795275,-0.0017956428114760971,-0.00013158365516023341,0.9948005199480052,0.013598227886743794,0.000380828109277,0.012867282301762956,0.014347859268869724,-2.520561803859989,0.9294098617794468,,,,,,0,grid_uncalibrated,True
prose,start,6,depth,13,recall,300,260,65515,,0.9807692307692307,0.961864406779661,0.9959187821470051,0.9903688461538461,0.9882802866071205,0.9922107073811844,,,,-0.009599615384615401,-0.028147501358695773,0.004940552260703916,0.9622037796220378,0.9903688461539503,0.005962932284151127,0.9769230769230769,1.0,-1.6098816701699514,0.9903070301312494,,,,,0.0,0,grid_uncalibrated,True
prose,start,6,depth,13,f1,300,260,65515,,0.024955079615674756,0.020797297161276176,0.0292849134197132,0.026828093490617284,0.022771696279430043,0.0310275384738279,,,,-0.001873013874942528,-0.0035037929947338326,-0.0002563807090670863,0.9947005299470053,0.026827822284205702,0.0007415763523354328,0.025402595017838835,0.028288275255863592,-2.5253538123662542,0.9301940109528203,,,,,,0,grid_uncalibrated,True
prose,start,6,depth,14,precision,300,150,65515,,0.007189193314508128,0.005681433627983401,0.008810435849936949,0.007787282301762952,0.006280555298608125,0.009355455052601451,,,,-0.000598088987254824,-0.001140981717862507,-5.4209170826331524e-05,0.9832016798320168,0.007787282301762971,0.00028973023944663996,0.007234984354727925,0.008364496680149583,-2.0642960444762064,0.9231966989151734,,,,,,0,grid_uncalibrated,True
prose,start,6,depth,14,recall,300,150,65515,,0.9866666666666667,0.9651142462188974,1.0,0.9906519999999999,0.9882531118100651,0.992702397368421,,,,-0.003985333333333174,-0.02493268034297047,0.010081103254481149,0.8364163583641636,0.9906519999999004,0.007731521790597336,0.9733333333333334,1.0,-0.5154655760112385,0.9959770602257563,,,,,0.0,0,grid_uncalibrated,True
prose,start,6,depth,14,f1,300,150,65515,,0.01427437858802257,0.011297627630176506,0.017466100857975876,0.015453091486988363,0.01248197233098987,0.01853579354318355,,,,-0.0011787128989657926,-0.0022481912284476636,-0.00010729842341124452,0.9824017598240176,0.01545293286125059,0.0005706430813814777,0.014363925063428918,0.016588364991481242,-2.06530896751581,0.9237326477886062,,,,,,0,grid_uncalibrated,True
prose,start,6,depth,15,precision,300,119,65515,,0.005815462107914218,0.004459433035370349,0.007269928802402469,0.006138113409142944,0.004770276884749193,0.007569167605602841,,,,-0.0003226513012287262,-0.0007396782967032695,0.00011842039565023967,0.8994100589941005,0.0061381134091430265,0.0002578773615791718,0.005647561627108296,0.006639700831870564,-1.2511811787315432,0.9474347768243898,,,,,,0,grid_uncalibrated,True
prose,start,6,depth,15,recall,300,119,65515,,0.9915966386554622,0.9716981132075472,1.0,0.990809243697479,0.9882020492857142,0.9930459079445145,,,,0.0007873949579831896,-0.019161845197255622,0.010960719298245674,0.698030196980302,0.9908092436975163,0.008688552284685153,0.9747899159663865,1.0,0.09062441384323429,1.0007946988413303,,,,,0.0,0,grid_uncalibrated,True
prose,start,6,depth,15,f1,300,119,65515,,0.011563109519169548,0.008879269562719857,0.01443339999635692,0.012200643216092795,0.00949481674459214,0.015023627606741455,,,,-0.0006375336969232474,-0.0014600488389709392,0.00023469732692847593,0.8956104389561044,0.012200515386816458,0.000509536383217121,0.01122949808366174,0.013191811978771797,-1.2509526083739966,0.9477558244518365,,,,,,0,grid_uncalibrated,True
prose,start,6,depth,16,precision,300,76,65515,,0.0034801190567045714,0.00242824060300712,0.004699842773222459,0.0038593421353888416,0.002790669181944279,0.00503928405494423,,,,-0.0003792230786842702,-0.0007487041615184241,7.008594744926554e-08,0.9717028297170283,0.003859342135388855,0.00020561047227880602,0.0034648553766313058,0.004273830420514386,-1.8443762833736426,0.9017389323411011,,,,,,0,grid_uncalibrated,True
prose,start,6,depth,16,recall,300,76,65515,,0.9868421052631579,0.9550561797752809,1.0,0.9898315789473682,0.9851800317855168,0.9934915561287152,,,,-0.0029894736842103198,-0.035401876910627544,0.013523606513817317,0.8205179482051795,0.9898315789474503,0.011165248362048663,0.9605263157894737,1.0,-0.2677480685923542,0.9969798158112197,,,,,0.0,0,grid_uncalibrated,True
prose,start,6,depth,16,f1,300,76,65515,,0.006935778945773768,0.004844496038353641,0.00935538936939684,0.0076887060926501055,0.005565670477704462,0.01002753142596504,,,,-0.0007529271468763371,-0.0014867249093766883,7.127244391780515e-07,0.9701029897010299,0.007688625229042723,0.000408096732608865,0.006905138815981216,0.008510802132969125,-1.844774101611126,0.9020831083787019,,,,,,0,grid_uncalibrated,True
prose,start,6,depth,17,precision,300,44,65515,,0.002259024650843318,0.0013575834352353227,0.0033124321984666113,0.0023096420667022815,0.001467740354872461,0.003260635729069135,,,,-5.061741585896335e-05,-0.0003677415513232724,0.0003201114405330821,0.642935706429357,0.002309642066702239,0.0001562169554059704,0.0020148057696710675,0.002625352972601694,-0.3240199869942307,0.9780843029365179,,,,,,0,grid_uncalibrated,True
prose,start,6,depth,17,recall,300,44,65515,,1.0,1.0,1.0,0.9925840909090908,0.990834071969697,0.9943250160256412,,,,0.007415909090909167,0.005674983974358852,0.009165928030303024,0.718028197180282,0.9925840909090738,0.012805362222747502,0.9545454545454546,1.0,0.5791252884477176,1.0074713156888644,,,,,0.0,0,grid_uncalibrated,True
prose,start,6,depth,17,f1,300,44,65515,,0.00450786592144739,0.002711485802258282,0.006602992432188129,0.00460856048262766,0.0029311395821046944,0.006499903621119515,,,,-0.00010069456118026992,-0.0007325778382934362,0.0006373627858326266,0.630936906309369,0.0046085131890535825,0.0003110071839177113,0.004021316011424928,0.005236957084354591,-0.32361717931513173,0.9781605772887326,,,,,,0,grid_uncalibrated,True
prose,start,6,depth,18,precision,300,24,65515,,0.001175303365641456,0.0006037583209008102,0.0018301739029275852,0.0012466183316797678,0.0006709576929633514,0.0019136419816690549,,,,-7.131496603831168e-05,-0.0002592641332571893,0.00012788683306693143,0.7507249275072493,0.0012466183316797489,0.0001158096999088795,0.0010226665649087994,0.0014805769671067694,-0.6157944118187364,0.9427932638033648,,,,,,0,grid_uncalibrated,True
prose,start,6,depth,18,recall,300,24,65515,,0.9583333333333334,0.848426573426574,1.0,0.9927625000000001,0.9903333333333334,0.995192892857143,,,,-0.03442916666666673,-0.14449101923076935,0.009162117241379258,0.9876012398760124,0.9927625000000014,0.017307751783504566,0.9583333333333334,1.0,-1.9892339049766903,0.965319835643804,,,,,0.0,0,grid_uncalibrated,True
prose,start,6,depth,18,f1,300,24,65515,,0.0023477274700684633,0.001206668416925517,0.003653480584562514,0.0024901098162588,0.0013410087396373478,0.0038199276775040844,,,,-0.00014238234619033674,-0.0005176660679964534,0.00025527490625860716,0.7502249775022498,0.0024900838048225525,0.00023104686480942714,0.0020432435729315973,0.002956776199475706,-0.6161361889567644,0.9428307053447811,,,,,,0,grid_uncalibrated,True
prose,start,6,depth,19,precision,300,14,65515,,0.0005494924826375639,0.00022226492884244625,0.0009444134179004233,0.0007539220025948256,0.0003229233509991275,0.0012670479165217438,,,,-0.0002044295199572617,-0.00041400554811638453,-3.937872913263505e-05,0.9931006899310069,0.0007539220025948236,9.088305692353005e-05,0.0005800198427840952,0.0009310844844692055,-2.249368879936212,0.7288452661499982,,,,,,0,grid_uncalibrated,True
prose,start,6,depth,19,recall,300,14,65515,,0.9285714285714286,0.75,1.0,0.9938785714285714,0.9903852380952382,0.9969375624999999,,,,-0.06530714285714279,-0.24492765624999982,0.008881960227272648,0.9968003199680032,0.9938785714285674,0.02089381150526356,0.9285714285714286,1.0,-3.125669188730196,0.9342906218782154,,,,,0.0,0,grid_uncalibrated,True
prose,start,6,depth,19,f1,300,14,65515,,0.001098335013300884,0.0004444060174605906,0.0018869620265334313,0.0015067010737255164,0.0006456365123804522,0.00253086750653104,,,,-0.0004083660604246324,-0.0008268615911516116,-7.874215566201321e-05,0.993000699930007,0.001506684900599678,0.0001814920687351937,0.0011593672295699662,0.001860436745150665,-2.249959957724641,0.7289745937347178,,,,,,0,grid_uncalibrated,True
prose,start,6,depth,20,precision,300,7,65515,,0.0003358009616118446,7.45259500886574e-05,0.0006787775675919149,0.0003743264901167672,0.00011184152886398702,0.0007064000591654079,,,,-3.852552850492258e-05,-0.00017080051461802127,0.00010331601762629507,0.7606239376062394,0.00037432649011676707,6.434940395255568e-05,0.00025948256124551627,0.0005037014424177669,-0.598692857098211,0.8970804110259339,,,,,,0,grid_uncalibrated,True
prose,start,6,depth,20,recall,300,7,65515,,1.0,1.0,1.0,0.9959142857142858,0.9923793303571428,0.9983389583333334,,,,0.004085714285714248,0.001661041666666634,0.007620669642857199,0.9716028397160283,0.9959142857142892,0.023983352425981572,0.8571428571428571,1.0,0.17035626267513307,1.0041024758298154,,,,,0.0,0,grid_uncalibrated,True
prose,start,6,depth,20,f1,300,7,65515,,0.0006713764743579962,0.00015290225969141663,0.0013568204101887325,0.0007483716956349016,0.0002266975203116703,0.001411967393612759,,,,-7.699522127690539e-05,-0.00034137168497905783,0.00020673550310147402,0.7575242475752425,0.0007483635673066205,0.00012860135787247492,0.0005188304950253311,0.0010068957100140355,-0.5986491450966404,0.8971260810762037,,,,,,0,grid_uncalibrated,True
prose,start,6,depth,21,precision,300,4,65515,,0.00015263680073265663,0.0,0.000346709455196598,0.00020526902236129132,0.0,0.00047311350315992,,,,-5.263222162863468e-05,-0.00015183488606259637,0.0,0.9058094190580942,0.00020526902236128687,4.7023694615894175e-05,0.0001221094405861253,0.00030527360146531327,-1.1192702329867623,0.7435939382222316,,,,,,0,grid_uncalibrated,True
prose,start,6,depth,21,recall,300,4,65515,,1.0,1.0,1.0,0.9964999999999999,0.9926,0.9979,,,,0.0035000000000000586,0.0020999999999999908,0.007399999999999962,0.9861013898610139,0.9965,0.02958610372714591,1.0,1.0,0.11829878081542111,1.0035122930255895,,,,,0.0,0,grid_uncalibrated,True
prose,start,6,depth,21,f1,300,4,65515,,0.00030522701259061424,9.01195210185578e-05,0.0006972975851932346,0.00041045349541226847,9.732741492794061e-05,0.0009514364290400623,,,,-0.00010522648282165422,-0.00030540049833245207,-5.4568128876796845e-06,0.903009699030097,0.0004104491309980861,9.400786424344853e-05,0.00024418906338232377,0.0006103608758678569,-1.1192905961035577,0.7436415125265243,,,,,,0,grid_uncalibrated,True
prose,start,6,depth,22,precision,300,3,65515,,0.0002136915210257193,0.0,0.0005248818712033456,0.00015950393039761886,0.0,0.0003630129500576328,,,,5.418759062810044e-05,-6.40312574077685e-05,0.00020357083197259043,0.1314868513148685,0.00015950393039761848,4.215665073916058e-05,7.631840036632832e-05,0.0002442188811722506,1.285386520940202,1.3397257390022903,,,,,,0,grid_uncalibrated,True
prose,start,6,depth,22,recall,300,3,65515,,1.0,1.0,1.0,0.9956333333333333,0.9924,0.9975,,,,0.004366666666666741,0.0024999999999999467,0.007600000000000051,0.987001299870013,0.9956333333333333,0.03819497199355889,1.0,1.0,0.11432569363850104,1.004385818072249,,,,,0.0,0,grid_uncalibrated,True
prose,start,6,depth,22,f1,300,3,65515,,0.000427291733431,3.053679945702304e-05,0.0010537652754934606,0.00031895676281007407,9.197843988191195e-05,0.00073060068612847,,,,0.00010833497062092594,-0.00012895136865182283,0.0004123856274990982,0.1314868513148685,0.0003189532754450107,8.428548829849608e-05,0.00015262515262515263,0.0004883185057453724,1.2853749817798996,1.3396687424978881,,,,,,0,grid_uncalibrated,True
prose,start,6,depth,23,precision,300,1,65515,,7.631840036632832e-05,0.0,0.00023487153330260425,4.899793940319011e-05,0.0,0.00015079222181093796,,,,2.7320460963138207e-05,0.0,8.407931149166629e-05,0.1827817218278172,4.899793940318443e-05,2.2308857213621873e-05,1.5263680073265663e-05,9.158208043959398e-05,1.2246463681009132,1.5575838758918972,,,,,,0,grid_uncalibrated,True
prose,start,6,depth,23,recall,300,1,65515,,1.0,1.0,1.0,0.9946,0.9946,0.9946,,,,0.00539999999999996,0.00539999999999996,0.00539999999999996,0.9946005399460054,0.9946,0.07328967961256702,1.0,1.0,0.07368022385342805,1.0054293183189222,,,,,0.0,0,grid_uncalibrated,True
prose,start,6,depth,23,f1,300,1,65515,,0.00015262515262515263,0.00014623977328322607,0.0005873279688983452,9.79910513786731e-05,9.389129296013967e-05,0.00037711556115217786,,,,5.463410124647952e-05,5.234848032308641e-05,0.00021021240774616738,0.1827817218278172,9.799008233319278e-05,4.4612800243536197e-05,3.0526894193784724e-05,0.00018314738786038065,1.2246501002786916,1.5575571424278003,,,,,,0,grid_uncalibrated,True
prose,start,6,category,clause_level,precision,300,4386,65515,,0.2159658093566359,0.20785465900386133,0.22436157716352786,0.20177088300389218,0.19396341322634797,0.20968333382777526,,,,0.01419492635274372,0.011478853406439825,0.01688888192369986,9.999000099990002e-05,0.2017708830038939,0.0013075684323476944,0.19925207967640998,0.20438067618102723,10.855972048251038,1.070351708538977,,,,,,0,grid_uncalibrated,True
prose,start,6,category,clause_level,recall,300,4386,65515,,0.9984040127678978,0.9971870604781997,0.999518779614274,0.9895897172822612,0.9881041149216403,0.9909704359327094,,,,0.008814295485636614,0.007121130128691045,0.01053875559913005,9.999000099990002e-05,0.9895897172822528,0.0014968157478813056,0.9865481076151391,0.9924760601915185,5.888697722562982,1.0089070200828805,,,,,0.0,0,grid_uncalibrated,True
prose,start,6,category,clause_level,f1,300,4386,65515,,0.3551160886147583,0.3440723303126444,0.3663847601118621,0.33519723754445957,0.32433707498727127,0.3460830768520766,,,,0.019918851070298726,0.01623046349477876,0.023531268756463605,9.999000099990002e-05,0.3351953336554268,0.0018233026672810316,0.3316802295607664,0.3388064260700221,10.9256435131738,1.0594302872360675,,,,,,0,grid_uncalibrated,True
prose,start,6,category,phrase_level,precision,300,20785,65515,,0.7109822178127146,0.7043697182102227,0.7177357713691551,0.7054658444630996,0.6994991042009819,0.7114884174069159,,,,0.005516373349615078,0.0016935518889417411,0.009125686357895943,9.999000099990002e-05,0.7054658444630982,0.0015173636451813537,0.7024803480119056,0.7084484469205525,3.635498561689277,1.00781947615595,,,,,,0,grid_uncalibrated,True
prose,start,6,category,phrase_level,recall,300,20785,65515,,0.993456819821987,0.9920744765048587,0.9947783450275145,0.9888366658648067,0.98730359078127,0.9902895532756374,,,,0.004620153957180295,0.0032446295189728553,0.006072943123570909,9.999000099990002e-05,0.9888366658648149,0.0006447290191451915,0.9875872023093577,0.9900890064950686,7.166040026083627,1.0046723125432766,,,,,0.0,0,grid_uncalibrated,True
prose,start,6,category,phrase_level,f1,300,20785,65515,,0.8288124332547524,0.8242215563830284,0.8334106512507236,0.8234544767160662,0.8192285356207818,0.8276346716218254,,,,0.005357956538686204,0.0025433419750099974,0.008064379963489162,9.999000099990002e-05,0.8234535530774397,0.0010909611836732967,0.8212870476346277,0.8256054108640719,4.912072269399334,1.0065078111051744,,,,,,0,grid_uncalibrated,True
prose,start,6,category,structural_other,precision,300,14,65515,,0.000992139204762268,0.0004690798712266967,0.0016030059375323946,0.0007803678546897657,0.00036615209042234714,0.0012716828503510139,,,,0.00021177135007250237,5.203274140870585e-05,0.00041973853570699185,0.014798520147985201,0.0007803678546897659,9.14730911633511e-05,0.0006105472029306265,0.0009616118446157369,2.3151218284984427,1.2713737486748369,,,,,,0,grid_uncalibrated,True
prose,start,6,category,structural_other,recall,300,14,65515,,1.0,1.0,1.0,0.9935857142857143,0.9868621875,0.997223125,,,,0.006414285714285706,0.002776875000000046,0.01313781250000002,0.9138086191380862,0.9935857142857094,0.021326527804621766,0.9285714285714286,1.0,0.30076558983504675,1.0064556943825445,,,,,0.0,0,grid_uncalibrated,True
prose,start,6,category,structural_other,f1,300,14,65515,,0.001982311680390363,0.0009377198769211842,0.003200880844051879,0.001559510860705445,0.0007320349058600827,0.002540120826194027,,,,0.0004228008196849181,0.00010391547750867607,0.000837482527993325,0.014698530146985302,0.0015594945474559259,0.00018266120127878344,0.0012203493249942797,0.0019213760712434049,2.314761591264912,1.2711244701843927,,,,,,0,grid_uncalibrated,True
prose,end,6,all,all,precision,300,16323,65515,,0.6777684499732886,0.670932477641969,0.6846970073208237,0.6637779882469664,0.6578761283389272,0.6697497819572066,,,,0.013990461726322123,0.01046388532535221,0.017508655312865978,9.999000099990002e-05,0.6637779882469664,0.001592645314244248,0.6606422193390826,0.666946882393345,8.784417723892883,1.0210770196873669,,,,,,0,grid_uncalibrated,True
prose,end,6,all,all,recall,300,16323,65515,,0.9941799914231453,0.9925989223768868,0.9956161267279826,0.986090620596704,0.9845660104495226,0.9875567386426757,,,,0.008089370826441233,0.0066635727216881385,0.009530942403004864,9.999000099990002e-05,0.9860906205967039,0.0009032274540115807,0.9843166084665809,0.9878086136126938,8.956072792643022,1.008203476087772,,,,,0.0,0,grid_uncalibrated,True
prose,end,6,all,all,f1,300,16323,65515,,0.8060342234220282,0.8010631652830988,0.8110332192632187,0.7934513631696145,0.7890415988986645,0.7978779793154182,,,,0.01258286025241373,0.009997069179139123,0.015163218427786363,9.999000099990002e-05,0.7934502372146606,0.001218722300281432,0.7910786821312616,0.795857780458401,10.325556695287949,1.0158598304180269,,,,,,0,grid_uncalibrated,True
prose,end,6,depth,1,precision,300,1778,65515,,0.0995344577577654,0.09640799969806174,0.10269336422354108,0.08637706632068992,0.08400288706058369,0.08884247582905783,,,,0.013157391437075477,0.011264785246006107,0.015055168840771795,9.999000099990002e-05,0.08637706632069035,0.0009535830367205745,0.08453026024574525,0.08825459818362207,13.79784552619985,1.1523250556834828,,,,,,0,grid_uncalibrated,True
prose,end,6,depth,1,recall,300,1778,65515,,0.9966254218222722,0.9937357630979499,0.998895653005974,0.967232058492688,0.9649726498983998,0.9694203494467621,,,,0.0293933633295842,0.02580041745042775,0.0328412408387562,9.999000099990002e-05,0.9672320584926442,0.004028567375321549,0.9589426321709786,0.9746906636670416,7.296232280906548,1.0303891533283496,,,,,0.0,0,grid_uncalibrated,True
prose,end,6,depth,1,f1,300,1778,65515,,0.18099288761907464,0.1758086890628102,0.1862104849068843,0.15859138972191167,0.154567665632567,0.16274737090938993,,,,0.022401497897162975,0.01927175485787366,0.02553826469768929,9.999000099990002e-05,0.1585900377992032,0.0016233514378835635,0.15542387068162328,0.16177932251558352,13.800369591614158,1.1412626551501082,,,,,,0,grid_uncalibrated,True
prose,end,6,depth,2,precision,300,4099,65515,,0.21172250629626804,0.20557653848130605,0.21779420826204837,0.19665628176753414,0.19148393411178488,0.20195235907776712,,,,0.015066224528733907,0.012136701702807961,0.018108354728871102,9.999000099990002e-05,0.1966562817675339,0.001327282155613558,0.1940471647714264,0.19926734335648325,11.351184422252341,1.0766119667946525,,,,,,0,grid_uncalibrated,True
prose,end,6,depth,2,recall,300,4099,65515,,0.9987801902903147,0.9976024790333162,0.9997565740224452,0.9857556721151499,0.9842210429719803,0.9872518230238994,,,,0.013024518175164812,0.011206569582204876,0.014812800541414818,9.999000099990002e-05,0.9857556721151443,0.001786632874691338,0.9821907782385948,0.9892656745547694,7.289980140671381,1.0132127245559983,,,,,0.0,0,grid_uncalibrated,True
prose,end,6,depth,2,f1,300,4099,65515,,0.34938252632335826,0.3409685928922395,0.3576231939008698,0.3278976410427186,0.320653406888638,0.33522916752799875,,,,0.021484885280639632,0.017466461202409255,0.025635220854598698,9.999000099990002e-05,0.3278956647009529,0.0018691507247817023,0.32423845350416347,0.33152908308147067,11.495521114229469,1.06552956911462,,,,,,0,grid_uncalibrated,True
prose,end,6,depth,3,precision,300,1977,65515,,0.10689155155307944,0.10180759824626552,0.11218437666921234,0.10237802945890259,0.09786430431773675,0.10705086666104213,,,,0.004513522094176853,0.002245665716308878,0.006734882288539447,9.999000099990002e-05,0.1023780294589033,0.0010223441594540896,0.10038922384186827,0.10438830802106387,4.414875413956755,1.0440868232962812,,,,,,0,grid_uncalibrated,True
prose,end,6,depth,3,recall,300,1977,65515,,0.9964592817400101,0.9931900818124927,0.9989949874939741,0.9888050581689426,0.9870574442711504,0.9903890246522234,,,,0.007654223571067487,0.004794127721579142,0.010241839554718695,0.00039996000399960006,0.9888050581689564,0.0023051795261021884,0.9843196762771876,0.9929185634800203,3.320445754607318,1.007740882298102,,,,,0.0,0,grid_uncalibrated,True
prose,end,6,depth,3,f1,300,1977,65515,,0.19307200478882153,0.1847211102196108,0.2016738933128664,0.18554523896517297,0.1780950999795482,0.19318122836424909,,,,0.007526765823648557,0.003802475907859319,0.011139761798914837,9.999000099990002e-05,0.1855437401726817,0.0016882558503693058,0.1822466264589232,0.18884189694692458,4.459196521956689,1.040574069538177,,,,,,0,grid_uncalibrated,True
prose,end,6,depth,4,precision,300,1660,65515,,0.08727772265893306,0.0824577642398897,0.09202729202344202,0.0870767091505761,0.08289150244159099,0.09124863359986436,,,,0.00020101350835696752,-0.0019304298092148121,0.0023155658550594567,0.4203579642035796,0.08707670915057689,0.0009540677484489744,0.0852171258490422,0.08892620010684577,0.21069102134828857,1.0023084646895484,,,,,,0,grid_uncalibrated,True
prose,end,6,depth,4,recall,300,1660,65515,,0.9921686746987952,0.9876940251166183,0.9959088849910147,0.9893789759036141,0.9877193458715727,0.9909047569885492,,,,0.0027896987951810948,-0.00170450866374,0.006711636596417619,0.1543845615438456,0.9893789759036368,0.002446607572295285,0.9843373493975903,0.9939759036144579,1.140231407254777,1.002819646326738,,,,,0.0,0,grid_uncalibrated,True
prose,end,6,depth,4,f1,300,1660,65515,,0.16044191287906134,0.1522583861192482,0.16845139145093865,0.16006579094822068,0.15296213720860669,0.16709092972512737,,,,0.0003761219308406616,-0.0032538067081158604,0.003942771246521586,0.40955904409559046,0.160064419815492,0.0016186760400343436,0.1568898788318388,0.16319858613933041,0.2332110034577033,1.0023583821064326,,,,,,0,grid_uncalibrated,True
prose,end,6,depth,5,precision,300,1511,65515,,0.08050064870640311,0.07548804082009801,0.08566896009419127,0.0798711867511257,0.07541237276789611,0.0844822306839503,,,,0.0006294619552774106,-0.0013299981403210078,0.0026346502540552097,0.2440755924407559,0.07987118675112628,0.0009045580808877528,0.07811913302297184,0.08167595207204457,0.69587787514878,1.0078809640983324,,,,,,0,grid_uncalibrated,True
prose,end,6,depth,5,recall,300,1511,65515,,0.9940436796823295,0.9888804946654299,0.9980237154150198,0.9898890800794176,0.9882258227666277,0.9914415614926764,,,,0.004154599602911979,-0.0009745293182396916,0.008364485928349607,0.05799420057994201,0.9898890800794318,0.0024985504481856123,0.984778292521509,0.9947054930509597,1.662803969363412,1.004197035492668,,,,,0.0,0,grid_uncalibrated,True
prose,end,6,depth,5,f1,300,1511,65515,,0.14893971136010437,0.14033321229868467,0.15776614915461204,0.1478155770585324,0.14014361560836489,0.15568135545215295,,,,0.0011241343015719607,-0.0022476046567966776,0.004530311284445325,0.23417658234176583,0.14781433091910734,0.001555387153168487,0.14477952521882412,0.15088942740228076,0.7235371841052612,1.0076134731591952,,,,,,0,grid_uncalibrated,True
prose,end,6,depth,6,precision,300,1521,65515,,0.08187437991299702,0.07726366199290612,0.08653342152833413,0.07989785545294975,0.07606508760259499,0.08376440328537049,,,,0.0019765244600472714,-5.982131130366547e-05,0.004048320085023058,0.015798420157984203,0.07989785545295047,0.0009035426084110397,0.07816530565519347,0.08169121575211784,2.187527673456866,1.024738141578912,,,,,,0,grid_uncalibrated,True
prose,end,6,depth,6,recall,300,1521,65515,,0.9921104536489151,0.9873895711512172,0.9961365099806826,0.9892915844838917,0.9877481733387222,0.9907732446452474,,,,0.0028188691650234965,-0.0016262929628346027,0.006844760435685715,0.1673832616738326,0.9892915844838833,0.0025814234315678112,0.9842209072978304,0.9940828402366864,1.091982481665087,1.0028493815263801,,,,,0.0,0,grid_uncalibrated,True
prose,end,6,depth,6,f1,300,1521,65515,,0.15126550330940872,0.14336454088556072,0.15915739951027005,0.14785457668302962,0.14126847396112976,0.15445291376619397,,,,0.003410926626379096,-7.857267879766137e-05,0.006941458909649261,0.014998500149985002,0.14785332511480312,0.001553279605584572,0.14486894772717046,0.15093779748008443,2.1967572240938775,1.0230781295716964,,,,,,0,grid_uncalibrated,True
prose,end,6,depth,7,precision,300,1177,65515,,0.06293215294207434,0.05861668707863092,0.0675168164815868,0.061908034801190524,0.058110075108771274,0.0659419168099859,,,,0.001024118140883816,-0.0007119785055290038,0.0027691276633152306,0.1024897510248975,0.061908034801190046,0.0007964369039422226,0.0603678546897657,0.0634816454247119,1.285874795373105,1.016542572287638,,,,,,0,grid_uncalibrated,True
prose,end,6,depth,7,recall,300,1177,65515,,0.9881053525913339,0.9798994974874372,0.9949325393431406,0.9894238742565851,0.9876745789578798,0.9910349195423673,,,,-0.0013185216652511489,-0.008808053075726317,0.005014312019605774,0.7297270272972702,0.9894238742565934,0.002891805127708554,0.983857264231096,0.9949022939677146,-0.45595107797054873,0.9986673844248501,,,,,0.0,0,grid_uncalibrated,True
prose,end,6,depth,7,f1,300,1177,65515,,0.11832802701098956,0.11067415468725092,0.12641559775209793,0.11652511849564584,0.10977662267475087,0.12363981767316416,,,,0.001802908515343718,-0.0012838150804451434,0.0049025245294309575,0.10308969103089691,0.11652409424890468,0.0014149902026121882,0.11378282713547978,0.11930279844464563,1.274872969971571,1.0154811996069373,,,,,,0,grid_uncalibrated,True
prose,end,6,depth,8,precision,300,796,65515,,0.04099824467679158,0.03767099540084837,0.044365704654310376,0.04172882698618637,0.03871172937535013,0.04482105579714309,,,,-0.000730582309394795,-0.0021230534158122177,0.0006852317010076214,0.8652134786521348,0.04172882698618542,0.0006664583965616173,0.04041784324200565,0.04305884148668244,-1.0962159276003638,0.982492143629254,,,,,,0,grid_uncalibrated,True
prose,end,6,depth,8,recall,300,796,65515,,0.9874371859296482,0.9791921664626683,0.9946312318625733,0.9897703517587931,0.9880429078251877,0.991366680699482,,,,-0.00233316582914489,-0.010160527533288168,0.0043735336426569136,0.803019698030197,0.989770351758766,0.003523190678801447,0.9824120603015075,0.9962311557788944,-0.6622309269708669,0.9976427200259415,,,,,0.0,0,grid_uncalibrated,True
prose,end,6,depth,8,f1,300,796,65515,,0.07872772591631629,0.0725688923082943,0.08491870723218044,0.0800814127934671,0.07450891718655858,0.0857583214929644,,,,-0.001353686877150817,-0.0039316206886183085,0.001256438010617462,0.8646135386461354,0.08008065459218922,0.0012297203649815857,0.07764875204876932,0.08252173878276875,-1.100192136684009,0.9831054243654386,,,,,,0,grid_uncalibrated,True
prose,end,6,depth,9,precision,300,567,65515,,0.030191559184919486,0.027032370022883934,0.033419608114671685,0.029542046859497836,0.026711139272455896,0.0324436580495539,,,,0.0006495123254216494,-0.0005807311429685652,0.0019096171874996301,0.1262873712628737,0.029542046859497663,0.0005589189702775323,0.028466763336640465,0.030649469587117454,1.1620867423757442,1.0219860298953187,,,,,,0,grid_uncalibrated,True
prose,end,6,depth,9,recall,300,567,65515,,0.9929453262786596,0.9851970638401559,0.9983633387888707,0.9897333333333331,0.9878305147365076,0.9914484725978899,,,,0.0032119929453264806,-0.004321963593211261,0.009021913010601443,0.3020697930206979,0.989733333333369,0.004160832543394561,0.9805996472663139,0.9964726631393298,0.7719591960964038,1.0032453114764488,,,,,0.0,0,grid_uncalibrated,True
prose,end,6,depth,9,f1,300,567,65515,,0.05860128397608923,0.05262916500751263,0.06466712332121975,0.05737163690975996,0.05201932791953065,0.06282637092211066,,,,0.0012296470663292688,-0.0010928680625776682,0.0035993025865873967,0.12418758124187582,0.057371083982122345,0.00105544578010316,0.05533575333980532,0.05946354572595217,1.1655738429752798,1.0214428577704795,,,,,,0,grid_uncalibrated,True
prose,end,6,depth,10,precision,300,454,65515,,0.02376554987407464,0.020929163714690776,0.026737940864009574,0.023718849118522477,0.021237907393237304,0.026282816678649037,,,,4.6700755552162715e-05,-0.0012287176150673246,0.00137651132001003,0.46305369463053697,0.023718849118522563,0.000505584643246072,0.02274288330916584,0.024727161718690376,0.0923698062746466,1.0019689300825143,,,,,,0,grid_uncalibrated,True
prose,end,6,depth,10,recall,300,454,65515,,0.9911894273127754,0.9817069682424513,0.9979591836734694,0.9895929515418498,0.9875655198581461,0.9914462083878945,,,,0.0015964757709255872,-0.007558297452363473,0.008946328801345422,0.48985101489851013,0.9895929515419167,0.0047213307839759295,0.9801762114537445,0.9977973568281938,0.33814105469522215,1.001613265098919,,,,,0.0,0,grid_uncalibrated,True
prose,end,6,depth,10,f1,300,454,65515,,0.04641814129479485,0.04099170214499605,0.05207031020878027,0.04632731187197824,0.04158323305679645,0.05120646478610115,,,,9.082942281660872e-05,-0.0023456481020625226,0.002624027601329652,0.4567543245675432,0.046326855687493125,0.0009655560516973877,0.04446322676134268,0.04824800181349552,0.09454200731407753,1.0019704684452904,,,,,,0,grid_uncalibrated,True
prose,end,6,depth,11,precision,300,307,65515,,0.016225291917881402,0.01386368239429997,0.0186862250430113,0.015826981607265502,0.01383723312721046,0.017843168896256742,,,,0.0003983103106159,-0.0005805617641155751,0.0014049804555450298,0.16868313168683133,0.015826981607265592,0.00041006955145393085,0.01503472487216668,0.016637411279859574,0.9713237893512751,1.0251665365196962,,,,,,0,grid_uncalibrated,True
prose,end,6,depth,11,recall,300,307,65515,,0.990228013029316,0.9781928632115549,1.0,0.9898169381107492,0.9876479094501429,0.991817088137604,,,,0.00041107491856673395,-0.011074139570226784,0.009607603071346374,0.6177382261773823,0.9898169381108771,0.005719726777863962,0.9771986970684039,1.0,0.07186967741706582,1.000415303984617,,,,,0.0,0,grid_uncalibrated,True
prose,end,6,depth,11,f1,300,307,65515,,0.03192743964908982,0.027345290702427714,0.03667865584038281,0.031155788180833276,0.02729279696789677,0.03505488803155588,,,,0.0007716514682565428,-0.0011271017259901293,0.0027179709631492033,0.1653834616538346,0.03115547811288179,0.0007951081980784481,0.029615278767338406,0.032726763518001564,0.9708886640505537,1.0247777143207712,,,,,,0,grid_uncalibrated,True
prose,end,6,depth,12,precision,300,189,65515,,0.009967183087842479,0.008071814301417965,0.011983895941901324,0.0099605830725788,0.008326023062697101,0.011693687984598121,,,,6.600015263679912e-06,-0.0008160182794257667,0.0009283719878588305,0.5005499450054994,0.009960583072578681,0.0003318860789990556,0.009310844844692055,0.010608257650919637,0.019886387774091165,1.000662613344591,,,,,,0,grid_uncalibrated,True
prose,end,6,depth,12,recall,300,189,65515,,0.9841269841269841,0.9644670050761421,1.0,0.9893439153439152,0.9866969083333335,0.9916100337837838,,,,-0.00521693121693112,-0.023897355420594867,0.00972076768933115,0.8576142385761424,0.9893439153440015,0.007480373581910639,0.9735449735449735,1.0,-0.697415865650506,0.9947268779479951,,,,,0.0,0,grid_uncalibrated,True
prose,end,6,depth,12,f1,300,189,65515,,0.019734496300208453,0.016009883782443623,0.023682596957090588,0.01972260161291951,0.016513418242532534,0.0231140439850223,,,,1.1894687288942912e-05,-0.0016023592585266131,0.001815597652015071,0.49845015498450157,0.01972239577202532,0.0006509253621594788,0.01844716073710601,0.020993807581936263,0.018589732228268863,1.000613542508882,,,,,,0,grid_uncalibrated,True
prose,end,6,depth,13,precision,300,108,65515,,0.005723880027474624,0.004214398263598935,0.007368809688177382,0.005726006258108831,0.0043926602331485565,0.007156169364276243,,,,-2.126230634206909e-06,-0.0006338595445354625,0.0006479049838008095,0.5105489451054894,0.005726006258108809,0.0002507015066705193,0.005235442265130123,0.006227581469892391,-0.00848112427572919,0.9996286712695827,,,,,,0,grid_uncalibrated,True
prose,end,6,depth,13,recall,300,108,65515,,0.9814814814814815,0.9508196721311475,1.0,0.9906175925925923,0.9883346022727273,0.9926300348837208,,,,-0.00913611111111079,-0.03917726810153241,0.00990812170667443,0.9167083291670833,0.9906175925926651,0.009248247490377373,0.9722222222222222,1.0,-0.987874850958473,0.9907773583070816,,,,,0.0,0,grid_uncalibrated,True
prose,end,6,depth,13,f1,300,108,65515,,0.01138138520763512,0.008392498128229712,0.014629598850734877,0.011386197575055351,0.008746453591574771,0.014209784232527006,,,,-4.812367420231264e-06,-0.0012551488325447438,0.0012802261646215022,0.5085491450854914,0.01138607865769572,0.0004957812097194996,0.010415843343173246,0.012377361529047575,-0.009466776813214426,0.9995877904762737,,,,,,0,grid_uncalibrated,True
prose,end,6,depth,14,precision,300,69,65515,,0.0036632832175837594,0.0025427830400984253,0.004941367690325406,0.003655536899946578,0.002692405654301399,0.004713255179939013,,,,7.74631763718163e-06,-0.0004322022811664163,0.0004982534672341494,0.4931506849315068,0.0036555368999466303,0.00020051747358813978,0.003266427535678852,0.004060138899488666,0.03863163393450681,1.0021190642713091,,,,,,0,grid_uncalibrated,True
prose,end,6,depth,14,recall,300,69,65515,,1.0,1.0,1.0,0.9903333333333333,0.9864583949931648,0.9935414345238095,,,,0.009666666666666712,0.006458565476190473,0.013541605006835185,0.5069493050694931,0.9903333333333362,0.011597599479866712,0.9565217391304348,1.0,0.8335058201867583,1.0097610232245007,,,,,0.0,0,grid_uncalibrated,True
prose,end,6,depth,14,f1,300,69,65515,,0.007299825108356779,0.005072667387595024,0.009834141272651038,0.0072841862754408244,0.005370207596027844,0.009381805860594391,,,,1.56388329159542e-05,-0.0008593578085441595,0.000988463136022245,0.4791520847915208,0.007284109237826298,0.00039814966033967545,0.006511585449345038,0.008086960759373126,0.039472269088645595,1.0021575555798736,,,,,,0,grid_uncalibrated,True
prose,end,6,depth,15,precision,300,41,65515,,0.0021063878501106615,0.0013131686666866301,0.0029696904237055937,0.002151484392887125,0.0013951217326583524,0.0029774516713073867,,,,-4.509654277646364e-05,-0.00034187149564670585,0.00027143206058340564,0.6294370562943705,0.0021514843928871234,0.0001554191929927843,0.0018469052888651454,0.002457452491795772,-0.2901607060754435,0.9790393353883707,,,,,,0,grid_uncalibrated,True
prose,end,6,depth,15,recall,300,41,65515,,0.9512195121951219,0.8695652173913043,1.0,0.9892073170731709,0.9843372291666665,0.9928831133004926,,,,-0.03798780487804898,-0.11572783333333331,0.009642155572755419,0.9902009799020098,0.9892073170731326,0.0162508983655831,0.9512195121951219,1.0,-2.3375818384578047,0.9615977316156445,,,,,0.0,0,grid_uncalibrated,True
prose,end,6,depth,15,f1,300,41,65515,,0.004203467509234625,0.0026227445558552496,0.005921187620390415,0.00429363032005227,0.0027863065415367023,0.00593700434793879,,,,-9.01628108176452e-05,-0.000680192089495297,0.0005403001176276404,0.6293370662933707,0.004293584101585272,0.0003095197658336791,0.0036870010360168202,0.00490285644679944,-0.2911497173950159,0.9790113363990298,,,,,,0,grid_uncalibrated,True
prose,end,6,depth,16,precision,300,31,65515,,0.001679004808059223,0.0008623732044953475,0.0026787900251005105,0.0015810715103411438,0.0008985895180967391,0.0024033561004952013,,,,9.793329771807927e-05,-0.00019739681271106172,0.0004406512006401913,0.24587541245875413,0.0015810715103411685,0.00013182007784662595,0.0013279401663741127,0.0018469052888651454,0.7429315724726014,1.0619410931621442,,,,,,0,grid_uncalibrated,True
prose,end,6,depth,16,recall,300,31,65515,,1.0,1.0,1.0,0.9868935483870969,0.9767890948761261,0.9952243094405594,,,,0.013106451612903136,0.004775690559440635,0.02321090512387395,0.6536346365363463,0.9868935483870606,0.01964983300936919,0.9354838709677419,1.0,0.6670006613638998,1.0132805120008739,,,,,0.0,0,grid_uncalibrated,True
prose,end,6,depth,16,f1,300,31,65515,,0.003352380952380952,0.0017232603154331784,0.005343266560886615,0.0031570851525883716,0.0017955539223849628,0.004795010766641184,,,,0.00019529579979258053,-0.0003933198820475541,0.0008782310650751142,0.23507649235076492,0.003157051341223755,0.0002628141097559491,0.0026522409149316592,0.0036867744836611397,0.7432234568325932,1.061870901054616,,,,,,0,grid_uncalibrated,True
prose,end,6,depth,17,precision,300,17,65515,,0.0009005571243226742,0.0004249011341423794,0.001471737811946995,0.0009089353583148896,0.0004702417685462927,0.0014077323420268908,,,,-8.378233992215435e-06,-0.00019459488374182435,0.00020681550964872137,0.5521447855214479,0.0009089353583148942,9.989736620946452e-05,0.0007173929634434862,0.0011142486453483934,-0.08386841725789378,0.9907823654173245,,,,,,0,grid_uncalibrated,True
prose,end,6,depth,17,recall,300,17,65515,,1.0,1.0,1.0,0.9922823529411765,0.9895466111111112,0.9948540000000001,,,,0.007717647058823496,0.005145999999999843,0.010453388888888759,0.8766123387661234,0.9922823529411647,0.021192766601888666,0.9411764705882353,1.0,0.3641642077135639,1.0077776723892748,,,,,0.0,0,grid_uncalibrated,True
prose,end,6,depth,17,f1,300,17,65515,,0.0017994937017720438,0.0008494413396911705,0.002939149965754302,0.0018162070623159974,0.0009400380242329717,0.002811477010583852,,,,-1.6713360543953648e-05,-0.0003887178582957854,0.0004125014575049234,0.545945405459454,0.001816187761344552,0.0001994338916186841,0.0014337573594460206,0.002226016954320912,-0.08370723469823829,0.9908081862856793,,,,,,0,grid_uncalibrated,True
prose,end,6,depth,18,precision,300,11,65515,,0.0005037014424177669,0.00020036553466568725,0.0008701147560543033,0.0005894619552774173,0.000267960174335353,0.000957575957504574,,,,-8.576051285965041e-05,-0.00025357999762841773,6.93590413336307e-05,0.8795120487951205,0.0005894619552774026,8.040107607903511e-05,0.00044264672212470426,0.0007479203235900175,-1.0666587692847826,0.8545105208371309,,,,,,0,grid_uncalibrated,True
prose,end,6,depth,18,recall,300,11,65515,,0.9090909090909091,0.7,1.0,0.9937090909090909,0.9915582211538462,0.9960455681818182,,,,-0.08461818181818181,-0.2944202500000001,0.008099999999999889,0.9977002299770023,0.9937090909090853,0.023883024474879562,0.9090909090909091,1.0,-3.5430262154267202,0.9148461228821363,,,,,0.0,0,grid_uncalibrated,True
prose,end,6,depth,18,f1,300,11,65515,,0.0010068450206174402,0.00040065079271239075,0.0017386254924128947,0.0011782249949309135,0.0005357758216312707,0.0019133083573608016,,,,-0.00017137997431347337,-0.0005068429068127086,0.00013846743345963434,0.8792120787921208,0.0011782123176385562,0.00016061156251105841,0.0008849017453924082,0.001494722713684339,-1.0669673735931497,0.8545531272626816,,,,,,0,grid_uncalibrated,True
prose,end,6,depth,19,precision,300,5,65515,,0.0002442188811722506,4.636984045938429e-05,0.0004888820375435191,0.0002788155384263145,5.7051100131561984e-05,0.0005446771266891677,,,,-3.459665725406391e-05,-0.00010940683617878675,4.0762611370571383e-05,0.7629237076292371,0.0002788155384263033,5.739496542208699e-05,0.0001679004808059223,0.00039685568190490726,-0.6027820907221776,0.8759156055314424,,,,,,0,grid_uncalibrated,True
prose,end,6,depth,19,recall,300,5,65515,,1.0,1.0,1.0,0.99138,0.9828666666666667,0.9981333333333332,,,,0.008619999999999961,0.0018666666666667941,0.017133333333333334,0.9578042195780422,0.9913799999999996,0.0414953947659113,0.8,1.0,0.20773389549921295,1.0086949504730784,,,,,0.0,0,grid_uncalibrated,True
prose,end,6,depth,19,f1,300,5,65515,,0.0004883185057453724,9.581375046247032e-05,0.0009777501676561402,0.0005574742928796541,0.00011951094958793846,0.0010897283186586306,,,,-6.915578713428169e-05,-0.0002187020377272919,8.186773895260267e-05,0.7571242875712428,0.0005574679471324014,0.00011472552333740939,0.00033574458993376673,0.0007933964999008254,-0.6027380775911525,0.8759579958942362,,,,,,0,grid_uncalibrated,True
prose,end,6,depth,20,precision,300,2,65515,,9.158208043959398e-05,0.0,0.00028244797716269225,8.534686712966497e-05,0.0,0.00026321797738419896,,,,6.235213309929016e-06,0.0,1.9229999778493285e-05,0.48165183481651835,8.534686712966615e-05,2.8441175750537314e-05,4.579104021979699e-05,0.00015263680073265663,0.21923191096662173,1.073057319145116,,,,,,0,grid_uncalibrated,True
prose,end,6,depth,20,recall,300,2,65515,,1.0,1.0,1.0,0.9981,0.9981,0.9981,,,,0.0019000000000000128,0.0019000000000000128,0.0019000000000000128,0.9962003799620038,0.9981,0.030764990630015594,1.0,1.0,0.06175851060218736,1.001903616872057,,,,,0.0,0,grid_uncalibrated,True
prose,end,6,depth,20,f1,300,2,65515,,0.00018314738786038065,0.0001753694362594327,0.0007135315706429627,0.00017067913959962726,0.00016343065071124633,0.0006649676939473041,,,,1.2468248260753389e-05,1.1938785548186365e-05,4.85638766956586e-05,0.48155184481551844,0.00017067752944164874,5.687181696234823e-05,9.157788699288744e-05,0.00030522701259061424,0.21926252904821963,1.07306092641208,,,,,,0,grid_uncalibrated,True
prose,end,6,depth,21,precision,300,1,65515,,4.579104021979699e-05,0.0,0.00014207056808493592,6.45043119896207e-05,0.0,0.00020013007357564639,,,,-1.8713271769823702e-05,-5.805950549071046e-05,0.0,0.8106189381061893,6.45043119896195e-05,2.8801395628329316e-05,1.5263680073265663e-05,0.0001221094405861253,-0.6497348951873695,0.7098911500236762,,,,,,0,grid_uncalibrated,True
prose,end,6,depth,21,recall,300,1,65515,,1.0,1.0,1.0,0.9974,0.9974,0.9974,,,,0.0026000000000000467,0.0026000000000000467,0.0026000000000000467,0.9974002599740026,0.9974,0.05092641112365453,1.0,1.0,0.051054059036027125,1.0026067776218168,,,,,0.0,0,grid_uncalibrated,True
prose,end,6,depth,21,f1,300,1,65515,,9.157788699288744e-05,8.766985582144356e-05,0.0003591020210111753,0.00012900028121366473,0.00012349537140815062,0.0005058175983008696,,,,-3.742239422077729e-05,-0.00014671557728969425,-3.5825515586707067e-05,0.8106189381061893,0.0001289986443684066,5.759470629111148e-05,3.0526894193784724e-05,0.00024418906338232377,-0.6497256394776382,0.70991356103984,,,,,,0,grid_uncalibrated,True
prose,end,6,depth,22,precision,300,2,65515,,0.00013737312065939097,0.0,0.0004012250462388838,9.470808211859879e-05,0.0,0.00023999469907353373,,,,4.266503854079218e-05,-8.952880890399838e-05,0.0002208517338130925,0.1334866513348665,9.470808211860043e-05,3.081095633562469e-05,4.579104021979699e-05,0.0001679004808059223,1.3847359386069997,1.4504899432697016,,,,,,0,grid_uncalibrated,True
prose,end,6,depth,22,recall,300,2,65515,,1.0,1.0,1.0,0.9953,0.9922999999999998,0.9983,,,,0.0047000000000000375,0.0017000000000000348,0.007700000000000151,0.9907009299070093,0.9953,0.04876625692814706,1.0,1.0,0.09637811667450895,1.0047221943132725,,,,,0.0,0,grid_uncalibrated,True
prose,end,6,depth,22,f1,300,2,65515,,0.00027470850375434957,2.986055122577563e-05,0.0008181739452857923,0.00018939814199788737,8.98775550991017e-05,0.0004852109515484535,,,,8.53103617564622e-05,-0.00018161433548710164,0.00044549559495956075,0.1334866513348665,0.00018939627882990178,6.16095113980594e-05,9.157788699288744e-05,0.00033574458993376673,1.3847249067314464,1.4504429836294055,,,,,,0,grid_uncalibrated,True
prose,end,6,category,clause_level,precision,300,2524,65515,,0.1294512707013661,0.12486615647210571,0.1340811356847863,0.11619617644814159,0.11234940274093677,0.1200264018073781,,,,0.01325509425322452,0.011206511310982919,0.015305102946900472,9.999000099990002e-05,0.11619617644814184,0.001078136226704182,0.11408074486758757,0.1183393116080287,12.294452152623185,1.1140751327487957,,,,,,0,grid_uncalibrated,True
prose,end,6,category,clause_level,recall,300,2524,65515,,0.9976228209191759,0.9955787781350482,0.9992283950617284,0.9739820919175909,0.9719129308054774,0.9759412035981927,,,,0.02364072900158498,0.020932771652022508,0.02632826763392846,9.999000099990002e-05,0.9739820919175786,0.003170933167994504,0.9675118858954042,0.9798038827258319,7.455448522287582,1.0242722419619168,,,,,0.0,0,grid_uncalibrated,True
prose,end,6,category,clause_level,f1,300,2524,65515,,0.22916601988957466,0.22192922222858089,0.23641272582129527,0.20762291506588576,0.20142462749476678,0.21373300579175158,,,,0.021543104823688902,0.018323270373460234,0.02474598198369441,9.999000099990002e-05,0.20762129621589512,0.001740160422752035,0.20419055160543534,0.21107363877762714,12.38088361968773,1.1037693341981463,,,,,,0,grid_uncalibrated,True
prose,end,6,category,phrase_level,precision,300,13781,65515,,0.6402350606731283,0.632885688731142,0.6476328244827063,0.6282754773715944,0.6216861832913531,0.6348679195046758,,,,0.011959583301533905,0.008362166603367003,0.015541525250939709,9.999000099990002e-05,0.6282754773715924,0.0016267413256585747,0.625108753720522,0.6314737083110737,7.35186542131654,1.019035572344108,,,,,,0,grid_uncalibrated,True
prose,end,6,category,phrase_level,recall,300,13781,65515,,0.9936143966330455,0.9918711414635034,0.9952124679448494,0.98830094332777,0.986805018759184,0.9897474351805211,,,,0.005313453305275551,0.003883868925591699,0.006737819160348528,9.999000099990002e-05,0.9883009433277411,0.0008072903239907986,0.9867208475437196,0.9898410855525723,6.581836976612863,1.0053763515467398,,,,,0.0,0,grid_uncalibrated,True
prose,end,6,category,phrase_level,f1,300,13781,65515,,0.7787091652408481,0.7731446345066543,0.7842248580512539,0.7681978272173815,0.7631898083997575,0.7732384576151452,,,,0.010511338023466599,0.007748001639677246,0.013247047270063999,9.999000099990002e-05,0.7681966153626884,0.0012809039522468937,0.7657092347554768,0.7706940674279545,8.207133610384442,1.0136847125695763,,,,,,0,grid_uncalibrated,True
prose,end,6,category,structural_other,precision,300,18,65515,,0.0012974128062275814,0.0006312379628540381,0.0021152765562989914,0.0009958620163321378,0.0005501720891019899,0.0015101760890756856,,,,0.0003015507898954436,-5.70285155226516e-05,0.0007313274320034502,0.0040995900409959,0.0009958620163321439,0.00010578073397710513,0.0007937113638098145,0.0012058307257879874,2.8507156129272486,1.302803787020694,,,,,,0,grid_uncalibrated,True
prose,end,6,category,structural_other,recall,300,18,65515,,0.9444444444444444,0.8125,1.0,0.9917277777777778,0.9856388437500001,0.9960077173913042,,,,-0.047283333333333344,-0.1776388920454545,0.013014383116883048,0.9919008099190081,0.9917277777777884,0.021063042081269894,0.9444444444444444,1.0,-2.244848258428456,0.952322265854755,,,,,0.0,0,grid_uncalibrated,True
prose,end,6,category,structural_other,f1,300,18,65515,,0.002591265909610548,0.0012616795056812262,0.00422021699741155,0.0019897260120353344,0.0010997353227559356,0.0030157481679827015,,,,0.0006015398975752137,-0.00011401268629121173,0.0014583659356170735,0.0040995900409959,0.00198970419409135,0.00021114173206071473,0.001586163771409398,0.0024087568984968136,2.8490896122146827,1.302337260636834,,,,,,0,grid_uncalibrated,True
prose,start,7,all,all,precision,300,25185,65515,,0.853606044417309,0.8474007088820172,0.8597685025084804,0.8476781759902312,0.8417843091473607,0.8535302468083954,,,,0.00592786842707782,0.002846530639787572,0.009113599880066658,9.999000099990002e-05,0.8476781759902311,0.001208332695039762,0.8453178661375258,0.8500194611920934,4.905824738014613,1.0069930648151384,,,,,,0,grid_uncalibrated,True
prose,start,7,all,all,recall,300,25185,65515,,0.9972205677982926,0.9963537572166602,0.9980076976853547,0.9940179868969625,0.9928822343272352,0.9950628972797909,,,,0.0032025809013300766,0.0022698058432626704,0.0042076369743943905,9.999000099990002e-05,0.9940179868969626,0.00041177754355353963,0.993210244192972,0.9948381973396864,7.777453995408479,1.0032218540746205,,,,,0.0,0,grid_uncalibrated,True
prose,start,7,all,all,f1,300,25185,65515,,0.9198414358986144,0.9161328041473652,0.9234582181951886,0.9150340550347441,0.911431109277775,0.9185724940633327,,,,0.004807380863870336,0.0028342855958686883,0.00684979851393683,9.999000099990002e-05,0.9150335817961189,0.0007425171607558672,0.9135884739668457,0.9164800871961493,6.475074727702206,1.0052542925179404,,,,,,0,grid_uncalibrated,True
prose,start,7,depth,1,precision,300,1478,65515,,0.10229718385102649,0.09870106899191008,0.10578267558461364,0.08972894451652295,0.08697021156720981,0.09250269757454428,,,,0.012568239334503531,0.010569024821069247,0.014472126932635656,9.999000099990002e-05,0.08972894451652366,0.0009566822220468531,0.08787300618179043,0.09159734411966725,13.137318792872163,1.140068953248284,,,,,,0,grid_uncalibrated,True
prose,start,7,depth,1,recall,300,1478,65515,,1.0,1.0,1.0,0.9934961434370777,0.9922195855146487,0.9946830226847778,,,,0.006503856562922294,0.005316977315222215,0.007780414485351224,9.999000099990002e-05,0.9934961434370738,0.0020515094377453517,0.9891745602165088,0.9972936400541272,3.17027864618261,1.006546433628243,,,,,0.0,0,grid_uncalibrated,True
prose,start,7,depth,1,f1,300,1478,65515,,0.18560726698699753,0.1796686501493783,0.19132633910851152,0.16459249573005377,0.15994002629038284,0.16923908139240437,,,,0.02101477125694376,0.0177202768022555,0.02410903336605546,9.999000099990002e-05,0.16459110914890662,0.0016142110958760507,0.16144538842965442,0.16774264553243357,13.019460646617103,1.1276870782800148,,,,,,0,grid_uncalibrated,True
prose,start,7,depth,2,precision,300,2411,65515,,0.14824086087155613,0.14330464503744347,0.15335013033914024,0.1353891612607799,0.13149044149607456,0.13935627311532625,,,,0.01285169961077623,0.01030463103038555,0.015406604927846334,9.999000099990002e-05,0.13538916126078074,0.0011342296412205934,0.13316034495916965,0.13760207586048998,11.330773895967953,1.094924139355742,,,,,,0,grid_uncalibrated,True
prose,start,7,depth,2,recall,300,2411,65515,,0.9995852343425964,0.9986990459670425,1.0,0.994054790543343,0.9928928854999673,0.9951505036182333,,,,0.005530443799253382,0.004192026066366927,0.006848097820757348,0.00019998000199980003,0.9940547905433463,0.0015366148673755843,0.9908751555371216,0.9966818747407714,3.5991086098858385,1.0055635200915103,,,,,0.0,0,grid_uncalibrated,True
prose,start,7,depth,2,f1,300,2411,65515,,0.2581913345083804,0.25068496950285585,0.26590382393584266,0.2383194741517623,0.23225831291716995,0.24444316520861795,,,,0.019871860356618087,0.01599192680703767,0.023692002883165687,9.999000099990002e-05,0.2383177683681436,0.0017657888837017263,0.2348282023593561,0.2417697261098238,11.254780412126426,1.0833910382608858,,,,,,0,grid_uncalibrated,True
prose,start,7,depth,3,precision,300,3547,65515,,0.21001297412806227,0.20369970625388945,0.21639582888343575,0.2039173441196672,0.19833843824298175,0.20949348198766607,,,,0.006095630008395081,0.003117150928347918,0.009147651007020611,9.999000099990002e-05,0.20391734411966886,0.0013238292289207817,0.20132794016637412,0.20654811875143098,4.604544056911875,1.0298926510381392,,,,,,0,grid_uncalibrated,True
prose,start,7,depth,3,recall,300,3547,65515,,0.9974626444883,0.995478852962273,0.9991391925350137,0.992422836199605,0.9911987833492385,0.9935480993337491,,,,0.005039808288694991,0.003107256060965852,0.006854652353955619,9.999000099990002e-05,0.9924228361995973,0.0014023761961589494,0.989568649563011,0.9952072173667889,3.59376342988892,1.0050782873034263,,,,,0.0,0,grid_uncalibrated,True
prose,start,7,depth,3,f1,300,3547,65515,,0.34697196915772377,0.338296964447313,0.3556402061331026,0.33831887005169897,0.33060897220019136,0.3459554973156698,,,,0.008653099106024797,0.004549634496543798,0.012825585104547168,9.999000099990002e-05,0.33831691741323877,0.0018384228143600721,0.33471410203670343,0.3419295972456258,4.7078678946321135,1.0255826749979318,,,,,,0,grid_uncalibrated,True
prose,start,7,depth,4,precision,300,3827,65515,,0.22059070441883538,0.21381284604251702,0.22748206727044046,0.22459715790277046,0.21842954487323626,0.2308200431868558,,,,-0.00400645348393508,-0.006990063194915931,-0.0010769317082232745,0.998000199980002,0.22459715790277013,0.001393360819363289,0.22185758986491644,0.22730672365107227,-2.875388361907247,0.9821616020374169,,,,,,0,grid_uncalibrated,True
prose,start,7,depth,4,recall,300,3827,65515,,0.9973869871962373,0.995658835546476,0.9989235809750853,0.9938885811340467,0.9927305677631578,0.9949491187554353,,,,0.003498406062190651,0.0016711547910050945,0.005183783136002057,0.0006999300069993001,0.9938885811340314,0.0011764180746814633,0.991377057747583,0.9960804807943558,2.9737778919735813,1.0035199177539742,,,,,0.0,0,grid_uncalibrated,True
prose,start,7,depth,4,f1,300,3827,65515,,0.3612780424443617,0.3521184276226432,0.37047560592765133,0.36639665683929545,0.3581280528464705,0.3746321650544865,,,,-0.005118614394933774,-0.009146554788750809,-0.0011772595180831512,0.9965003499650035,0.3663945841141378,0.0018681131878453686,0.3627122687733111,0.3700193480010915,-2.7388820458343743,0.9860354331324335,,,,,,0,grid_uncalibrated,True
prose,start,7,depth,5,precision,300,3346,65515,,0.19136075707853165,0.18530336716990156,0.19745611597040605,0.19917562237655492,0.19373524684408663,0.2048187781434376,,,,-0.007814865298023277,-0.0105421295496011,-0.005127723334771046,1.0,0.19917562237655523,0.0013235111094347047,0.19659619934366176,0.2017404411203541,-5.904646543814393,0.9607639468887963,,,,,,0,grid_uncalibrated,True
prose,start,7,depth,5,recall,300,3346,65515,,0.9982068141063957,0.9966887417218543,0.9994146955307105,0.9941965331739399,0.9929964477272731,0.9952924990020021,,,,0.004010280932455812,0.002369822769720669,0.0056141134447548645,0.00029997000299970003,0.9941965331739886,0.0012372641676308628,0.9916317991631799,0.9964136282127914,3.241248746487208,1.0040336903203677,,,,,0.0,0,grid_uncalibrated,True
prose,start,7,depth,5,f1,300,3346,65515,,0.32115470578619837,0.3125864365944535,0.3297004632836947,0.33186581794878145,0.32427154203738157,0.33967756011275846,,,,-0.01071111216258308,-0.014571545265435287,-0.0068905069577993115,1.0,0.3318638204337471,0.0018485346854775926,0.3282530376506359,0.3354552008412246,-5.793299271948429,0.9677303942516183,,,,,,0,grid_uncalibrated,True
prose,start,7,depth,6,precision,300,2807,65515,,0.1613218346943448,0.15575641997059703,0.1668872181320568,0.16734741967488345,0.16228104910268706,0.17239086075947915,,,,-0.006025584980538651,-0.008484171676133202,-0.0035239920479607873,1.0,0.16734741967488256,0.0012385552691672793,0.1649698542318553,0.16983896817522703,-4.865010977337295,0.963993559074624,,,,,,0,grid_uncalibrated,True
prose,start,7,depth,6,recall,300,2807,65515,,0.9982187388671179,0.9965156794425087,0.9996419620479771,0.9944678660491632,0.9933960906800592,0.9954656538488459,,,,0.00375087281795472,0.0020759052079092548,0.0053026682009648775,0.0012998700129987,0.9944678660491433,0.0013345714182913782,0.9918061987887424,0.9967937299608123,2.8105448435099496,1.0037717385810325,,,,,0.0,0,grid_uncalibrated,True
prose,start,7,depth,6,f1,300,2807,65515,,0.2777556595293778,0.2694357135486065,0.2859703668897771,0.28648552550107076,0.2790353934625958,0.2938555745765005,,,,-0.008729865971692952,-0.012388170031209518,-0.005030699111236736,1.0,0.2864836411262544,0.0018245786691560054,0.28297467793862713,0.2901579908806871,-4.783560031924465,0.9695341012751575,,,,,,0,grid_uncalibrated,True
prose,start,7,depth,7,precision,300,2256,65515,,0.1285659772571167,0.12345350073490119,0.1338947895067121,0.13422960390750205,0.12960013339430532,0.1389892572638937,,,,-0.005663626650385362,-0.007752199604407733,-0.0035282583753310573,1.0,0.13422960390750271,0.001132099490891709,0.13203083263374799,0.13644203617492176,-5.002764064424248,0.9578064265593094,,,,,,0,grid_uncalibrated,True
prose,start,7,depth,7,recall,300,2256,65515,,0.9960106382978723,0.9932674667077719,0.9982825431165543,0.9944855496453893,0.9932991238747971,0.9955628971879863,,,,0.0015250886524830198,-0.0010995050692564285,0.003954321953557135,0.19588041195880412,0.9944855496454187,0.0015013984881879633,0.9915780141843972,0.9973404255319149,1.0157787319302733,1.0015335453119427,,,,,0.0,0,grid_uncalibrated,True
prose,start,7,depth,7,f1,300,2256,65515,,0.22773562832454086,0.2196881505588632,0.23609009634312197,0.2365333733678446,0.22932347098630812,0.24389421480495144,,,,-0.008797745043303745,-0.012096348241230204,-0.005438637154109613,1.0,0.23653165923354919,0.0017652102459543206,0.2331043060021043,0.24000385291906004,-4.982993345505396,0.9628124584357513,,,,,,0,grid_uncalibrated,True
prose,start,7,depth,8,precision,300,1684,65515,,0.09390215981073037,0.08890589374378262,0.09908368643567321,0.10007367320460973,0.0953548279012391,0.10487575550818255,,,,-0.006171513393879363,-0.00818312651724837,-0.00412547526052675,1.0,0.10007367320460922,0.0009996970456738535,0.09811493551095168,0.10205296496985423,-6.173383647161719,0.9383303001053968,,,,,,0,grid_uncalibrated,True
prose,start,7,depth,8,recall,300,1684,65515,,0.9946555819477435,0.9909145886150943,0.9977299167869947,0.9946756532066511,0.9934720817331874,0.9957720661769238,,,,-2.0071258907572442e-05,-0.0036451196875449563,0.0032057650937097446,0.5933406659334066,0.9946756532066409,0.0017340593037954099,0.9910926365795725,0.997624703087886,-0.01157472460914547,0.9999798213027205,,,,,0.0,0,grid_uncalibrated,True
prose,start,7,depth,8,f1,300,1684,65515,,0.17160377227543602,0.16319612578411916,0.18023074913119597,0.18185139531419992,0.17403085622810363,0.1897458555417369,,,,-0.010247623038763892,-0.013625278563196523,-0.006839747074135281,1.0,0.1818499240159148,0.0016553560814634863,0.1786077227377411,0.18511175156048096,-6.189696498061151,0.9436560020801434,,,,,,0,grid_uncalibrated,True
prose,start,7,depth,9,precision,300,1195,65515,,0.06662596351980463,0.062331141130714154,0.07093295022019035,0.07079960009158212,0.06649057187045897,0.07517731770560865,,,,-0.004173636571777495,-0.0059113781198398925,-0.002492560580925357,1.0,0.07079960009158133,0.0008597098010818923,0.06914447073189346,0.0725024803480119,-4.85470395536312,0.9410499979325027,,,,,,0,grid_uncalibrated,True
prose,start,7,depth,9,recall,300,1195,65515,,0.99581589958159,0.9916803592679977,0.9991532599491956,0.9943538912133895,0.9929752902805311,0.9955806869488781,,,,0.0014620083682005403,-0.0027095514196298714,0.004878061637377597,0.3267673232676732,0.9943538912133912,0.0021293394835894684,0.9899581589958159,0.998326359832636,0.6866018215818871,1.001470309897832,,,,,0.0,0,grid_uncalibrated,True
prose,start,7,depth,9,f1,300,1195,65515,,0.12489566931086292,0.11732575436548599,0.13243473204386755,0.13218725455458297,0.1246417284064123,0.13978452220051496,,,,-0.007291585243720047,-0.010325945989436225,-0.004331098326716458,1.0,0.1321860815715776,0.001501753458495536,0.12928906714027608,0.13516405604555765,-4.8545999474629165,0.9448473532611148,,,,,,0,grid_uncalibrated,True
prose,start,7,depth,10,precision,300,871,65515,,0.04977486071891933,0.04555735285473466,0.05400380659945481,0.05162388765931468,0.04759011280656194,0.05569852112814508,,,,-0.0018490269403953485,-0.0033122531282807626,-0.00033981426184212694,0.9945005499450055,0.05162388765931581,0.0007279101803129009,0.05017171640082424,0.05304128825459818,-2.5401855756456837,0.9641827257838685,,,,,,0,grid_uncalibrated,True
prose,start,7,depth,10,recall,300,871,65515,,0.9965556831228473,0.9922133538626189,1.0,0.9945326061997709,0.9928898155172933,0.9959102786610824,,,,0.00202307692307635,-0.001832515599749833,0.005025166265643801,0.29217078292170784,0.9945326061997827,0.0024477973132672167,0.9896670493685419,0.9988518943742825,0.8264887423886678,1.0020341986883616,,,,,0.0,0,grid_uncalibrated,True
prose,start,7,depth,10,f1,300,871,65515,,0.09481405396799467,0.08713275535549565,0.1024557512357629,0.09815288599240486,0.0908253014420887,0.10549183886330055,,,,-0.003338832024410196,-0.005975985589358551,-0.0006037161053777456,0.994000599940006,0.09815198986855608,0.0013175404965283168,0.09552849214378498,0.1007019250702525,-2.5334598134606012,0.9659921729041709,,,,,,0,grid_uncalibrated,True
prose,start,7,depth,11,precision,300,650,65515,,0.0360070212928337,0.03233763637968674,0.039662341353766874,0.038441987331145545,0.03485212709136789,0.042021528931359825,,,,-0.0024349660383118435,-0.003833952529894109,-0.0009705735008138332,1.0,0.038441987331145136,0.0006300717122747437,0.037228115698694955,0.03967030451041746,-3.8645855556988784,0.9366586847517464,,,,,,0,grid_uncalibrated,True
prose,start,7,depth,11,recall,300,650,65515,,0.9938461538461538,0.9871175523349437,0.9985632699252956,0.9947983076923076,0.9933810124668435,0.9960353209211413,,,,-0.0009521538461537693,-0.0076212762514168185,0.004324801857167445,0.7438256174382561,0.9947983076923202,0.0027914459400063727,0.9892307692307692,1.0,-0.34109700371422996,0.9990428674447837,,,,,0.0,0,grid_uncalibrated,True
prose,start,7,depth,11,f1,300,650,65515,,0.06949619710306722,0.06263587507245907,0.07628155026794842,0.07402348538968793,0.06734527911130682,0.08064209849780582,,,,-0.004527288286620718,-0.007131387241910209,-0.001804478075253224,1.0,0.07402278884428372,0.0011693029053671626,0.07175985751425235,0.07629974031000586,-3.871188312659794,0.9388486733357377,,,,,,0,grid_uncalibrated,True
prose,start,7,depth,12,precision,300,411,65515,,0.023002365870411358,0.020139257721596582,0.02598411056807324,0.024331108906357344,0.021540148135462577,0.02725055916488915,,,,-0.001328743035945986,-0.002485927796759575,-0.000160074265820185,0.9956004399560044,0.024331108906357486,0.0005063489038246596,0.023353430512096467,0.025337708921621002,-2.624164930366375,0.9453891295682401,,,,,,0,grid_uncalibrated,True
prose,start,7,depth,12,recall,300,411,65515,,0.9975669099756691,0.9921875,1.0,0.9950484184914837,0.9936173053809079,0.9963396437181072,,,,0.00251849148418537,-0.003280287634900189,0.0060570378679109995,0.39676032396760325,0.995048418491476,0.0034430315007237407,0.9878345498783455,1.0,0.7314750049959587,1.002531024056107,,,,,0.0,0,grid_uncalibrated,True
prose,start,7,depth,12,f1,300,411,65515,,0.04496784213781635,0.03948329538480176,0.05065112310732423,0.04750072134412419,0.04216683698151938,0.053048177647501936,,,,-0.0025328792063078406,-0.004741971398877546,-0.0003003495243459187,0.9954004599540046,0.04750025289269811,0.0009655173228135982,0.04563062355234941,0.049417176970797796,-2.6228537749090854,0.9466863732156876,,,,,,0,grid_uncalibrated,True
prose,start,7,depth,13,precision,300,260,65515,,0.014424177669236054,0.012006504642599329,0.017006356385629688,0.015592584904220403,0.013208803612762532,0.01806341206935951,,,,-0.0011684072349843495,-0.002072766033679603,-0.00024561551845888414,0.9981001899810019,0.015592584904220485,0.000405369724596849,0.014805769671067694,0.01639357399068915,-2.8823248607094256,0.9250664824234386,,,,,,0,grid_uncalibrated,True
prose,start,7,depth,13,recall,300,260,65515,,0.9846153846153847,0.9673469387755103,0.9965277777777778,0.9951519230769231,0.993576663579866,0.9965094123641305,,,,-0.010536538461538458,-0.02757949596774177,0.0017671378065294778,0.9922007799220078,0.9951519230769827,0.004247800903684751,0.9846153846153847,1.0,-2.4804690004322394,0.9894121307337482,,,,,0.0,0,grid_uncalibrated,True
prose,start,7,depth,13,f1,300,260,65515,,0.02843184150000529,0.023723144354548954,0.0334368390678269,0.030704081458070354,0.02607133583904868,0.03548234725983946,,,,-0.0022722399580650636,-0.004032202313227652,-0.0004788164680644361,0.9981001899810019,0.030703772112960017,0.0007861942740615031,0.02917621437860644,0.0322582178329598,-2.8897827011863946,0.9260048373015461,,,,,,0,grid_uncalibrated,True
prose,start,7,depth,14,precision,300,150,65515,,0.008120277798977333,0.006453602124545725,0.00990654209197644,0.008958868961306573,0.007267888612245526,0.010793335842727611,,,,-0.00083859116232924,-0.0013916632752955069,-0.00027202701759125196,0.997000299970003,0.008958868961306467,0.00030846261353350787,0.008364496680149583,0.009570327405937572,-2.718615240670128,0.9063954204541861,,,,,,0,grid_uncalibrated,True
prose,start,7,depth,14,recall,300,150,65515,,0.9866666666666667,0.9653169155427104,1.0,0.9953480000000002,0.9935143634226477,0.9969056650667548,,,,-0.00868133333333354,-0.029732337570621405,0.005069882063356034,0.9698030196980302,0.9953479999999403,0.005452591857518971,0.98,1.0,-1.5921480206339438,0.991278092352349,,,,,0.0,0,grid_uncalibrated,True
prose,start,7,depth,14,f1,300,150,65515,,0.016107986685788285,0.012824188239914809,0.019616618470769828,0.017757903641784475,0.014430348887932504,0.021355143378612343,,,,-0.0016499169559961897,-0.0027355737296309076,-0.0005357783226916013,0.9967003299670033,0.017757721617570072,0.0006060933769368131,0.016589300924884205,0.01895920897463034,-2.721915458174981,0.9070976014090971,,,,,,0,grid_uncalibrated,True
prose,start,7,depth,15,precision,300,119,65515,,0.006349690910478516,0.004866368209407939,0.007929295445630867,0.007029924444783634,0.005467007700494172,0.00869077031231359,,,,-0.0006802335343051181,-0.001192114108356104,-0.0001471982009490783,0.9944005599440056,0.0070299244447837635,0.00027328013896658817,0.006502327711211173,0.0075707853163397695,-2.4891436929063264,0.9032374331121036,,,,,,0,grid_uncalibrated,True
prose,start,7,depth,15,recall,300,119,65515,,0.9915966386554622,0.970873786407767,1.0,0.9955588235294119,0.9935640135876667,0.9971811542506891,,,,-0.003962184873949726,-0.024172813299232748,0.00576316816816817,0.903009699030097,0.9955588235294351,0.006008484890363696,0.9831932773109243,1.0,-0.6594316115078217,0.9960201398648386,,,,,0.0,0,grid_uncalibrated,True
prose,start,7,depth,15,f1,300,119,65515,,0.012618578728718294,0.009684573272406346,0.015733006149349336,0.013961264424502759,0.010874332432125815,0.017231228395219653,,,,-0.0013426856957844645,-0.0023495836475134917,-0.0002902264978332963,0.9942005799420058,0.013961120170608809,0.0005390009656458727,0.01291993383250247,0.015027798397236823,-2.4907959863889624,0.9038371258549256,,,,,,0,grid_uncalibrated,True
prose,start,7,depth,16,precision,300,76,65515,,0.004075402579561932,0.002854806555734244,0.005453719724328507,0.004435668167595206,0.003217068906098285,0.0057768425015128026,,,,-0.0003602655880332742,-0.0007268007137068819,3.4825748172869706e-05,0.9555044495550445,0.0044356681675952045,0.00021920943447289722,0.004014347859268869,0.004869113943371747,-1.643476654641045,0.9187798603454617,,,,,,0,grid_uncalibrated,True
prose,start,7,depth,16,recall,300,76,65515,,1.0,1.0,1.0,0.9944881578947369,0.9908590898617511,0.9972117931688804,,,,0.005511842105263121,0.00278820683111955,0.00914091013824886,0.6524347565243476,0.9944881578947902,0.008345290529001417,0.9736842105263158,1.0,0.6604733635162451,1.0055423908886736,,,,,0.0,0,grid_uncalibrated,True
prose,start,7,depth,16,f1,300,76,65515,,0.00811772217323888,0.005693359670930361,0.010848275991742725,0.008831943637609906,0.006413410257979918,0.01148677743372537,,,,-0.0007142214643710253,-0.0014412818901876213,6.917230379258811e-05,0.9518048195180482,0.00883185062363661,0.00043458057939396364,0.007996168325322638,0.009691041103381232,-1.6432590047940105,0.9191416973825947,,,,,,0,grid_uncalibrated,True
prose,start,7,depth,17,precision,300,44,65515,,0.0025642982523086315,0.00153604232793593,0.0037143375457670347,0.0026481340151110434,0.0016863501649981144,0.003695562003139953,,,,-8.383576280241193e-05,-0.0004192330438484283,0.0002996767229611822,0.7047295270472953,0.0026481340151109957,0.00016558505048922318,0.0023353430512096465,0.0029764176142868044,-0.5063003124658318,0.9683415709612981,,,,,,0,grid_uncalibrated,True
prose,start,7,depth,17,recall,300,44,65515,,1.0,1.0,1.0,0.9970227272727269,0.9958119702702705,0.9981558316481294,,,,0.002977272727273106,0.0018441683518706565,0.004188029729729592,0.8766123387661234,0.9970227272727185,0.008170823584804006,0.9772727272727273,1.0,0.3643785349641666,1.0029861633499826,,,,,0.0,0,grid_uncalibrated,True
prose,start,7,depth,17,f1,300,44,65515,,0.005115478891037255,0.0030673730409650005,0.00740118459362302,0.0052822381849329005,0.0033670023336701688,0.007363830321396219,,,,-0.0001667592938956455,-0.0008344139706525102,0.0005952454954460961,0.7012298770122988,0.005282184359089516,0.000329429183725341,0.004659803861850521,0.005935169684979455,-0.5060434117192544,0.9684400511759125,,,,,,0,grid_uncalibrated,True
prose,start,7,depth,18,precision,300,24,65515,,0.0012974128062275814,0.0006622465519653274,0.002020494479590226,0.0014342379607723422,0.0007681052859318656,0.002184400684390432,,,,-0.0001368251545447608,-0.0003436749011430754,5.6728646863998235e-05,0.881011898810119,0.0014342379607723361,0.00012397736430138677,0.0011905670457147217,0.001679004808059223,-1.1036301289010728,0.9046007996671107,,,,,,0,grid_uncalibrated,True
prose,start,7,depth,18,recall,300,24,65515,,0.9583333333333334,0.85,1.0,0.9970291666666666,0.9953719857142858,0.9985400714285714,,,,-0.03869583333333326,-0.14763537500000007,0.00432733164983155,0.9978002199780022,0.9970291666666686,0.011104257530994184,0.9583333333333334,1.0,-3.48477448630199,0.9611888652538565,,,,,0.0,0,grid_uncalibrated,True
prose,start,7,depth,18,f1,300,24,65515,,0.002591317429757735,0.0013234723841092633,0.004032594401966651,0.002864355513087876,0.0015350280421954489,0.0043592641670896866,,,,-0.0002730380833301407,-0.0006857288788069915,0.00011309627605485105,0.881011898810119,0.0028643254564688237,0.0002472475003551275,0.002378302562773467,0.003352380952380952,-1.1041892286836494,0.9046867994366616,,,,,,0,grid_uncalibrated,True
prose,start,7,depth,19,precision,300,14,65515,,0.0006410745630771579,0.0002620680415970339,0.0010898897337346147,0.0008605204914904985,0.0003658619850833566,0.0014409862779334757,,,,-0.00021944592841334064,-0.0004118273003133416,-6.584066724557689e-05,0.9932006799320068,0.0008605204914904967,9.688181276851586e-05,0.0006716019232236892,0.0010531939250553307,-2.2650890001167814,0.744984656863616,,,,,,0,grid_uncalibrated,True
prose,start,7,depth,19,recall,300,14,65515,,1.0,1.0,1.0,0.9971642857142857,0.9946454545454546,0.9992,,,,0.0028357142857142748,0.0008000000000000229,0.00535454545454539,0.9614038596140386,0.9971642857142835,0.014344155958956613,0.9285714285714286,1.0,0.19769126143290788,1.0028437784288327,,,,,0.0,0,grid_uncalibrated,True
prose,start,7,depth,19,f1,300,14,65515,,0.0012813276995591622,0.0005239987598647335,0.0021774063346474233,0.0017195570609147906,0.0007314556942348477,0.0028778135272907223,,,,-0.0004382293613556284,-0.0008217061143072936,-0.00013157452562232407,0.9927007299270073,0.0017195385658333414,0.0001934299432082965,0.0013423023536051496,0.0021041717492071236,-2.2654758565600597,0.7451578725936812,,,,,,0,grid_uncalibrated,True
prose,start,7,depth,20,precision,300,7,65515,,0.00036632832175837593,9.083333106420379e-05,0.0007304175312293369,0.00042586888498817073,0.0001310014804209827,0.0007981065468665874,,,,-5.9540563229794796e-05,-0.00019359065265808014,7.01653958088633e-05,0.8372162783721628,0.000425868884988176,6.835975939839001e-05,0.0002900099213920476,0.0005647561627108295,-0.8709884843626635,0.8601903888060449,,,,,,0,grid_uncalibrated,True
prose,start,7,depth,20,recall,300,7,65515,,1.0,1.0,1.0,0.9985571428571429,0.995984,1.0,,,,0.0014428571428570791,0.0,0.004016000000000041,0.99000099990001,0.9985571428571443,0.014427163934880192,1.0,1.0,0.10000975585834908,1.0014449419877238,,,,,0.0,0,grid_uncalibrated,True
prose,start,7,depth,20,f1,300,7,65515,,0.0007323883489220159,0.0001852296511954889,0.0014601734694460746,0.0008513746720956581,0.00026526123716773595,0.0015950450006485413,,,,-0.00011898632317364221,-0.0003870885549369914,0.00014016656154056047,0.8361163883611639,0.0008513654268926876,0.00013660163372758807,0.0005798516800439467,0.0011288747864290944,-0.8709784409162825,0.8602514569978321,,,,,,0,grid_uncalibrated,True
prose,start,7,depth,21,precision,300,4,65515,,0.00018316416087918797,0.0,0.0004203145313281733,0.00023723116843470956,0.0,0.0005503163319534935,,,,-5.406700755552159e-05,-0.0001324821418394446,0.0,0.8961103889611038,0.0002372311684347035,5.001526905278346e-05,0.00015263680073265663,0.0003358009616118446,-1.0810100311258162,0.7720914671024893,,,,,,0,grid_uncalibrated,True
prose,start,7,depth,21,recall,300,4,65515,,1.0,1.0,1.0,0.999125,0.9965,1.0,,,,0.0008749999999999591,0.0,0.0034999999999999476,0.9965003499650035,0.999125,0.01476503219155226,1.0,1.0,0.05926163848803433,1.0008757662955086,,,,,0.0,0,grid_uncalibrated,True
prose,start,7,depth,21,f1,300,4,65515,,0.0003662612358264532,9.137858307688082e-05,0.0008453478774689458,0.0004743497077835448,0.00011200764377834931,0.0011070099439931843,,,,-0.00010808847195709163,-0.0002669305350196675,-2.062906070146849e-05,0.8959104089591041,0.0004743447257188889,9.99818837093093e-05,0.00030522701259061424,0.0006713764743579962,-1.0810307415959606,0.7721414742650912,,,,,,0,grid_uncalibrated,True
prose,start,7,depth,22,precision,300,3,65515,,0.0002442188811722506,0.0,0.0005956311947301829,0.00018426161947645577,0.0,0.0004185366068039005,,,,5.995726169579483e-05,-7.906977506039573e-05,0.00023078291421974826,0.12308769123087691,0.00018426161947645434,4.478997196225088e-05,0.00010684576051285965,0.00027474624131878193,1.3386313736996402,1.3253920261102332,,,,,,0,grid_uncalibrated,True
prose,start,7,depth,22,recall,300,3,65515,,1.0,1.0,1.0,0.999,0.997,1.0,,,,0.0010000000000000009,0.0,0.0030000000000000027,0.997000299970003,0.999,0.01823092345413106,1.0,1.0,0.05485185665531411,1.001001001001001,,,,,0.0,0,grid_uncalibrated,True
prose,start,7,depth,22,f1,300,3,65515,,0.0004883185057453724,3.063001735654269e-05,0.0011964349867739307,0.00036845527882640387,0.00010639960263166116,0.0008414020362082624,,,,0.00011986322691896853,-0.0001591569337657642,0.0004636514596202192,0.12308769123087691,0.0003684512853437784,8.954576855166842e-05,0.00021366869143188546,0.0005493415531106465,1.3386140109169977,1.325327187526985,,,,,,0,grid_uncalibrated,True
prose,start,7,depth,23,precision,300,1,65515,,9.158208043959398e-05,0.0,0.0002818492599846972,5.662062123177898e-05,0.0,0.00017425330498553905,,,,3.4961459207815e-05,0.0,0.00010759595499915818,0.12758724127587243,5.66206212317758e-05,2.384729029712006e-05,1.5263680073265663e-05,0.00010684576051285965,1.4660558399811292,1.6174686615447733,,,,,,0,grid_uncalibrated,True
prose,start,7,depth,23,recall,300,1,65515,,1.0,1.0,1.0,0.9978,0.9978,0.9978000000000001,,,,0.0021999999999999797,0.0021999999999998687,0.0021999999999999797,0.9978002199780022,0.9978,0.046854877419044864,1.0,1.0,0.04695348960844271,1.0022048506714771,,,,,0.0,0,grid_uncalibrated,True
prose,start,7,depth,23,f1,300,1,65515,,0.00018314738786038065,0.00017540013155009868,0.0006977069388317385,0.00011323481690164372,0.00010844474904245592,0.00043141456333715527,,,,6.991257095873693e-05,6.695538250764276e-05,0.0002662923754945832,0.12758724127587243,0.00011323369397097708,4.768861352666494e-05,3.0526894193784724e-05,0.00021366869143188546,1.4660458486659829,1.617428359330246,,,,,,0,grid_uncalibrated,True
prose,start,7,category,clause_level,precision,300,4386,65515,,0.2377776081813325,0.22853250611112658,0.2467312753389696,0.22831475997863085,0.2196436914285798,0.23707502782272108,,,,0.009462848202701657,0.006673112203965533,0.012219456603186669,9.999000099990002e-05,0.2283147599786332,0.0013693223906567013,0.2256887735633061,0.23101579790887583,6.910606492135934,1.0414465022041715,,,,,,0,grid_uncalibrated,True
prose,start,7,category,clause_level,recall,300,4386,65515,,0.9995440036479708,0.9988358420874657,1.0,0.9944477656178744,0.9933221849055682,0.9954532617077512,,,,0.0050962380300964005,0.004091648970576972,0.006217384092752179,9.999000099990002e-05,0.9944477656178892,0.0011029802865156813,0.9922480620155039,0.9965800273597811,4.620425308035802,1.0051246915185286,,,,,0.0,0,grid_uncalibrated,True
prose,start,7,category,clause_level,f1,300,4386,65515,,0.3841671885259136,0.37201535387876067,0.3957409256172649,0.37136745388491427,0.35979468020008093,0.3828751480549209,,,,0.012799734640999316,0.009146483010990143,0.0164160562059106,9.999000099990002e-05,0.3713654666143498,0.001824212253178104,0.3678587575178478,0.37495071179867706,7.017671265644043,1.0344720310918352,,,,,,0,grid_uncalibrated,True
prose,start,7,category,phrase_level,precision,300,20785,65515,,0.752484163931924,0.7459590144492918,0.7589581928425249,0.7551913058078302,0.7492805357959036,0.7610914158977055,,,,-0.0027071418759062604,-0.006104399524647796,0.000805730222572859,0.9721027897210279,0.7551913058078289,0.0014308004557966102,0.7524078455315577,0.7580096161184462,-1.8920471159604881,0.9964152899337088,,,,,,0,grid_uncalibrated,True
prose,start,7,category,phrase_level,recall,300,20785,65515,,0.9967284099109935,0.9957495669560116,0.9976265683774201,0.993925181621362,0.9927740449175532,0.9949877022928645,,,,0.002803228289631532,0.0018101088523844267,0.0038474570162215804,9.999000099990002e-05,0.9939251816213523,0.00048062905757462936,0.9929757036324273,0.9948520567717104,5.832415342898658,1.002820361473354,,,,,0.0,0,grid_uncalibrated,True
prose,start,7,category,phrase_level,f1,300,20785,65515,,0.8575542566005169,0.8532224436544248,0.8618371358750617,0.8582660573820783,0.8543352775397889,0.8621249188393273,,,,-0.0007118007815614114,-0.0030701542227716677,0.0017130539302887457,0.767023297670233,0.8582653000799791,0.0009627404451434605,0.8563734582238112,0.860161585737361,-0.7385619696867679,0.9991715341638582,,,,,,0,grid_uncalibrated,True
prose,start,7,category,structural_other,precision,300,14,65515,,0.001083721285201862,0.0005255617915302098,0.0017424271116311283,0.0009009402426925131,0.00042617988862815863,0.0014603146486944051,,,,0.00018278104250934893,2.5972643849938098e-05,0.00038786516139070786,0.042195780421957804,0.000900940242692514,9.859491696689251e-05,0.0007173929634434862,0.0010989849652751277,1.8538586788477611,1.2028780976228746,,,,,,0,grid_uncalibrated,True
prose,start,7,category,structural_other,recall,300,14,65515,,1.0,1.0,1.0,0.997157142857143,0.9922662500000001,0.9996666666666667,,,,0.002842857142857036,0.0003333333333332966,0.007733749999999922,0.961003899610039,0.9971571428571404,0.014253524804699134,0.9285714285714286,1.0,0.1994494121147037,1.0028509620206039,,,,,0.0,0,grid_uncalibrated,True
prose,start,7,category,structural_other,f1,300,14,65515,,0.0021650962095569174,0.0010505714428499916,0.003478792680513397,0.0018002539401274962,0.0008519962871601282,0.0029163602416705627,,,,0.00036484226942942125,5.1859174473939954e-05,0.0007733953920795302,0.041995800419958006,0.0018002347662163212,0.00019683392736010192,0.0014337573594460206,0.002195557046365896,1.8536511882582765,1.2026743679144976,,,,,,0,grid_uncalibrated,True
prose,end,7,all,all,precision,300,16323,65515,,0.7421811798824697,0.7356194131834888,0.7484781319276168,0.7282886026100893,0.722395118201683,0.7341271684258914,,,,0.013892577272380358,0.010670298332125256,0.01714577026372918,9.999000099990002e-05,0.7282886026100892,0.0015069969568656232,0.7253449591696558,0.7312676486300848,9.218716208475563,1.0190756483385726,,,,,,0,grid_uncalibrated,True
prose,end,7,all,all,recall,300,16323,65515,,0.995895362372113,0.9946510354068013,0.9970221616289694,0.9919447405501439,0.9908161258532948,0.9930063898441369,,,,0.003950621821969036,0.002835023126633449,0.005095710675271614,9.999000099990002e-05,0.991944740550144,0.0007041261358362906,0.9905654597806776,0.993261042700484,5.610673458778478,1.0039827035322328,,,,,0.0,0,grid_uncalibrated,True
prose,end,7,all,all,f1,300,16323,65515,,0.8505204196888018,0.8460781886893896,0.8547723625703546,0.8399116920202621,0.8358465658960533,0.8439005439741081,,,,0.010608727668539708,0.008395726910768833,0.012864931253748175,9.999000099990002e-05,0.8399107839850676,0.001062752622339535,0.8378142111745006,0.8419897100358978,9.983165866368997,1.0126318603190154,,,,,,0,grid_uncalibrated,True
prose,end,7,depth,1,precision,300,1778,65515,,0.11137907349461955,0.1078422274342605,0.11482267792781464,0.0995387483782339,0.09682214031253195,0.10231038704927888,,,,0.01184032511638565,0.009746242714415716,0.013887715150242036,9.999000099990002e-05,0.09953874837823398,0.0010175412195233989,0.09756544302831413,0.10151873616728993,11.636211771284703,1.118951918818528,,,,,,0,grid_uncalibrated,True
prose,end,7,depth,1,recall,300,1778,65515,,0.9966254218222722,0.9937250427837993,0.9988901220865705,0.9783368391451068,0.9765522549717791,0.9799845926499583,,,,0.018288582677165377,0.014931807993578752,0.02139872381174009,9.999000099990002e-05,0.9783368391450605,0.003319554748594184,0.9718785151856018,0.984251968503937,5.509348109097101,1.0186935439262346,,,,,0.0,0,grid_uncalibrated,True
prose,end,7,depth,1,f1,300,1778,65515,,0.20036600315777944,0.1946131713091579,0.20592045884715596,0.18069325548893692,0.17618215090166378,0.1852572025806065,,,,0.019672747668842527,0.01627461085262534,0.022987688916502737,9.999000099990002e-05,0.18069174896137785,0.0016909134770182518,0.17740747659968775,0.18397463619839396,11.635281440357948,1.1088829695295432,,,,,,0,grid_uncalibrated,True
prose,end,7,depth,2,precision,300,4099,65515,,0.24142562771884302,0.2345033681218259,0.24841048002218874,0.22163818514843922,0.21581402999516455,0.22753198950378475,,,,0.019787442570403796,0.016571237103204628,0.02290788630568273,9.999000099990002e-05,0.22163818514843925,0.0013854672224592002,0.21892696329084943,0.224360833396932,14.282144138553575,1.0892781293852924,,,,,,0,grid_uncalibrated,True
prose,end,7,depth,2,recall,300,4099,65515,,0.9987801902903147,0.9976070543902522,0.999755025047256,0.9917762137106612,0.9906410822221443,0.992838798356143,,,,0.00700397657965357,0.005505838301133301,0.008439299927112303,9.999000099990002e-05,0.991776213710673,0.0013662245508294516,0.9890217126128324,0.9943888753354476,5.126519337827366,1.007062053397547,,,,,0.0,0,grid_uncalibrated,True
prose,end,7,depth,2,f1,300,4099,65515,,0.3888566412001853,0.3798266395242197,0.3978409269387756,0.36230900224507084,0.3544685242718785,0.37016906329986343,,,,0.026547638955114472,0.02234872659375153,0.030604623777548738,9.999000099990002e-05,0.3623069563610677,0.0018699416331568852,0.3586481654966573,0.36597238744468363,14.198135582604117,1.073279533757168,,,,,,0,grid_uncalibrated,True
prose,end,7,depth,3,precision,300,1977,65515,,0.12270472410898267,0.11689678696862693,0.1283995440022178,0.1173111653819736,0.11210999318784222,0.12245699467705919,,,,0.005393558727009071,0.00292055339761669,0.007805796188862348,9.999000099990002e-05,0.1173111653819725,0.0010769372010697841,0.11519499351293597,0.11943829657330382,5.008238847773512,1.0459765164675365,,,,,,0,grid_uncalibrated,True
prose,end,7,depth,3,recall,300,1977,65515,,0.9979767324228629,0.995253164556962,1.0,0.9939041982802232,0.9925998847795402,0.9950986406509882,,,,0.004072534142639639,0.001738048721104755,0.006057919738935125,0.005699430056994301,0.9939041982802277,0.0016939262957538592,0.9903894790085989,0.9969650986342944,2.4041979588154225,1.00409751176188,,,,,0.0,0,grid_uncalibrated,True
prose,end,7,depth,3,f1,300,1977,65515,,0.2185392805518446,0.2092921690801034,0.22752781616316956,0.20985321764095707,0.20147470319202884,0.21805443282689604,,,,0.008686062910887526,0.0047508367976909095,0.012515070035412192,9.999000099990002e-05,0.20985159211730028,0.0017296713989529177,0.2064447018011283,0.21326016547190021,5.02273925544675,1.0413992019164104,,,,,,0,grid_uncalibrated,True
prose,end,7,depth,4,precision,300,1660,65515,,0.10006868656032969,0.09484643189697069,0.10534453525440227,0.0999356849576433,0.09519681547108892,0.10475658397295257,,,,0.0001330016026863945,-0.0020966227097800106,0.0023108577146086946,0.45365463453654636,0.09993568495764327,0.0010045038260315393,0.09796229871021904,0.10191559184919484,0.13240527237399122,1.0013308719777405,,,,,,0,grid_uncalibrated,True
prose,end,7,depth,4,recall,300,1660,65515,,0.9933734939759036,0.9890510948905109,0.9969879518072289,0.9943619277108432,0.9931174044033202,0.9954722067632599,,,,-0.00098843373493962,-0.005282251513799277,0.002695343654378143,0.7738226177382261,0.994361927710853,0.0017694277663528526,0.9909638554216867,0.9975903614457832,-0.5586177371833331,0.9990059618058539,,,,,0.0,0,grid_uncalibrated,True
prose,end,7,depth,4,f1,300,1660,65515,,0.18182137579010335,0.17314177564432082,0.19048893278702397,0.18161830783723035,0.17375036948107891,0.18955024650583308,,,,0.00020306795287300394,-0.0035022383196823916,0.003801324731171812,0.45485451454854514,0.1816168256499803,0.001663930191726888,0.1783473903071426,0.1848962391376095,0.12293192415167381,1.0011262730718422,,,,,,0,grid_uncalibrated,True
prose,end,7,depth,5,precision,300,1511,65515,,0.09249790124398993,0.08661834538058857,0.098378013895637,0.09165096848050067,0.08635900463146744,0.09685081347919075,,,,0.0008469327634892665,-0.001328415340638373,0.003112052350655366,0.19138086191380863,0.09165096848050175,0.0009590531084809054,0.08978096619094864,0.09356674044112036,0.8830926629597033,1.009240849033345,,,,,,0,grid_uncalibrated,True
prose,end,7,depth,5,recall,300,1511,65515,,0.9973527465254798,0.99456120366249,0.9993662964719934,0.9946205162144272,0.99346755071495,0.9956904759132754,,,,0.0027322303110526303,-0.00012695996632946054,0.0051801480068975805,0.0862913708629137,0.9946205162144178,0.0018298484887800679,0.9907346128391793,0.9980145598941098,1.4931456499349258,1.0027470077949538,,,,,0.0,0,grid_uncalibrated,True
prose,end,7,depth,5,f1,300,1511,65515,,0.16929482226274684,0.1593996765693362,0.1790971167902324,0.167836373993061,0.1589269386627569,0.1765045353220082,,,,0.0014584482696858303,-0.00220066305590716,0.005238166805221431,0.18318168183181682,0.16783498920945847,0.001612326094338258,0.16467092485363266,0.17106320211088027,0.9054204719595028,1.0086980257225535,,,,,,0,grid_uncalibrated,True
prose,end,7,depth,6,precision,300,1521,65515,,0.09356635884911853,0.08825531090440479,0.09896747548890275,0.09165040372433803,0.08726869635229892,0.09613478268091713,,,,0.0019159551247805023,-0.0003250040748329872,0.004244905328713629,0.023297670232976703,0.09165040372433882,0.0009549470425992567,0.0897962298710219,0.09353583148897199,2.0063469902631463,1.02090503747853,,,,,,0,grid_uncalibrated,True
prose,end,7,depth,6,recall,300,1521,65515,,0.9953977646285339,0.9918186466129263,0.9986226132311036,0.9942397107166338,0.9931413805323568,0.9952855864921868,,,,0.0011580539119001587,-0.002255238525754349,0.004189290534598325,0.34696530346965304,0.9942397107166542,0.00189064648959228,0.9901380670611439,0.997370151216305,0.6125174210274847,1.00116476328535,,,,,0.0,0,grid_uncalibrated,True
prose,end,7,depth,6,f1,300,1521,65515,,0.1710538344374669,0.16212508065412787,0.18003511032974598,0.16783000355953953,0.160452581447668,0.17531805944596932,,,,0.0032238308779273805,-0.0005449301973574877,0.007095647325363358,0.023297670232976703,0.16782863409692975,0.0016057479445147143,0.1647030716097345,0.17098706426733332,2.008534621859272,1.0192172233176517,,,,,,0,grid_uncalibrated,True
prose,end,7,depth,7,precision,300,1177,65515,,0.07265511714874456,0.06774501624252689,0.07782434938204126,0.07098671296649617,0.06661961905493888,0.07557261017271691,,,,0.0016684041822483953,-0.00020804401236169953,0.003613759539656714,0.025997400259974,0.07098671296649552,0.000849526732194076,0.06931237121269938,0.07265511714874456,1.963921933262834,1.0235030488457255,,,,,,0,grid_uncalibrated,True
prose,end,7,depth,7,recall,300,1177,65515,,0.9923534409515717,0.9852302345786272,0.9975083573427441,0.9942615123194568,0.9929849965706424,0.9954395301073223,,,,-0.001908071367885067,-0.008806952682181773,0.0032789936522981786,0.861013898610139,0.9942615123194629,0.002150056985082768,0.989804587935429,0.9983007646559049,-0.8874515332056283,0.998080915992172,,,,,0.0,0,grid_uncalibrated,True
prose,end,7,depth,7,f1,300,1177,65515,,0.13539713828009436,0.12682952212870108,0.14432888414000297,0.13251250725099215,0.12487041785097315,0.14046677837189753,,,,0.0028846310291022192,-0.00038084046350384963,0.00625561566170127,0.0263973602639736,0.13251135461484906,0.0014831957020692743,0.12959610382397038,0.13543354993445553,1.9456526614924903,1.0217776331215764,,,,,,0,grid_uncalibrated,True
prose,end,7,depth,8,precision,300,796,65515,,0.04704266198580478,0.04320003512388126,0.050937593000575994,0.04796536823628178,0.04441753255605828,0.051558566093414096,,,,-0.0009227062504770026,-0.0025245989235808657,0.0006669995643422276,0.9097090290970903,0.047965368236282196,0.0007084434869985984,0.04653896054338701,0.04936274135694116,-1.302441574255371,0.9807630737674716,,,,,,0,grid_uncalibrated,True
prose,end,7,depth,8,recall,300,796,65515,,0.9899497487437185,0.9826893350120631,0.9962453066332916,0.9945368090452256,0.9932984341307944,0.9956591491077705,,,,-0.004587060301507018,-0.011529522270114787,0.0013746616426144622,0.9678032196780322,0.9945368090452082,0.0025991780314967255,0.9886934673366834,0.9987437185929648,-1.764811892799917,0.9953877420526109,,,,,0.0,0,grid_uncalibrated,True
prose,end,7,depth,8,f1,300,796,65515,,0.08981718849865304,0.08277362426721463,0.09689816605307738,0.09151697772907297,0.08503543755002936,0.09804111391347413,,,,-0.0016997892304199264,-0.004640104083503034,0.0011975306924990401,0.9099090090990901,0.09151612698746567,0.0012914402637367202,0.08891870559281505,0.09405340172825782,-1.3155378042007375,0.9814356382340643,,,,,,0,grid_uncalibrated,True
prose,end,7,depth,9,precision,300,567,65515,,0.034602762726093264,0.031023761158531653,0.038409694521630025,0.033887982904678336,0.03056508213444666,0.03735963025485007,,,,0.0007147798214149279,-0.0006027489382498194,0.0020690068880814326,0.11768823117688232,0.03388798290467891,0.0005953128373130648,0.03274059375715485,0.035075936808364495,1.200679334651172,1.021092427466837,,,,,,0,grid_uncalibrated,True
prose,end,7,depth,9,recall,300,567,65515,,0.9947089947089947,0.987653775683811,1.0,0.9944844797178128,0.993089315423902,0.9957595654720416,,,,0.00022451499118181228,-0.00649196760827276,0.005149288153341722,0.6181381861813818,0.994484479717854,0.003095829862625295,0.9876543209876543,1.0,0.07252174735152662,1.00022576017597,,,,,0.0,0,grid_uncalibrated,True
prose,end,7,depth,9,f1,300,567,65515,,0.06687901712343304,0.06017421011157191,0.07396047272607928,0.06554254275090719,0.059307096567256294,0.07201413244382884,,,,0.0013364743725258477,-0.0011298551907960009,0.0038639933419615385,0.11608839116088392,0.06554191757835073,0.0011146238391160734,0.06338729275375397,0.0677502667846785,1.199597118022043,1.0204006778331425,,,,,,0,grid_uncalibrated,True
prose,end,7,depth,10,precision,300,454,65515,,0.026940395329313898,0.023732843116893502,0.030336729542445495,0.027225003434328005,0.024398948851059154,0.030120176370108574,,,,-0.0002846081050141072,-0.0016779489938898954,0.0011721293572600374,0.7083291670832916,0.027225003434328574,0.0005393329519966319,0.02619247500572388,0.028314126535907806,-0.5277039052797455,0.9895460764329672,,,,,,0,grid_uncalibrated,True
prose,end,7,depth,10,recall,300,454,65515,,0.9933920704845814,0.9847826086956522,1.0,0.9943085903083703,0.9927302310679222,0.9956831942589126,,,,-0.0009165198237888195,-0.00921340240603635,0.005474414816162825,0.7451254874512548,0.9943085903084419,0.0034736244935443424,0.986784140969163,1.0,-0.263851151891565,0.9990782340283552,,,,,0.0,0,grid_uncalibrated,True
prose,end,7,depth,10,f1,300,454,65515,,0.05245814671693811,0.04635984000309139,0.05887616854681186,0.05299885378560652,0.04762879622567698,0.05846855253993399,,,,-0.0005407070686684126,-0.003184381334037522,0.0022157311292219217,0.7053294670532947,0.05299833218438579,0.001022824133105517,0.051036300609758875,0.055055631671065856,-0.5281313277264544,0.989807500629108,,,,,,0,grid_uncalibrated,True
prose,end,7,depth,11,precision,300,307,65515,,0.01851484392887125,0.01585266133150168,0.021227280759993597,0.018104504311989622,0.0158968719415584,0.020378100418234787,,,,0.00041033961688162826,-0.0006728865366549598,0.0015018290515886482,0.17528247175282471,0.018104504311989265,0.0004368712489195352,0.017262840570861637,0.018972754331069222,0.9392689903417373,1.022665056706924,,,,,,0,grid_uncalibrated,True
prose,end,7,depth,11,recall,300,307,65515,,0.993485342019544,0.9833333333333333,1.0,0.9946661237785017,0.9930404360681738,0.9961209158318513,,,,-0.0011807817589577496,-0.010635859253293746,0.00550036585089455,0.7754224577542246,0.9946661237786447,0.0042087169984613895,0.9837133550488599,1.0,-0.2805562264063878,0.9988128863234881,,,,,0.0,0,grid_uncalibrated,True
prose,end,7,depth,11,f1,300,307,65515,,0.03635221872192569,0.031203278416610452,0.04156720604713426,0.035561728643119524,0.03129339380898833,0.039938110269694266,,,,0.0007904900788061678,-0.0013001576571292635,0.002885435349676275,0.1740825917408259,0.035561374900619676,0.0008432170180827528,0.033928593549183074,0.037236716813700554,0.9378888285535085,1.0222388426633142,,,,,,0,grid_uncalibrated,True
prose,end,7,depth,12,precision,300,189,65515,,0.011279859574143326,0.009142449349561725,0.013569698685123702,0.011425829199419976,0.009559176717866031,0.013409116867190731,,,,-0.00014596962527664917,-0.0010739248015620621,0.0008623181393094416,0.6662333766623337,0.011425829199419918,0.00035301347949191173,0.010730367091505762,0.012119361978172937,-0.41349589677619203,0.9872245923924714,,,,,,0,grid_uncalibrated,True
prose,end,7,depth,12,recall,300,189,65515,,0.9894179894179894,0.9726775956284153,1.0,0.9942888888888883,0.9923580785714287,0.9959164893175173,,,,-0.004870899470898915,-0.02061652411136371,0.005765361107461736,0.9052094790520948,0.9942888888889473,0.0054541049421795405,0.9841269841269841,1.0,-0.8930703612408647,0.9951011224952934,,,,,0.0,0,grid_uncalibrated,True
prose,end,7,depth,12,f1,300,189,65515,,0.022305426142379743,0.01811748466700534,0.026772707185351918,0.022592042882538327,0.018936219487770564,0.026461269254763452,,,,-0.0002866167401585837,-0.0021024992246026415,0.001684609285391879,0.665033496650335,0.022591807394425043,0.0006903126723709129,0.021230456172435665,0.023946958366347457,-0.41485730091222217,0.9873236679542527,,,,,,0,grid_uncalibrated,True
prose,end,7,depth,13,precision,300,108,65515,,0.006639700831870564,0.004898836188861881,0.008526130269787354,0.006596509196367243,0.005073712159553532,0.008248913639377032,,,,4.319163550332069e-05,-0.0006660964156999156,0.000785587819481803,0.44375562443755623,0.00659650919636741,0.00026928039793993117,0.006074944669159734,0.007128138594215065,0.16039650800274363,1.006547650312826,,,,,,0,grid_uncalibrated,True
prose,end,7,depth,13,recall,300,108,65515,,0.9814814814814815,0.9516129032258065,1.0,0.9953731481481479,0.9935533125000001,0.9968693383343973,,,,-0.013891666666666413,-0.043173497983870976,0.004862922388680991,0.9867013298670133,0.9953731481481911,0.006480482031999532,0.9814814814814815,1.0,-2.143616261585926,0.9860437598778369,,,,,0.0,0,grid_uncalibrated,True
prose,end,7,depth,13,f1,300,108,65515,,0.013190170448125385,0.009749865728751226,0.01690314545061657,0.013106161603691428,0.010095874163749026,0.0163623126903136,,,,8.400884443395679e-05,-0.0013174357823488502,0.0015492229172654384,0.44355564443555645,0.01310602263574934,0.000531575400377929,0.012075843648081003,0.014155375708526569,0.15829892112430116,1.006420545325972,,,,,,0,grid_uncalibrated,True
prose,end,7,depth,14,precision,300,69,65515,,0.004182248340074792,0.0029455162172951524,0.005589187759493166,0.0042153491566816765,0.003116054358692264,0.005405291656073867,,,,-3.310081660688486e-05,-0.0005026779604496365,0.00047493827165954365,0.5696430356964304,0.004215349156681692,0.00021334099192317087,0.0038006563382431504,0.004640158742272762,-0.15515450785389082,0.9921475504456296,,,,,,0,grid_uncalibrated,True
prose,end,7,depth,14,recall,300,69,65515,,1.0,1.0,1.0,0.9950695652173912,0.9920316372549018,0.9975083557692309,,,,0.004930434782608795,0.0024916442307691272,0.00796836274509811,0.7032296770322968,0.9950695652173872,0.008191879596493305,0.9710144927536232,1.0,0.6018685607541596,1.004954864418485,,,,,0.0,0,grid_uncalibrated,True
prose,end,7,depth,14,f1,300,69,65515,,0.00832965997355181,0.005873731263877678,0.011116244739919682,0.008395134545198461,0.006212664597549357,0.010752106491433013,,,,-6.547457164665128e-05,-0.0009974733713885794,0.0009412797964528858,0.5618438156184381,0.008395046208632745,0.00042312682820911415,0.0075721104664124,0.009237454230541333,-0.1545310548085121,0.9922113311283866,,,,,,0,grid_uncalibrated,True
prose,end,7,depth,15,precision,300,41,65515,,0.0024727161718690375,0.0015713938573158593,0.003491904841090613,0.002477748607189194,0.0016240876466664476,0.003454233747663637,,,,-5.032435320156525e-06,-0.00031648237046692145,0.00034473778752238527,0.5255474452554745,0.002477748607189142,0.00016791484191320893,0.0021521788903304585,0.002808517133480882,-0.029970163820930287,0.9979689483810008,,,,,,0,grid_uncalibrated,True
prose,end,7,depth,15,recall,300,41,65515,,0.975609756097561,0.9142857142857143,1.0,0.9942731707317073,0.9906032076612904,0.9969128488372092,,,,-0.018663414634146336,-0.07829493055555561,0.007845045212765949,0.9762023797620238,0.9942731707316825,0.011790666945823572,0.975609756097561,1.0,-1.5828972796769936,0.981229087555096,,,,,0.0,0,grid_uncalibrated,True
prose,end,7,depth,15,f1,300,41,65515,,0.004932929665405776,0.003137651568124922,0.006959477953994712,0.004943178714257012,0.0032428861394112273,0.006884593150374766,,,,-1.0249048851236793e-05,-0.0006306993509070547,0.0006860047298769802,0.5246475352464753,0.004943124018921326,0.00033418223673458233,0.0042951139271353725,0.0056013029117642586,-0.030505372203988985,0.9979376698871952,,,,,,0,grid_uncalibrated,True
prose,end,7,depth,16,precision,300,31,65515,,0.0018926963290849424,0.0010131862412475214,0.002986871375385044,0.001822164389834389,0.0010467840931033816,0.002760411593944487,,,,7.05319392505534e-05,-0.00023225111596840642,0.0004253808192013184,0.3254674532546745,0.0018221643898344104,0.0001407437823030773,0.0015568953674730977,0.002091124170037396,0.5011371592860041,1.038707780507631,,,,,,0,grid_uncalibrated,True
prose,end,7,depth,16,recall,300,31,65515,,1.0,1.0,1.0,0.9919774193548387,0.9838438574468085,0.9982200303030303,,,,0.008022580645161259,0.0017799696969697024,0.016156142553191543,0.773022697730227,0.9919774193548113,0.015526536552061487,0.967741935483871,1.0,0.5167012371553982,1.008087462969073,,,,,0.0,0,grid_uncalibrated,True
prose,end,7,depth,16,f1,300,31,65515,,0.0037782415941741954,0.002024321467675887,0.005955953084947733,0.003637646782376991,0.002091354331498785,0.005505394256167486,,,,0.0001405948117972045,-0.00046280215127411916,0.0008468003569629508,0.3190680931906809,0.0036376079276235758,0.00028047034220445694,0.0031087893399003967,0.004173520989459575,0.5014208113601568,1.0386610292666958,,,,,,0,grid_uncalibrated,True
prose,end,7,depth,17,precision,300,17,65515,,0.0010226665649087994,0.0004956204400625061,0.0016490101555340446,0.0010498160726551172,0.000546314630603815,0.0016318092964617036,,,,-2.714950774631783e-05,-0.00024496563372345456,0.00022186145905185548,0.6186381361863814,0.0010498160726551214,0.00010747027368080771,0.0008395024040296115,0.00126688544608105,-0.25262341684322304,0.974138795877208,,,,,,0,grid_uncalibrated,True
prose,end,7,depth,17,recall,300,17,65515,,1.0,1.0,1.0,0.9969352941176469,0.9950428571428572,0.9984941176470588,,,,0.0030647058823530804,0.0015058823529412457,0.004957142857142774,0.9488051194880512,0.9969352941176421,0.013309037576557534,0.9411764705882353,1.0,0.2302725395979053,1.0030741271780035,,,,,0.0,0,grid_uncalibrated,True
prose,end,7,depth,17,f1,300,17,65515,,0.0020432435729315973,0.0009907498442403664,0.003292590795300862,0.002097423467495001,0.0010920311701971372,0.003258285080341632,,,,-5.417989456340394e-05,-0.0004887968213910702,0.0004428883141488541,0.6154384561543845,0.0020974007135147344,0.00021448957947150257,0.0016775964617965532,0.002530564956248666,-0.2524931081341065,0.9741789252601222,,,,,,0,grid_uncalibrated,True
prose,end,7,depth,18,precision,300,11,65515,,0.0006258108830038922,0.00026133400389104206,0.0010560794495877398,0.0006805723880027474,0.0003087142280299519,0.001097079729354391,,,,-5.476150499885519e-05,-0.00022522379372325561,0.00010373494098766692,0.7614238576142386,0.0006805723880027403,8.59827389982505e-05,0.0005189651224910325,0.0008547660841028772,-0.6368895156964282,0.9195361052487665,,,,,,0,grid_uncalibrated,True
prose,end,7,depth,18,recall,300,11,65515,,1.0,1.0,1.0,0.9974272727272727,0.9959166666666667,0.9987571428571428,,,,0.002572727272727282,0.0012428571428572122,0.004083333333333328,0.9721027897210279,0.9974272727272698,0.01529380044926644,0.9090909090909091,1.0,0.1682202720811339,1.0025793632709636,,,,,0.0,0,grid_uncalibrated,True
prose,end,7,depth,18,f1,300,11,65515,,0.0012508389773628653,0.0005225314525411097,0.0021099306447812396,0.0013602166623200278,0.0006172373287185209,0.0021917483184532003,,,,-0.00010937768495716252,-0.0004496456940261331,0.0002072322295564184,0.7590240975902409,0.0013602020997319092,0.0001717302908061607,0.0010373918747806983,0.0017080721660490156,-0.6368307061943234,0.9195978874090851,,,,,,0,grid_uncalibrated,True
prose,end,7,depth,19,precision,300,5,65515,,0.00027474624131878193,4.7862863326676583e-05,0.0005393915797874968,0.00032184079981683586,6.615198710740298e-05,0.0006315138851621762,,,,-4.709455849805392e-05,-0.00012893526185918914,1.8554201647170772e-05,0.8095190480951905,0.0003218407998168275,6.135832852142917e-05,0.0002136915210257193,0.00044264672212470426,-0.7675332694500955,0.8536712606827693,,,,,,0,grid_uncalibrated,True
prose,end,7,depth,19,recall,300,5,65515,,1.0,1.0,1.0,0.99576,0.9901500000000001,0.9996499999999999,,,,0.0042400000000000215,0.0003500000000000725,0.009849999999999914,0.979002099790021,0.9957599999999996,0.029087918638174448,1.0,1.0,0.1457649841757965,1.0042580541495947,,,,,0.0,0,grid_uncalibrated,True
prose,end,7,depth,19,f1,300,5,65515,,0.0005493415531106465,0.00012522765411228127,0.0010798110168031118,0.0006434736217423297,0.00013906076772918414,0.001263634783244707,,,,-9.413206863168315e-05,-0.0002582029768663053,3.712394887674443e-05,0.808019198080192,0.000643466245688244,0.00012263695969880528,0.000427268912371724,0.0008849017453924082,-0.7675067353982556,0.8537224085827178,,,,,,0,grid_uncalibrated,True
prose,end,7,depth,20,precision,300,2,65515,,0.00010684576051285965,0.0,0.00033119972793678004,9.243532015568954e-05,0.0,0.000286530347487478,,,,1.4410440357170114e-05,0.0,4.4669380449302015e-05,0.37946205379462056,9.24353201556911e-05,2.959403248956993e-05,4.579104021979699e-05,0.00015263680073265663,0.4869373703042107,1.1558975544510117,,,,,,0,grid_uncalibrated,True
prose,end,7,depth,20,recall,300,2,65515,,1.0,1.0,1.0,1.0,1.0,1.0,,,,0.0,0.0,0.0,1.0,1.0,0.0,1.0,1.0,,1.0,,,,,0.0,0,grid_uncalibrated,True
prose,end,7,depth,20,f1,300,2,65515,,0.00021366869143188546,0.00020471128397841758,0.000833941415615553,0.00018485355331399658,0.00017710402555835776,0.0007215071212564626,,,,2.8815138117888885e-05,2.7607258420059814e-05,0.0001124342943590904,0.37946205379462056,0.00018485180238734134,5.9176242499550494e-05,9.157788699288744e-05,0.00030522701259061424,0.4869671987835831,1.1558918478066054,,,,,,0,grid_uncalibrated,True
prose,end,7,depth,21,precision,300,1,65515,,6.105472029306265e-05,0.0,0.00018794997877046845,7.441349309318477e-05,0.0,0.00022907343412544698,,,,-1.3358772800122116e-05,-4.1123455354978536e-05,0.0,0.7350264973502649,7.441349309318516e-05,3.096848574299208e-05,1.5263680073265663e-05,0.00013737312065939097,-0.43136667743418783,0.820479159829336,,,,,,0,grid_uncalibrated,True
prose,end,7,depth,21,recall,300,1,65515,,1.0,1.0,1.0,1.0,1.0,1.0,,,,0.0,0.0,0.0,1.0,1.0,0.0,1.0,1.0,,1.0,,,,,0.0,0,grid_uncalibrated,True
prose,end,7,depth,21,f1,300,1,65515,,0.00012210198568354217,0.00011701577594511182,0.00047267849599020895,0.00014881591227450936,0.0001426170020066586,0.0005760707616988134,,,,-2.671392659096719e-05,-0.00010339226570860447,-2.56012260615468e-05,0.7350264973502649,0.00014881399482305618,6.192701653391331e-05,3.0526894193784724e-05,0.00027470850375434957,-0.4313466179157141,0.8205006916770475,,,,,,0,grid_uncalibrated,True
prose,end,7,depth,22,precision,300,2,65515,,0.00015263680073265663,0.0,0.0004462876598762778,0.00010941311150118294,0.0,0.0002788569531185234,,,,4.3223689231473695e-05,-0.00011118703097696586,0.00024218377305922182,0.140985901409859,0.00010941311150118485,3.296380746854876e-05,4.579104021979699e-05,0.00018316416087918797,1.3112468659062557,1.3950503613180192,,,,,,0,grid_uncalibrated,True
prose,end,7,depth,22,recall,300,2,65515,,1.0,1.0,1.0,0.9984,0.9968,1.0,,,,0.0016000000000000458,0.0,0.0031999999999999806,0.9968003199680032,0.9984,0.028240392206473224,1.0,1.0,0.056656436932674616,1.001602564102564,,,,,0.0,0,grid_uncalibrated,True
prose,end,7,depth,22,f1,300,2,65515,,0.00030522701259061424,2.986443044148922e-05,0.0009046760052998813,0.00021880224480283933,0.00010384971498543047,0.0005635941971703128,,,,8.642476778777491e-05,-0.00022458462867191675,0.0004895458237398708,0.140985901409859,0.00021880009021125451,6.591240913554924e-05,9.157788699288744e-05,0.0003662612358264532,1.3112390142138832,1.3950040527675895,,,,,,0,grid_uncalibrated,True
prose,end,7,category,clause_level,precision,300,2524,65515,,0.14782874150957795,0.1425961360503012,0.15299511048413605,0.13364252308631605,0.12927485342278708,0.13803049721997826,,,,0.014186218423261898,0.011891977000831569,0.016441924073085385,9.999000099990002e-05,0.13364252308631683,0.0011435311143393955,0.13142028543081738,0.13590780737235747,12.405625212442368,1.1061504833614864,,,,,,0,grid_uncalibrated,True
prose,end,7,category,clause_level,recall,300,2524,65515,,0.9976228209191759,0.9955356689722175,0.999219664455716,0.9832229001584781,0.9816679996417143,0.9846523704330485,,,,0.014399920760697738,0.011961662201845944,0.016745890032296637,9.999000099990002e-05,0.9832229001584856,0.0025832058221095565,0.9778129952456418,0.9881141045958796,5.574438024814727,1.0146456319908428,,,,,0.0,0,grid_uncalibrated,True
prose,end,7,category,clause_level,f1,300,2524,65515,,0.2575007638123324,0.24954246168179967,0.26528529955488933,0.2353020988897133,0.228482886578005,0.24209111779572376,,,,0.0221986649226191,0.01871068934598824,0.025619118828983937,9.999000099990002e-05,0.2353003410073607,0.001789024427573999,0.2318166318856562,0.23882106844163564,12.40923402878099,1.0943493014499168,,,,,,0,grid_uncalibrated,True
prose,end,7,category,phrase_level,precision,300,13781,65515,,0.7048614821033351,0.6976723352048999,0.712032306779201,0.6927267923376331,0.6861751391908868,0.6993959484503462,,,,0.012134689765701978,0.008827823629457013,0.015403266115473987,9.999000099990002e-05,0.6927267923376347,0.0015535297611708927,0.689673738838434,0.6957795924597421,7.811044287014192,1.017517280838455,,,,,,0,grid_uncalibrated,True
prose,end,7,category,phrase_level,recall,300,13781,65515,,0.9955736158479065,0.9941847588086784,0.9968212296626894,0.993537268703287,0.9924299301650455,0.9945770723618921,,,,0.0020363471446195325,0.0008750389683766014,0.0032092367255808856,0.00039996000399960006,0.9935372687034414,0.0006018666828868141,0.9923808141644292,0.9947028517524127,3.383385727048214,1.0020495931140283,,,,,0.0,0,grid_uncalibrated,True
prose,end,7,category,phrase_level,f1,300,13781,65515,,0.8253669843148034,0.8202776193787905,0.830367154665887,0.816301433586705,0.8116441481075135,0.8210080347316216,,,,0.009065550728098337,0.006714854514118996,0.011412633756529688,9.999000099990002e-05,0.8163004391383315,0.0011239213901019438,0.8141214578112422,0.8184985919588127,8.066885510248635,1.0111068728396646,,,,,,0,grid_uncalibrated,True
prose,end,7,category,structural_other,precision,300,18,65515,,0.0014195222468137067,0.0007056376510801626,0.0022894975760219508,0.0011494482179653517,0.0006367374970739316,0.0017371593400241745,,,,0.00027007402884835505,-9.9689154409809e-05,0.0006907685703034655,0.012598740125987402,0.0011494482179653378,0.00011357628297090121,0.0009310844844692055,0.0013737312065939097,2.3779086776203373,1.234959717738684,,,,,,0,grid_uncalibrated,True
prose,end,7,category,structural_other,recall,300,18,65515,,1.0,1.0,1.0,0.9956833333333335,0.9913534374999999,0.9987706092436974,,,,0.004316666666666524,0.0012293907563025593,0.008646562500000118,0.9241075892410759,0.9956833333333399,0.015241901009041513,0.9444444444444444,1.0,0.2832105171198418,1.0043353810615758,,,,,0.0,0,grid_uncalibrated,True
prose,end,7,category,structural_other,f1,300,18,65515,,0.002835020119497622,0.0014102801553598063,0.004568535501088189,0.002296245577671954,0.0012726553706564644,0.0034682704932859163,,,,0.0005387745418256682,-0.00019866387716878833,0.001376552445339488,0.012598740125987402,0.0022962201909598116,0.00022663130559011168,0.001860436745150665,0.002743693316058227,2.3774293985328354,1.2346464553613188,,,,,,0,grid_uncalibrated,True
prose,start,8,all,all,precision,300,25185,65515,,0.8836144394413493,0.8777209605467945,0.889530019985174,0.8831292146836602,0.8778628417339835,0.8884349956145879,,,,0.00048522475768908446,-0.002305663985534098,0.0032595800588572188,0.33086691330866913,0.88312921468366,0.001086470254081656,0.8810192322368923,0.8852171258490422,0.44660657378001106,1.0005494380093214,,,,,,0,grid_uncalibrated,True
prose,start,8,all,all,recall,300,25185,65515,,0.9982926345046654,0.9975828834619533,0.9989175699832104,0.9964943537820132,0.9956320582160991,0.9972773559521739,,,,0.0017982807226522013,0.0011179225313496578,0.0025374598580313627,9.999000099990002e-05,0.996494353782013,0.00031720625250188957,0.995870557871749,0.9971014492753624,5.6691213003177205,1.0018046070364848,,,,,0.0,0,grid_uncalibrated,True
prose,start,8,all,all,f1,300,25185,65515,,0.9374594514772224,0.9340468194943319,0.9408574623670816,0.9363931064245775,0.9333314345931389,0.939472999383585,,,,0.0010663450526449125,-0.0006320568100768888,0.0027690091491435085,0.047495250474952504,0.9363927434511147,0.0006367189004109729,0.9351345917477326,0.9376201151759285,1.6753201851228905,1.0011391673350398,,,,,,0,grid_uncalibrated,True
prose,start,8,depth,1,precision,300,1478,65515,,0.11296649622223918,0.10910029155567441,0.11674556631763087,0.10166387544837062,0.09848417811650934,0.10487539779068433,,,,0.011302620773868566,0.009205340377511808,0.013333020467810304,9.999000099990002e-05,0.10166387544837073,0.0010095355962797933,0.09970235823857132,0.10364038769747386,11.195861558046467,1.1111763713907248,,,,,,0,grid_uncalibrated,True
prose,start,8,depth,1,recall,300,1478,65515,,1.0,1.0,1.0,0.9961257104194852,0.9951476381608054,0.996994875097499,,,,0.0038742895805148336,0.0030051249025010306,0.004852361839194583,0.0028997100289971,0.9961257104194968,0.0015830443267998674,0.9925575101488497,0.9986468200270636,2.447366453935673,1.0038893580799872,,,,,0.0,0,grid_uncalibrated,True
prose,start,8,depth,1,f1,300,1478,65515,,0.20300071314937737,0.19673656636148812,0.20908176372234433,0.18449801575581062,0.17924780969969253,0.1897661382767609,,,,0.018502697393566747,0.015098452927135417,0.021789647144808633,9.999000099990002e-05,0.18449651039475498,0.0016660840137266424,0.18127029294506236,0.18776770314624472,11.106404360265598,1.1002956788452538,,,,,,0,grid_uncalibrated,True
prose,start,8,depth,2,precision,300,2411,65515,,0.16286346638174465,0.1575082903612224,0.16825977024650066,0.1517112004884378,0.147339360861587,0.15613412586520242,,,,0.01115226589330684,0.008509412160855634,0.013820720937881155,9.999000099990002e-05,0.15171120048843778,0.0011888743796265348,0.1494005189651225,0.15407158665954362,9.380525044883353,1.0735098388082218,,,,,,0,grid_uncalibrated,True
prose,start,8,depth,2,recall,300,2411,65515,,0.9995852343425964,0.9986979166666666,1.0,0.9965114060555776,0.9956143287703508,0.9973207902589953,,,,0.0030738282870187428,0.0018936804360892181,0.004139505724738282,0.0022997700229977,0.99651140605559,0.001174034487942785,0.99419328079635,0.9987557030277893,2.6181754612614228,1.0030845891660922,,,,,0.0,0,grid_uncalibrated,True
prose,start,8,depth,2,f1,300,2411,65515,,0.2800913556144077,0.27214425402013886,0.28802534639240324,0.2633321114764473,0.25672460893394733,0.2699738766926512,,,,0.016759244137960372,0.01284282509761454,0.02069246682292785,9.999000099990002e-05,0.26333029634738003,0.0017973312630370196,0.2598284339720672,0.26687056960023386,9.325525912627725,1.0636503262234467,,,,,,0,grid_uncalibrated,True
prose,start,8,depth,3,precision,300,3547,65515,,0.23432801648477447,0.22748295259253276,0.24133029389309657,0.2286746668701824,0.22253772650426407,0.234935573325893,,,,0.005653349614592074,0.0025039397002906126,0.008845348520065431,9.999000099990002e-05,0.22867466687018445,0.0013752013758367915,0.2259635198046249,0.2313821262306342,4.110924926285819,1.0247222383308394,,,,,,0,grid_uncalibrated,True
prose,start,8,depth,3,recall,300,3547,65515,,0.9988722864392444,0.99735603228022,1.0,0.9954133070200172,0.9944948710401953,0.9962583729372433,,,,0.003458979419227237,0.0020982234677032973,0.00469717474848991,0.00029997000299970003,0.9954133070200174,0.001102306394242529,0.9932337186354666,0.9974626444883,3.1379473414049452,1.0034749178003077,,,,,0.0,0,grid_uncalibrated,True
prose,start,8,depth,3,f1,300,3547,65515,,0.3796038016661775,0.37059235125676754,0.38872882054706753,0.37191086136978424,0.36374577793302254,0.38014045877470337,,,,0.00769294029639328,0.0035083494694417685,0.01188576375323354,9.999000099990002e-05,0.3719088537098772,0.0018310597388054928,0.3682809221210537,0.3755292521855427,4.20245598394304,1.0206904134697021,,,,,,0,grid_uncalibrated,True
prose,start,8,depth,4,precision,300,3827,65515,,0.24704266198580477,0.2395269081805853,0.2544590334466065,0.2521746378691901,0.2453633789341785,0.2590493859990328,,,,-0.00513197588338532,-0.008199707887901326,-0.0019819789580746657,0.9998000199980002,0.25217463786919336,0.001445586671089692,0.24934709608486605,0.2550106845760513,-3.5500990608332605,0.9796491196467956,,,,,,0,grid_uncalibrated,True
prose,start,8,depth,4,recall,300,3827,65515,,0.9986934935981187,0.9973964943753797,0.9997386304234187,0.9964142931800368,0.9955028241894331,0.9972095780939767,,,,0.002279200418081828,0.0009253627842794738,0.003476523566061676,0.0045995400459954,0.996414293179975,0.0009095801659041406,0.9945126731120982,0.9981708910373661,2.5057718973875134,1.0022874023724306,,,,,0.0,0,grid_uncalibrated,True
prose,start,8,depth,4,f1,300,3827,65515,,0.3961029758355783,0.3863878813569767,0.4056124935578224,0.40248701122027514,0.3937551363411565,0.41117881525378075,,,,-0.00638403538469684,-0.010352199702874178,-0.0023218901647264357,0.9996000399960004,0.4024849082074826,0.0018518472143887164,0.3988593166987764,0.4061132911805661,-3.4462521110365776,0.9841436728638421,,,,,,0,grid_uncalibrated,True
prose,start,8,depth,5,precision,300,3346,65515,,0.21384415782645197,0.20703600647210682,0.22064374987167654,0.22420747920323592,0.21803728823621993,0.23049537527627562,,,,-0.010363321376783946,-0.01330931187688444,-0.007527480660680777,1.0,0.2242074792032364,0.0013757175710059708,0.2215217889033046,0.22687934060902085,-7.533029740404064,0.9537779854016805,,,,,,0,grid_uncalibrated,True
prose,start,8,depth,5,recall,300,3346,65515,,0.9988045427375971,0.997520898048875,0.9997118176376182,0.9965805439330543,0.9956263873635303,0.9974282117334853,,,,0.002223998804542826,0.000823770571778454,0.003515771295246442,0.009799020097990201,0.996580543933009,0.000953934285204515,0.9946204423191871,0.9982068141063957,2.331396238799948,1.0022316297645257,,,,,0.0,0,grid_uncalibrated,True
prose,start,8,depth,5,f1,300,3346,65515,,0.3522677526898066,0.3429881354935471,0.361444323439197,0.36605996674866564,0.3577895432297267,0.374390941670353,,,,-0.013792214058859054,-0.017788395225860176,-0.009943277340512341,1.0,0.366057926728518,0.001842395955292538,0.36244414371293415,0.36962269688822696,-7.484913326637102,0.9623278912112215,,,,,,0,grid_uncalibrated,True
prose,start,8,depth,6,precision,300,2807,65515,,0.18055407158665954,0.17438642682361682,0.18676176082499632,0.18832612684118127,0.18278262454525876,0.19404443048752842,,,,-0.007772055254521737,-0.010513569663536733,-0.005067770710040041,1.0,0.18832612684117886,0.0012901917023642137,0.1858200412119362,0.1909333740364802,-6.023953835912453,0.9587308708309298,,,,,,0,grid_uncalibrated,True
prose,start,8,depth,6,recall,300,2807,65515,,0.9982187388671179,0.9965301606069616,0.9996404203474796,0.9968006768792309,0.9959778281753751,0.9975420809900254,,,,0.001418061987886965,-0.0001824055906755795,0.0028535759595809244,0.10638936106389361,0.9968006768792378,0.0010240591581605865,0.9946562166013537,0.9985749910936943,1.3847461609807798,1.0014226133877835,,,,,0.0,0,grid_uncalibrated,True
prose,start,8,depth,6,f1,300,2807,65515,,0.30579676768617825,0.29691844936747736,0.31468119418826773,0.31679919839804754,0.3089156654618788,0.32485736254624115,,,,-0.011002430711869293,-0.014942743190381259,-0.007126668545142734,1.0,0.31679724647611845,0.0018329628741044798,0.3132290097445705,0.3204767885769171,-6.00147386799345,0.9652759646357296,,,,,,0,grid_uncalibrated,True
prose,start,8,depth,7,precision,300,2256,65515,,0.14424177669236052,0.13855012167573266,0.15009796888103366,0.15114655575059147,0.14590096999995628,0.1565638755593143,,,,-0.006904779058230948,-0.009141295503263725,-0.004740641030863969,1.0,0.15114655575059172,0.0011811079801681197,0.14885140807448677,0.15349194840876135,-5.846018462468069,0.9543173245070511,,,,,,0,grid_uncalibrated,True
prose,start,8,depth,7,recall,300,2256,65515,,0.9973404255319149,0.9951175667493668,0.9991405242801891,0.9968230053191485,0.995919308239517,0.9976154756507989,,,,0.0005174202127664618,-0.0016102405166295315,0.0024783728027353282,0.42185781421857815,0.996823005319161,0.001132634225818946,0.9942375886524822,0.9986702127659575,0.45682904591709467,1.0005190692931372,,,,,0.0,0,grid_uncalibrated,True
prose,start,8,depth,7,f1,300,2256,65515,,0.25203293230315427,0.24331461758467562,0.26090585106284236,0.2624919145182626,0.2545413737571928,0.27063909819094756,,,,-0.010458982215108326,-0.013888833394369283,-0.007150387290495744,1.0,0.26249011559609803,0.0017867914471743189,0.2590180734707492,0.26602924434330105,-5.852492359688109,0.9601616111555432,,,,,,0,grid_uncalibrated,True
prose,start,8,depth,8,precision,300,1684,65515,,0.10531939250553309,0.09978472870144864,0.11090854943993085,0.11270302678775852,0.10739920505768766,0.11795116757845864,,,,-0.0073836342822254375,-0.00949554250670533,-0.005235279104278906,1.0,0.11270302678775942,0.0010546549726966608,0.1106464168511028,0.11476761047088453,-7.0009950869022415,0.9344859273732632,,,,,,0,grid_uncalibrated,True
prose,start,8,depth,8,recall,300,1684,65515,,0.998812351543943,0.9969456322541234,1.0,0.996945249406176,0.996038025689641,0.9977378615446272,,,,0.0018671021377669739,-7.909725456665671e-05,0.003470301559409633,0.10748925107489252,0.9969452494061667,0.001315357126417656,0.994061757719715,0.9994061757719715,1.4194640377714822,1.0018728231453917,,,,,0.0,0,grid_uncalibrated,True
prose,start,8,depth,8,f1,300,1684,65515,,0.1905466637628295,0.18144113218993999,0.1996606397038223,0.202512362809485,0.1939072924304751,0.21094806118303103,,,,-0.011965699046655509,-0.015424186539871283,-0.008470940920643927,1.0,0.2025107703689081,0.0017062796872770911,0.19916405989512875,0.20584100938521577,-7.011808612204206,0.9409211342967886,,,,,,0,grid_uncalibrated,True
prose,start,8,depth,9,precision,300,1195,65515,,0.0745478134778295,0.06976340864712627,0.07944115176369036,0.07982272914599704,0.07495719391335659,0.08467478229251266,,,,-0.00527491566816754,-0.007165961314225998,-0.0034069774724591047,1.0,0.079822729145998,0.0008999629936627694,0.07808898725482714,0.08158436999160498,-5.861258413193258,0.9339171220452694,,,,,,0,grid_uncalibrated,True
prose,start,8,depth,9,recall,300,1195,65515,,0.9974895397489539,0.994331983805668,1.0,0.9967416736401676,0.9957483392037019,0.9976361100142898,,,,0.0007478661087862992,-0.0024397422984088145,0.0033268078753021257,0.4480551944805519,0.9967416736401771,0.001610910370190193,0.9933054393305439,0.999163179916318,0.4642506017815039,1.000750310866451,,,,,0.0,0,grid_uncalibrated,True
prose,start,8,depth,9,f1,300,1195,65515,,0.13872774849023464,0.13040698541845508,0.14717123078733624,0.14780841803351027,0.13942826941936817,0.15608367013348826,,,,-0.009080669543275632,-0.012330323580345654,-0.005858443536261605,1.0,0.1478071535806057,0.001545424870538273,0.14481263782800707,0.15083245713228444,-5.875021984866007,0.9385726274376858,,,,,,0,grid_uncalibrated,True
prose,start,8,depth,10,precision,300,871,65515,,0.055788750667786005,0.051249089780732913,0.06044646001635413,0.05814515607112876,0.053646086902328256,0.06265220127252319,,,,-0.002356405403342754,-0.003851692966472577,-0.0007881893661204774,0.9992000799920008,0.05814515607112887,0.0007699974361323197,0.05662825307181561,0.05963519804624895,-3.060276947387043,0.9594737453200697,,,,,,0,grid_uncalibrated,True
prose,start,8,depth,10,recall,300,871,65515,,0.9965556831228473,0.9922478471613468,1.0,0.9967695752009186,0.9954676582374871,0.9978197252462981,,,,-0.0002138920780713205,-0.004178257214844441,0.002883652093969343,0.6904309569043096,0.9967695752009342,0.0018918550679166142,0.9931113662456946,1.0,-0.11305944187496407,0.999785414720304,,,,,0.0,0,grid_uncalibrated,True
prose,start,8,depth,10,f1,300,871,65515,,0.10566235682369138,0.09748710212795948,0.11397951821652766,0.10988058238057492,0.10181022375558638,0.11789065404252969,,,,-0.004218225556883545,-0.006898689889305045,-0.0014063332427586947,0.9991000899910009,0.10987959284906908,0.0013763780005869389,0.10717418304724463,0.11253627185763593,-3.0640100492592244,0.9616194789584768,,,,,,0,grid_uncalibrated,True
prose,start,8,depth,11,precision,300,650,65515,,0.04061665267495993,0.03655709172842618,0.04467247440733453,0.0432808135541479,0.0393881855909722,0.047264624200326726,,,,-0.002664160879187971,-0.0042256795935150734,-0.0009702905707711841,1.0,0.04328081355414716,0.0006643866783784707,0.04197512020148058,0.04457032740593756,-4.009955295445551,0.9384447596888588,,,,,,0,grid_uncalibrated,True
prose,start,8,depth,11,recall,300,650,65515,,0.9953846153846154,0.9893935370395917,1.0,0.9970589230769226,0.9959940287093226,0.9979680662195717,,,,-0.001674307692307142,-0.007504848083548857,0.002857459695290675,0.8726127387261274,0.9970589230769782,0.0020995853966241664,0.9923076923076923,1.0,-0.7974468173834758,0.9983207535145509,,,,,0.0,0,grid_uncalibrated,True
prose,start,8,depth,11,f1,300,650,65515,,0.07804853613123304,0.07052199592946744,0.08549361348786247,0.08296044038832108,0.07578226920783648,0.09025216055487204,,,,-0.00491190425708804,-0.007787675270321636,-0.0017871302946014704,1.0,0.08295967136203956,0.0012214009590508757,0.08056337258884005,0.08533672780784658,-4.020903368720834,0.9408009319447022,,,,,,0,grid_uncalibrated,True
prose,start,8,depth,12,precision,300,411,65515,,0.025719300923452645,0.022516156282347505,0.02904765504327394,0.02741632755857435,0.024306302117989297,0.030656699100432915,,,,-0.001697026635121706,-0.0029896795755679677,-0.00038862324780585737,0.9995000499950005,0.027416327558575027,0.0005344316054119681,0.026375639166603067,0.028466763336640465,-3.1753859950221783,0.9381016063695372,,,,,,0,grid_uncalibrated,True
prose,start,8,depth,12,recall,300,411,65515,,1.0,1.0,1.0,0.9971883211678831,0.9960910962669327,0.9981409900136979,,,,0.0028116788321168595,0.0018590099863020127,0.003908903733067331,0.3137686231376862,0.997188321167881,0.0026301078458598375,0.9902676399026764,1.0,1.0690355669426066,1.002819606660481,,,,,0.0,0,grid_uncalibrated,True
prose,start,8,depth,12,f1,300,411,65515,,0.050148809523809526,0.044040685604827864,0.056455412732085174,0.053365445266533015,0.04745617776834762,0.05948573511707576,,,,-0.0032166357427234893,-0.005672664035828482,-0.0007319822929418156,0.9994000599940006,0.053364924824359755,0.001012873431619834,0.051392463149620704,0.05535767289997032,-3.1752390774105597,0.9397335363792707,,,,,,0,grid_uncalibrated,True
prose,start,8,depth,13,precision,300,260,65515,,0.01636266503854079,0.013670719062703203,0.019221309164578274,0.017569368846828963,0.014933274789301896,0.02031358735477767,,,,-0.0012067038082881724,-0.002180716189686796,-0.00019569762264015273,0.9981001899810019,0.0175693688468289,0.0004279652661108789,0.016743875448370603,0.018423261848431658,-2.819630245356109,0.9313177485879973,,,,,,0,grid_uncalibrated,True
prose,start,8,depth,13,recall,300,260,65515,,0.9846153846153847,0.966804979253112,0.9965277777777778,0.9974115384615386,0.9962295877512266,0.9983950383058113,,,,-0.012796153846153957,-0.030271456161863823,-0.0007775776554879183,0.9995000499950005,0.9974115384615722,0.003108816280067856,0.9884615384615385,1.0,-4.116085575152799,0.9871706378433074,,,,,0.0,0,grid_uncalibrated,True
prose,start,8,depth,13,f1,300,260,65515,,0.03219037967081433,0.026964300265232267,0.037706345002086084,0.03453048443597937,0.029426090414073184,0.03981584393409609,,,,-0.002340104765165038,-0.004224373845370173,-0.00038344749105093394,0.9981001899810019,0.034530139873712486,0.0008267506918837583,0.03293009777403667,0.03617997062438176,-2.830067426453542,0.9322400600908254,,,,,,0,grid_uncalibrated,True
prose,start,8,depth,14,precision,300,150,65515,,0.009112417003739602,0.007281693956430242,0.011098927572511684,0.010117173166450435,0.008205579366403981,0.012149971250776707,,,,-0.0010047561627108334,-0.0016163726909251988,-0.00040699339867637633,0.9992000799920008,0.010117173166450265,0.0003258639159844542,0.009478745325497978,0.010760894451652294,-3.0833612235808174,0.9006880532555721,,,,,,0,grid_uncalibrated,True
prose,start,8,depth,14,recall,300,150,65515,,0.9866666666666667,0.9647887323943662,1.0,0.9974800000000003,0.996111127994894,0.9986120991006279,,,,-0.010813333333333564,-0.03215606601573902,0.0027221526143790813,0.9936006399360064,0.9974799999999663,0.004062583388893209,0.9866666666666667,1.0,-2.6616889545855016,0.9891593482242251,,,,,0.0,0,grid_uncalibrated,True
prose,start,8,depth,14,f1,300,150,65515,,0.018058057771641885,0.014457536884049974,0.02195278342032439,0.020031175471358496,0.016277263300631787,0.02400717270822324,,,,-0.001973117699716611,-0.003170274329923112,-0.0007996784923289056,0.9992000799920008,0.0200309710255693,0.0006387829882182682,0.018779484698197655,0.021292660827544548,-3.0885500871436555,0.9015068589830709,,,,,,0,grid_uncalibrated,True
prose,start,8,depth,15,precision,300,119,65515,,0.007143402274288331,0.005506464476530939,0.008886194706796663,0.007893882317026635,0.00615097436068185,0.009751285326920699,,,,-0.0007504800427383046,-0.0013162531593890897,-0.0001662858005040994,0.9958004199580042,0.007893882317026682,0.00028745827515460736,0.007326566435167519,0.008456078760589177,-2.6107442630924824,0.9049289041059548,,,,,,0,grid_uncalibrated,True
prose,start,8,depth,15,recall,300,119,65515,,0.9915966386554622,0.9714285714285714,1.0,0.9976932773109244,0.9962204288254936,0.9988655228288632,,,,-0.006096638655462172,-0.02562238505220724,0.0032294772518380605,0.9702029797020298,0.9976932773109375,0.0043566110520637195,0.9831932773109243,1.0,-1.3993993456421374,0.9938892655747792,,,,,0.0,0,grid_uncalibrated,True
prose,start,8,depth,15,f1,300,119,65515,,0.014184619407376546,0.01095189137407111,0.017614767481494834,0.015663830318785918,0.012226567844841723,0.019313845911797942,,,,-0.0014792109114093715,-0.0025935758793093314,-0.00032848231598762507,0.9957004299570043,0.015663669912459315,0.0005659757956419358,0.014546556557314948,0.01677034615326401,-2.613275190337801,0.9055744590285134,,,,,,0,grid_uncalibrated,True
prose,start,8,depth,16,precision,300,76,65515,,0.004594367702052965,0.0031740772350226792,0.0061671974573123825,0.005004853850263297,0.0036038765555836635,0.006514468827419322,,,,-0.00041048614821033273,-0.0008149527121296851,5.012028251081161e-05,0.965003499650035,0.005004853850263213,0.00023289896702361428,0.004548576661833168,0.005464397466229108,-1.7625073801578015,0.9179823905969481,,,,,,0,grid_uncalibrated,True
prose,start,8,depth,16,recall,300,76,65515,,1.0,1.0,1.0,0.9970605263157893,0.9947066562500001,0.9988879660919541,,,,0.0029394736842106584,0.0011120339080459287,0.005293343749999934,0.7967203279672033,0.9970605263158199,0.006105517964810038,0.9868421052631579,1.0,0.4814454238153378,1.0029481396631372,,,,,0.0,0,grid_uncalibrated,True
prose,start,8,depth,16,f1,300,76,65515,,0.009146712045703172,0.006328068691213986,0.012258792520155729,0.009959713832744545,0.007181814105602195,0.012944436538070748,,,,-0.0008130017870413737,-0.0016134374353103925,9.943398490307086e-05,0.9632036796320368,0.00995960818202745,0.00046118840725897943,0.009055961588136083,0.010869400209494026,-1.7626118166231324,0.9183807112220352,,,,,,0,grid_uncalibrated,True
prose,start,8,depth,17,precision,300,44,65515,,0.002869571853773945,0.0017456887156186984,0.004182561539671251,0.0029848645348393493,0.001898650338774043,0.004212202437560291,,,,-0.0001152926810654045,-0.00048551009861394647,0.0003223567021280823,0.7532246775322468,0.0029848645348393554,0.00017638442286221017,0.00264061665267496,0.0033274822559719148,-0.6536443479222432,0.9613742333296156,,,,,,0,grid_uncalibrated,True
prose,start,8,depth,17,recall,300,44,65515,,1.0,1.0,1.0,0.99895,0.9981625000000001,0.9995910919401545,,,,0.0010499999999999954,0.0004089080598454838,0.0018374999999999392,0.954904509549045,0.9989499999999977,0.004888751373203947,0.9772727272727273,1.0,0.2147787686151417,1.001051103658844,,,,,0.0,0,grid_uncalibrated,True
prose,start,8,depth,17,f1,300,44,65515,,0.0057227219457254615,0.003485293194234081,0.008330281165702629,0.005951944647543678,0.0037900979549122587,0.008389047689222296,,,,-0.00022922270181821667,-0.0009652365425007191,0.0006407065194094549,0.7514248575142486,0.0059518834254990195,0.0003506758436513115,0.005267324321032761,0.006632893675931419,-0.6534852169669855,0.9614976531980136,,,,,,0,grid_uncalibrated,True
prose,start,8,depth,18,precision,300,24,65515,,0.0014805769671067694,0.00077192518701602,0.002290927944507838,0.0016228756773258035,0.0008803433477738893,0.0024751058904382084,,,,-0.0001422987102190341,-0.00034687110673093654,6.926341829631258e-05,0.8747125287471252,0.0016228756773258265,0.00013121204373073118,0.0013737312065939097,0.0018926963290849424,-1.084494274863042,0.9123169370228428,,,,,,0,grid_uncalibrated,True
prose,start,8,depth,18,recall,300,24,65515,,1.0,1.0,1.0,0.9988874999999999,0.9978293907563026,0.9997448318965517,,,,0.0011125000000000718,0.0002551681034483056,0.0021706092436973934,0.9737026297370263,0.9988875000000013,0.0068198277332040536,0.9583333333333334,1.0,0.16312728759734682,1.0011137390346747,,,,,0.0,0,grid_uncalibrated,True
prose,start,8,depth,18,f1,300,24,65515,,0.002956776199475706,0.0015426595562485343,0.004571383179531213,0.0032404865907309476,0.001759134717960385,0.004937974660417934,,,,-0.0002837103912552417,-0.0006912906230145097,0.00013805922473305717,0.8740125987401259,0.0032404525927263194,0.00026157424723505734,0.002743693316058227,0.0037782415941741954,-1.0844966438752461,0.9124577863328821,,,,,,0,grid_uncalibrated,True
prose,start,8,depth,19,precision,300,14,65515,,0.0006868656032969549,0.00028098887002059027,0.0011802104760694947,0.0009625154544760742,0.0004173166346802417,0.001603945727344516,,,,-0.00027564985117911936,-0.0005023434446431095,-9.070170446511143e-05,0.9976002399760024,0.0009625154544760779,0.0001024294139761657,0.0007631840036632832,0.001175303365641456,-2.691120064821068,0.7136151425961608,,,,,,0,grid_uncalibrated,True
prose,start,8,depth,19,recall,300,14,65515,,1.0,1.0,1.0,0.9985499999999999,0.9968615384615384,0.9998999999999999,,,,0.0014500000000000624,0.00010000000000010001,0.0031384615384616454,0.9801019898010199,0.9985499999999987,0.010274294006705416,1.0,1.0,0.14112891835243915,1.0014521055530532,,,,,0.0,0,grid_uncalibrated,True
prose,start,8,depth,19,f1,300,14,65515,,0.0013727882855399634,0.0005618198748943905,0.0023576384425500908,0.0019231771332649393,0.0008342849313006696,0.003202747227191306,,,,-0.0005503888477249759,-0.0010020015777673682,-0.00018125985541383256,0.9976002399760024,0.0019231563839936317,0.00020446383335511365,0.0015252039960344697,0.0023478472984510305,-2.6917625940123435,0.7138204136520753,,,,,,0,grid_uncalibrated,True
prose,start,8,depth,20,precision,300,7,65515,,0.0004273830420514386,0.00010708194087496064,0.000835015508963889,0.0004776371823246585,0.00014833707790861192,0.0008887413133877383,,,,-5.0254140273219916e-05,-0.00019223795421943846,8.873192696110956e-05,0.7869213078692131,0.000477637182324659,7.174922005596907e-05,0.00035106464168511027,0.0006258108830038922,-0.7004137499197747,0.894785954417046,,,,,,0,grid_uncalibrated,True
prose,start,8,depth,20,recall,300,7,65515,,1.0,1.0,1.0,0.9990714285714286,0.9972166666666666,1.0,,,,0.0009285714285713897,0.0,0.00278333333333336,0.9935006499350065,0.9990714285714294,0.011480592176633893,1.0,1.0,0.08088184078696797,1.0009294344748687,,,,,0.0,0,grid_uncalibrated,True
prose,start,8,depth,20,f1,300,7,65515,,0.0008544009276352929,0.0002161451299694357,0.0016686902184526412,0.0009548178842507944,0.0003012082562290851,0.0017769579693552688,,,,-0.00010041695661550153,-0.0003841741970140532,0.0001772927209083634,0.7862213778622138,0.0009548076800310517,0.00014335968328645844,0.0007018828771094632,0.0012508389773628653,-0.7003834697034594,0.8948408622011781,,,,,,0,grid_uncalibrated,True
prose,start,8,depth,21,precision,300,4,65515,,0.0002136915210257193,0.0,0.0004921857470808798,0.0002618056933526673,0.0,0.0006042227082009155,,,,-4.811417232694802e-05,-0.00011463605750348363,0.0,0.8593140685931406,0.0002618056933526571,5.2497337011589495e-05,0.0001679004808059223,0.00036632832175837593,-0.9165069137948079,0.8162218257716529,,,,,,0,grid_uncalibrated,True
prose,start,8,depth,21,recall,300,4,65515,,1.0,1.0,1.0,0.9996,0.9984,1.0,,,,0.00039999999999995595,0.0,0.0016000000000000458,0.9984001599840016,0.9996,0.009992496434751485,1.0,1.0,0.040030036799297994,1.0004001600640255,,,,,0.0,0,grid_uncalibrated,True
prose,start,8,depth,21,f1,300,4,65515,,0.000427291733431,9.15646103580959e-05,0.0009914185513042074,0.0005234742833162832,0.00012713823915478278,0.001216259907069642,,,,-9.618254988528319e-05,-0.0002314155701866576,-1.6494042641778964e-05,0.8591140885911409,0.000523468787966245,0.00010493833427763017,0.00033574458993376673,0.0007323883489220159,-0.9165102076119687,0.8162697437818455,,,,,,0,grid_uncalibrated,True
prose,start,8,depth,22,precision,300,3,65515,,0.00027474624131878193,0.0,0.0006819375179236429,0.00020897962298710218,0.0,0.00048212732195477735,,,,6.576661833167976e-05,-9.599129028326148e-05,0.0002641956087004902,0.11758824117588242,0.00020897962298709784,4.764170510610408e-05,0.0001221094405861253,0.00030527360146531327,1.3804421606072568,1.3147034978417222,,,,,,0,grid_uncalibrated,True
prose,start,8,depth,22,recall,300,3,65515,,1.0,1.0,1.0,0.9994999999999999,0.9985,1.0,,,,0.000500000000000056,0.0,0.0014999999999999458,0.9985001499850015,0.9995000000000002,0.01290090345664574,1.0,1.0,0.038756975562224294,1.0005002501250624,,,,,0.0,0,grid_uncalibrated,True
prose,start,8,depth,22,f1,300,3,65515,,0.0005493415531106465,3.0591389109394864e-05,0.0013691118795966196,0.00041787187558199227,0.00012083251004669716,0.0009713453382594184,,,,0.00013146967752865427,-0.00019312787063914967,0.0005329190425014123,0.11758824117588242,0.0004178673550397445,9.524242325292001e-05,0.00024418906338232377,0.0006103608758678569,1.3804163478890823,1.3146314170878393,,,,,,0,grid_uncalibrated,True
prose,start,8,depth,23,precision,300,1,65515,,0.00010684576051285965,0.0,0.00033154117590659157,6.412271998778905e-05,0.0,0.00019897206856908442,,,,4.2723040525070595e-05,0.0,0.00013256910733750715,0.0917908209179082,6.412271998778774e-05,2.5234848796302476e-05,1.5263680073265663e-05,0.0001221094405861253,1.6930174961591955,1.6662699357296225,,,,,,0,grid_uncalibrated,True
prose,start,8,depth,23,recall,300,1,65515,,1.0,1.0,1.0,0.9989,0.9989,0.9989,,,,0.0010999999999999899,0.0010999999999999899,0.0010999999999999899,0.9989001099890011,0.9989,0.03314965897244181,1.0,1.0,0.033182845136188244,1.0011012113324658,,,,,0.0,0,grid_uncalibrated,True
prose,start,8,depth,23,f1,300,1,65515,,0.00021366869143188546,0.00020442872940235488,0.0008353938888989028,0.00012823720800182628,0.00012269144799739685,0.0005014392868474923,,,,8.543148343005918e-05,8.173728140495802e-05,0.00033395460205141054,0.0917908209179082,0.00012823594384922754,5.046260396182613e-05,3.0526894193784724e-05,0.00024418906338232377,1.692991262347182,1.6662152982872325,,,,,,0,grid_uncalibrated,True
prose,start,8,category,clause_level,precision,300,4386,65515,,0.26035259100969244,0.2504843115021065,0.27001890773376447,0.2542177852400213,0.244621135459932,0.26364940726951863,,,,0.0061348057696711256,0.003239531750950841,0.009002322010240791,9.999000099990002e-05,0.2542177852400229,0.0014118619479996345,0.25149965656719836,0.2570403724337938,4.3451881243498915,1.0241320872333037,,,,,,0,grid_uncalibrated,True
prose,start,8,category,clause_level,recall,300,4386,65515,,0.9995440036479708,0.998850039384668,1.0,0.9968109211126311,0.9959586241609486,0.9975477090854556,,,,0.0027330825353396593,0.001944946494973912,0.003617503124873538,0.00029997000299970003,0.9968109211126369,0.0008413256381506443,0.9949840401276789,0.9984040127678978,3.248543027098993,1.002741826436134,,,,,0.0,0,grid_uncalibrated,True
prose,start,8,category,clause_level,f1,300,4386,65515,,0.4131035392609517,0.4006003668158453,0.4251999955163019,0.4051179055788761,0.3928112144828772,0.41700602616207316,,,,0.00798563368207561,0.004335105699881189,0.011570275718070807,9.999000099990002e-05,0.40511590512156165,0.0018017595343054055,0.401635402782492,0.40871211613480835,4.433240944369072,1.0197169107369242,,,,,,0,grid_uncalibrated,True
prose,start,8,category,phrase_level,precision,300,20785,65515,,0.791666030679997,0.7853684290585289,0.7980212992324537,0.7978579470350303,0.7922310469707096,0.8034289836611059,,,,-0.006191916355033356,-0.009431989215703878,-0.002979993107160431,1.0,0.7978579470350285,0.0013499132258680134,0.7952224681370679,0.8005040830344196,-4.58689954019088,0.9922393248346504,,,,,,0,grid_uncalibrated,True
prose,start,8,category,phrase_level,recall,300,20785,65515,,0.9980274236228049,0.9972321072355429,0.9987341223183369,0.9964261919653601,0.9955501752825545,0.9972283589805586,,,,0.001601231657444857,0.0008791097266920322,0.0023637486915401014,9.999000099990002e-05,0.9964261919653602,0.0003675265968230471,0.995669954293962,0.9971133028626413,4.356777635376659,1.0016069746764549,,,,,0.0,0,grid_uncalibrated,True
prose,start,8,category,phrase_level,f1,300,20785,65515,,0.8829494314455602,0.8789785430319438,0.8869537352552036,0.886154582335348,0.8826483905077457,0.8896135665975186,,,,-0.0032051508897879,-0.00532301135100139,-0.0011066276471821586,0.9999000099990001,0.8861539515884984,0.0008584329971086456,0.8844757149382991,0.887850042489804,-3.7329880767999977,0.9963837884633997,,,,,,0,grid_uncalibrated,True
prose,start,8,category,structural_other,precision,300,14,65515,,0.0011600396855681904,0.0005517527933633868,0.0018748050833686653,0.0010202091124170039,0.0004838893397181116,0.0016674497909826755,,,,0.00013983057315118653,-2.805971819572571e-05,0.0003487488511471967,0.10318968103189681,0.0010202091124170052,0.00010420381431515624,0.0008242387239563459,0.0012363580859345187,1.3418949591257634,1.1370606980954217,,,,,,0,grid_uncalibrated,True
prose,start,8,category,structural_other,recall,300,14,65515,,1.0,1.0,1.0,0.9985142857142856,0.995283161764706,1.0,,,,0.0014857142857144234,0.0,0.004716838235294044,0.9792020797920208,0.998514285714284,0.010194385444463135,1.0,1.0,0.14573848456190286,1.0014879249170212,,,,,0.0,0,grid_uncalibrated,True
prose,start,8,category,structural_other,f1,300,14,65515,,0.0023173911054870334,0.00110289706018446,0.003742593533356001,0.002038335602096232,0.0009673102298372588,0.0033293385391158998,,,,0.00027905550339080154,-5.6040163688654826e-05,0.0006953513918500907,0.10308969103089691,0.0020383140942044496,0.00020798175685499733,0.0016471198279674846,0.002469662784316117,1.3418340892136673,1.1369156069106745,,,,,,0,grid_uncalibrated,True
prose,end,8,all,all,precision,300,16323,65515,,0.7951614134167748,0.7889820992946313,0.8010729234566589,0.7828784629474166,0.7771298407754128,0.7883698153983785,,,,0.012282950469358234,0.009525507673350593,0.015052855543755359,9.999000099990002e-05,0.7828784629474167,0.0013828989957753715,0.7801877432649011,0.7856063496909105,8.88203007369403,1.0156894729523083,,,,,,0,grid_uncalibrated,True
prose,end,8,all,all,recall,300,16323,65515,,0.9976107333210806,0.9966794060522524,0.9984573662299401,0.9951073025791828,0.9942482895998783,0.9958926148179533,,,,0.0025034307418978496,0.0016231192663385325,0.0034009087535256167,9.999000099990002e-05,0.9951073025791826,0.0005583363641347755,0.993996201678613,0.996201678613,4.483732213604799,1.002515739494032,,,,,0.0,0,grid_uncalibrated,True
prose,end,8,all,all,f1,300,16323,65515,,0.8849552489877329,0.8810793943326513,0.8886687753009317,0.8763265607812152,0.8725963687825479,0.8798433467780941,,,,0.008628688206517743,0.006861087892561582,0.010399985266850107,9.999000099990002e-05,0.8763258541941639,0.0009101099574803031,0.8745636273339181,0.8781059523072118,9.481705724284218,1.0098472443238644,,,,,,0,grid_uncalibrated,True
prose,end,8,depth,1,precision,300,1778,65515,,0.12284209722964207,0.11899638881746305,0.12664744193440522,0.11271802030069449,0.10958359014616899,0.11585128007562928,,,,0.010124076928947581,0.007872378716317362,0.012293637111116588,9.999000099990002e-05,0.11271802030069548,0.0010654607582921808,0.11064603525910097,0.11478325574295963,9.502064576432069,1.0898177319113553,,,,,,0,grid_uncalibrated,True
prose,end,8,depth,1,recall,300,1778,65515,,0.9977502812148481,0.995351404594174,0.9994582955230027,0.9859061867266586,0.9846271536412867,0.9871045850844161,,,,0.01184409448818946,0.009150876937718716,0.014204935653543709,9.999000099990002e-05,0.9859061867266079,0.0026980476401411435,0.9803149606299213,0.9910011248593926,4.38987596513329,1.012013409234772,,,,,0.0,0,grid_uncalibrated,True
prose,end,8,depth,1,f1,300,1778,65515,,0.2187516877921877,0.21263048869944043,0.22475220743011715,0.20230647178388442,0.19724525476097038,0.20734303494157036,,,,0.016445216008303287,0.01286287113882589,0.01987569760224693,9.999000099990002e-05,0.2023048425108556,0.001727260217531635,0.19891989482685513,0.2056755498493681,9.521926756835576,1.0812973385965765,,,,,,0,grid_uncalibrated,True
prose,end,8,depth,2,precision,300,4099,65515,,0.264748530870793,0.2572838386851879,0.27225224633521256,0.24573070747157158,0.23926530576576774,0.25219233246555783,,,,0.019017823399221395,0.015706817387419234,0.022386729768137298,9.999000099990002e-05,0.24573070747157222,0.0014365631304393172,0.24289094100587652,0.24852323895291153,13.23841813579393,1.0773929461030867,,,,,,0,grid_uncalibrated,True
prose,end,8,depth,2,recall,300,4099,65515,,0.9987801902903147,0.9975932031514306,0.999756217965164,0.9949821175896556,0.9941167110156195,0.9957745422397001,,,,0.0037980727006591275,0.002439307487349596,0.005069884843214985,9.999000099990002e-05,0.994982117589642,0.0010696571789463561,0.9926811417418883,0.9968284947548183,3.5507382883308436,1.003817227097381,,,,,0.0,0,grid_uncalibrated,True
prose,end,8,depth,2,f1,300,4099,65515,,0.41855097333952246,0.409175455406875,0.4279013989758799,0.3941244980115409,0.3857413351124388,0.4024044755404781,,,,0.024426475327981534,0.02025831276210185,0.028624445368368313,9.999000099990002e-05,0.3941224038432349,0.0018621467382539778,0.39045236552474666,0.39771983088738777,13.118498663103622,1.0619821894367727,,,,,,0,grid_uncalibrated,True
prose,end,8,depth,3,precision,300,1977,65515,,0.1383042051438602,0.1319206958855273,0.1447361042981813,0.13193001907960009,0.12599377099969353,0.13775299800974797,,,,0.006374186064260101,0.0038078593587853276,0.008898375738286377,9.999000099990002e-05,0.13193001907960017,0.0011318904944280547,0.12974128062275814,0.13416812943600703,5.631451183341636,1.048314902921481,,,,,,0,grid_uncalibrated,True
prose,end,8,depth,3,recall,300,1977,65515,,0.9994941831057157,0.9984202211690363,1.0,0.9964060698027314,0.9953380775170181,0.9972988348945443,,,,0.0030881133029843078,0.002214693434349191,0.00401160374311699,0.006999300069993001,0.9964060698027087,0.0013004506078274636,0.9939301972685888,0.9984825493171472,2.3746486674845477,1.0030992517976314,,,,,0.0,0,grid_uncalibrated,True
prose,end,8,depth,3,f1,300,1977,65515,,0.24298548840979056,0.23307015052625604,0.2528651833805781,0.23300836177333784,0.22369804307533112,0.24205964885557774,,,,0.009977126636452727,0.005990047231220681,0.013911463831245302,9.999000099990002e-05,0.23300661883247967,0.0017701439887699844,0.22959061207346357,0.2365119115193013,5.637320828485194,1.0428265498521534,,,,,,0,grid_uncalibrated,True
prose,end,8,depth,4,precision,300,1660,65515,,0.11347019766465695,0.1077928486382074,0.11927454288790494,0.11260346790811257,0.1072660159881088,0.11787380225698921,,,,0.0008667297565443793,-0.0013957989498649295,0.003133940141624784,0.20767923207679231,0.1126034679081134,0.001055319523939902,0.11052430741051668,0.11467602839044494,0.8212960500415275,1.007697185287853,,,,,,0,grid_uncalibrated,True
prose,end,8,depth,4,recall,300,1660,65515,,0.9981927710843373,0.9958258172836766,1.0,0.9967301807228917,0.9957576762315744,0.9975772015376548,,,,0.0014625903614456925,-0.0009090001544163587,0.003370728513376078,0.200979902009799,0.9967301807228703,0.0013601539052916182,0.9939759036144579,0.9987951807228915,1.0753124008811548,1.0014673884565293,,,,,0.0,0,grid_uncalibrated,True
prose,end,8,depth,4,f1,300,1660,65515,,0.20377602605551196,0.19454610738910758,0.21309808934140906,0.20234719294160708,0.19369710989974087,0.21081731248444124,,,,0.001428833113904876,-0.002227058104853367,0.005088279435392682,0.20107989201079893,0.202345603527413,0.0017080571527521074,0.19897629465931974,0.20569048120752925,0.837455892968335,1.0070692048809708,,,,,,0,grid_uncalibrated,True
prose,end,8,depth,5,precision,300,1511,65515,,0.10434251698084408,0.0981126963299529,0.1107379783063162,0.1032445638403418,0.09759993845128116,0.10915550446386613,,,,0.001097953140502289,-0.00122050495400546,0.003480099556395847,0.14338566143385661,0.10324456384034215,0.001006191328230043,0.10130504464626422,0.1052278104250935,1.0911971805931784,1.010634488632252,,,,,,0,grid_uncalibrated,True
prose,end,8,depth,5,recall,300,1511,65515,,0.99933818663137,0.9979224376731302,1.0,0.996915354070152,0.9960616637281533,0.9976975723011766,,,,0.0024228325612180024,0.0007596368924100678,0.0037067343666735693,0.051794820517948204,0.996915354070167,0.0014080557838147207,0.9940436796823295,0.99933818663137,1.7206935897376516,1.0024303292664831,,,,,0.0,0,grid_uncalibrated,True
prose,end,8,depth,5,f1,300,1511,65515,,0.18895584813056016,0.17869331018039022,0.19938550352906373,0.1871111449182728,0.17779264643734372,0.19676529342083235,,,,0.0018447032122873575,-0.001965054286430909,0.00572819145522746,0.13638636136386362,0.18710965710265792,0.0016556251252454646,0.18390521638022103,0.1903584250915825,1.1151020842526262,1.009866893331376,,,,,,0,grid_uncalibrated,True
prose,end,8,depth,6,precision,300,1521,65515,,0.10563992978707167,0.09988839156278408,0.11155388370291319,0.10316889262001079,0.09833997920630003,0.10817300324419715,,,,0.0024710371670608744,6.93941168650061e-05,0.004871613813071215,0.007999200079992,0.10316889262001123,0.00100855633194503,0.10122872624589789,0.10516675570480043,2.450073524693424,1.0239513782139902,,,,,,0,grid_uncalibrated,True
prose,end,8,depth,6,recall,300,1521,65515,,0.9960552268244576,0.9926860485589105,0.9987269255251432,0.9966717291255756,0.9958611676279079,0.9974367635784402,,,,-0.0006165023011179827,-0.0038517592881480494,0.0021688301214530764,0.7576242375762424,0.9966717291256355,0.001429234395410276,0.9934253780407627,0.9993425378040762,-0.43135143063847237,0.9993814389601291,,,,,0.0,0,grid_uncalibrated,True
prose,end,8,depth,6,f1,300,1521,65515,,0.19102054428452822,0.18157257773419103,0.20064994939059672,0.1869825801421298,0.17902046761938853,0.19516694335386453,,,,0.004037964142398431,9.893286378942502e-05,0.007938192392419828,0.008099190080991902,0.18698108851750558,0.0016599769636004866,0.18376876477060833,0.19027187045523714,2.4334408582761693,1.0216035525252836,,,,,,0,grid_uncalibrated,True
prose,end,8,depth,7,precision,300,1177,65515,,0.08195069831336335,0.07654083405736761,0.08767406731870353,0.07992763336640463,0.0750383362043836,0.08504087241863735,,,,0.0020230649469587247,0.0001008097179134526,0.004008572602517964,0.0160983901609839,0.07992763336640549,0.0008967344703144526,0.0781500419751202,0.08173700679233763,2.25603566488132,1.0253112079233435,,,,,,0,grid_uncalibrated,True
prose,end,8,depth,7,recall,300,1177,65515,,0.9983007646559049,0.9956822107081175,1.0,0.9966903143585388,0.9957624167807338,0.9975237416054022,,,,0.0016104502973660617,-0.0009863248602837312,0.003567388374364788,0.24707529247075294,0.9966903143585477,0.0016506996139567355,0.9932030586236194,0.9991503823279524,0.975616813465487,1.0016157980810656,,,,,0.0,0,grid_uncalibrated,True
prose,end,8,depth,7,f1,300,1177,65515,,0.15146740845958648,0.1421709974089506,0.16119270312700115,0.14798768345676575,0.13957860506885678,0.15671431954645682,,,,0.0034797250028207327,0.00018651861972602854,0.00684714349660717,0.015498450154984501,0.14798642042244656,0.0015392866582475886,0.14495103137209103,0.15109922352737185,2.261429356571488,1.02352234770733,,,,,,0,grid_uncalibrated,True
prose,end,8,depth,8,precision,300,796,65515,,0.05372815385789514,0.04953579236972121,0.05809808995635605,0.054127634892772634,0.05025103802037448,0.05814557818941845,,,,-0.00039948103487749687,-0.0021428186762118594,0.001336997494653453,0.710928907109289,0.05412763489277337,0.0007474020173401222,0.05264443257269328,0.05557505914676028,-0.534492850714958,0.9926196473267379,,,,,,0,grid_uncalibrated,True
prose,end,8,depth,8,recall,300,796,65515,,0.992462311557789,0.9860580068971616,0.9975610498796827,0.9968690954773873,0.995964108428647,0.9976876241043141,,,,-0.004406783919598367,-0.010550515317549197,0.000699649280575451,0.9866013398660134,0.9968690954773667,0.0019714355515351735,0.992462311557789,1.0,-2.235317262157577,0.9955793755272677,,,,,0.0,0,grid_uncalibrated,True
prose,end,8,depth,8,f1,300,796,65515,,0.10193778195512838,0.09435698261938416,0.10977742545379075,0.1026799891506504,0.09568263836953234,0.10988060197879486,,,,-0.00074220719552201,-0.003895678432149315,0.002379753675187162,0.7122287771222878,0.10267904873560892,0.0013462031028757674,0.10001675100727404,0.10529135261911199,-0.5506351745119537,0.9927807396970609,,,,,,0,grid_uncalibrated,True
prose,end,8,depth,9,precision,300,567,65515,,0.039685568190490725,0.03559731503538433,0.043845276061192234,0.03816163474013582,0.0344927950260068,0.04188652024317506,,,,0.0015239334503549043,9.239528062062858e-05,0.0030066948542151364,0.008799120087991202,0.03816163474013517,0.0006332401755759602,0.036922842097229645,0.03939555826909868,2.4065646955666877,1.039933652233006,,,,,,0,grid_uncalibrated,True
prose,end,8,depth,9,recall,300,567,65515,,0.9964726631393298,0.9908592321755028,1.0,0.9968098765432098,0.9957879450485073,0.9977289351309514,,,,-0.0003372134038800434,-0.005784872397094254,0.003463355329917258,0.7299270072992701,0.996809876543237,0.0023450950473429565,0.9911816578483245,1.0,-0.1437951968255248,0.9996617074009372,,,,,0.0,0,grid_uncalibrated,True
prose,end,8,depth,9,f1,300,567,65515,,0.07633116762914172,0.06873540224697934,0.08399124315848576,0.0735090657071963,0.06667914716943935,0.08039422041471413,,,,0.0028221019219454163,0.00016825139047419945,0.005558368622139505,0.0086991300869913,0.07350835975834018,0.0011756672707175534,0.07120720500303901,0.07579967029115668,2.4010261585990005,1.0384011815810006,,,,,,0,grid_uncalibrated,True
prose,end,8,depth,10,precision,300,454,65515,,0.030679996947263987,0.027029148136806545,0.034334433474274374,0.030671524078455307,0.027500728183316277,0.03389467667017412,,,,8.4728688086802e-06,-0.0014783074765444394,0.0015490365656068122,0.4981501849815019,0.030671524078455224,0.0005699859565711341,0.029565748301915593,0.03182477295275891,0.014865048359671394,1.0002762454447027,,,,,,0,grid_uncalibrated,True
prose,end,8,depth,10,recall,300,454,65515,,0.9933920704845814,0.9846938775510204,1.0,0.996660572687225,0.9954451567129154,0.9976995543128052,,,,-0.0032685022026435195,-0.011925560954180807,0.003093937397708412,0.935006499350065,0.9966605726872866,0.002681883403078447,0.9911894273127754,1.0,-1.2187338938573278,0.9967205463000385,,,,,0.0,0,grid_uncalibrated,True
prose,end,8,depth,10,f1,300,454,65515,,0.059521720510029526,0.05262739413435583,0.06638028731356024,0.05951162014593544,0.05352296638118884,0.0655602580663573,,,,1.010036409408721e-05,-0.0027929337178793727,0.0029060658424683024,0.49755024497550243,0.05951103948833141,0.0010736514460636649,0.057433343130579,0.061677973073397785,0.009948313987070872,1.0001794796694856,,,,,,0,grid_uncalibrated,True
prose,end,8,depth,11,precision,300,307,65515,,0.020682286499274977,0.017701964194840724,0.023772112456063678,0.020370629626803017,0.017863597441560936,0.022924207416534042,,,,0.0003116568724719597,-0.0008518861883507442,0.0015449955901716847,0.2552744725527447,0.020370629626802594,0.0004611020490513128,0.019476455773486986,0.021277570022132337,0.6758956571839065,1.015299324477547,,,,,,0,grid_uncalibrated,True
prose,end,8,depth,11,recall,300,307,65515,,0.993485342019544,0.9833319397993311,1.0,0.9969677524429971,0.9957950213515991,0.9979975852941176,,,,-0.0034824104234530973,-0.013163188536409331,0.0031428772635813586,0.9303069693030697,0.99696775244311,0.0031665186748029497,0.990228013029316,1.0,-1.0997599512918441,0.9965069979294393,,,,,0.0,0,grid_uncalibrated,True
prose,end,8,depth,11,f1,300,307,65515,,0.04052101033137465,0.03478805236413056,0.04643699407633516,0.03992547846973719,0.03509852920311104,0.04481756362577947,,,,0.0005955318616374661,-0.0016460633996935703,0.0029563860843770428,0.2546745325467453,0.03992508321399276,0.0008859562855649836,0.03820635537714998,0.041668534875726734,0.6726371572631973,1.0149261333830617,,,,,,0,grid_uncalibrated,True
prose,end,8,depth,12,precision,300,189,65515,,0.012684118140883768,0.010254847145348764,0.015263071592314556,0.012861517209799287,0.010718718308803136,0.015058556704615325,,,,-0.00017739906891551908,-0.0011415295779959066,0.0008561411058342158,0.6907309269073093,0.01286151720979957,0.0003705083342733519,0.012134625658246204,0.013584675265206441,-0.47879913218071146,0.9862069874010948,,,,,,0,grid_uncalibrated,True
prose,end,8,depth,12,recall,300,189,65515,,0.9947089947089947,0.9825581395348837,1.0,0.9968407407407407,0.9953811089665655,0.9980345817886271,,,,-0.00213174603174604,-0.01407348681690515,0.004080630804953676,0.8801119888011198,0.9968407407407758,0.004096453113829941,0.9894179894179894,1.0,-0.5203882413750043,0.9978614978856132,,,,,0.0,0,grid_uncalibrated,True
prose,end,8,depth,12,f1,300,189,65515,,0.02504882402659189,0.02029781285562841,0.0300652604381858,0.02539537619434368,0.021209321004316203,0.02966887489474518,,,,-0.0003465521677517916,-0.0022267020233294114,0.0016632781940992775,0.6885311468853115,0.025395116010884244,0.0007224388943603907,0.02397675477206963,0.026805210451020255,-0.4793374041675084,0.9863638353081775,,,,,,0,grid_uncalibrated,True
prose,end,8,depth,13,precision,300,108,65515,,0.007677631076852629,0.0057072557870222074,0.009803456602028306,0.007463170266351217,0.005736617813634822,0.009305235274492603,,,,0.00021446081050141216,-0.0005551095671868333,0.0010183898759694458,0.2338766123387661,0.007463170266351247,0.00028434821165965575,0.006914447073189346,0.008028695718537739,0.7542189530563177,1.028735886070871,,,,,,0,grid_uncalibrated,True
prose,end,8,depth,13,recall,300,108,65515,,0.9814814814814815,0.9509803921568627,1.0,0.9976759259259259,0.9963407959183671,0.9987289857587895,,,,-0.0161944444444444,-0.04581831334475524,0.0023171688311688777,0.9976002399760024,0.997675925925949,0.00463540438368185,0.9814814814814815,1.0,-3.4936422163031278,0.9837678307919103,,,,,0.0,0,grid_uncalibrated,True
prose,end,8,depth,13,f1,300,108,65515,,0.015236078054395296,0.011348178048218593,0.01941466116200153,0.014815512268961524,0.01140755704623778,0.01843861923442631,,,,0.0004205657854337713,-0.0010971488730768845,0.0020035170044092865,0.2338766123387661,0.014815355836562764,0.0005603309037470581,0.013732106212610453,0.0159294983419391,0.750846000138611,1.0283977126485369,,,,,,0,grid_uncalibrated,True
prose,end,8,depth,14,precision,300,69,65515,,0.004838586583225215,0.003414181583394961,0.006462799671439401,0.004768865145386552,0.003536592343366309,0.006136635995148961,,,,6.972143783866291e-05,-0.0003985579939403163,0.0005975913142708516,0.39136086391360864,0.004768865145386476,0.00022543603745063523,0.004334885140807448,0.005204914904983591,0.3092737018765532,1.0146201319838515,,,,,,0,grid_uncalibrated,True
prose,end,8,depth,14,recall,300,69,65515,,1.0,1.0,1.0,0.9973434782608693,0.9950338562192118,0.9991857198660715,,,,0.0026565217391306684,0.0008142801339285189,0.004966143780788164,0.8294170582941706,0.9973434782608649,0.006075190178102012,0.9855072463768116,1.0,0.4372738402018305,1.0026635976441811,,,,,0.0,0,grid_uncalibrated,True
prose,end,8,depth,14,f1,300,69,65515,,0.009630574796451574,0.006805129219750655,0.012842600190001876,0.009492342016844494,0.00704819839352001,0.012198127097743653,,,,0.00013823277960708057,-0.0007897985184465622,0.0011819399720925698,0.38586141385861417,0.009492243029149916,0.00044661996110915845,0.008631802147938504,0.010355928085519923,0.3097303733539319,1.0145731379692715,,,,,,0,grid_uncalibrated,True
prose,end,8,depth,15,precision,300,41,65515,,0.002777989773334351,0.0017548049060897577,0.0038946636154147357,0.002793343509120049,0.001819874866491284,0.003841678757362818,,,,-1.5353735785698062e-05,-0.000364364120464874,0.0003647001290664475,0.5502449755024498,0.002793343509120031,0.00017784934642586773,0.002457452491795772,0.0031443180950927268,-0.08633000960776722,0.9945034558995155,,,,,,0,grid_uncalibrated,True
prose,end,8,depth,15,recall,300,41,65515,,0.975609756097561,0.9142857142857143,1.0,0.9970560975609756,0.9946090303030303,0.9988686478758171,,,,-0.02144634146341462,-0.08103564285714286,0.0040448026315789525,0.994000599940006,0.9970560975609593,0.008411749393832244,0.975609756097561,1.0,-2.5495697100918653,0.9784903361848333,,,,,0.0,0,grid_uncalibrated,True
prose,end,8,depth,15,f1,300,41,65515,,0.005540204150434807,0.0035034546791071056,0.007758078508925929,0.005571079132413623,0.0036330979475239075,0.007653864638031057,,,,-3.087498197881615e-05,-0.0007253163324855669,0.0007229977559820691,0.5498450154984501,0.005571017390896316,0.00035372850525133663,0.00490255599019641,0.006268924696824455,-0.08710985969201297,0.9944690101826174,,,,,,0,grid_uncalibrated,True
prose,end,8,depth,16,precision,300,31,65515,,0.0021521788903304585,0.001160083341801733,0.003317371681052167,0.0020543509120048843,0.001173996328419478,0.00307793327960611,,,,9.782797832557418e-05,-0.00020947779251505915,0.0004814682324267389,0.2713728627137286,0.0020543509120048886,0.00014855460643866146,0.001770586888498817,0.002350606731282912,0.6585321093086618,1.0476198967537134,,,,,,0,grid_uncalibrated,True
prose,end,8,depth,16,recall,300,31,65515,,1.0,1.0,1.0,0.9954870967741934,0.9899834199584199,0.9996785924369748,,,,0.004512903225806553,0.0003214075630252224,0.010016580041580106,0.8666133386661334,0.9954870967741759,0.011779332688982541,0.967741935483871,1.0,0.3831204487538677,1.004533361849137,,,,,0.0,0,grid_uncalibrated,True
prose,end,8,depth,16,f1,300,31,65515,,0.0042951139271353725,0.0023174782156749132,0.006612806225995718,0.004100240305584756,0.002345238030251624,0.006136868698412132,,,,0.00019487362155061645,-0.0004172347670233405,0.0009579330599244902,0.26847315268473154,0.004100196692134049,0.0002958947963042925,0.0035349149030183906,0.004690188673498911,0.6587382996788971,1.0475385084269881,,,,,,0,grid_uncalibrated,True
prose,end,8,depth,17,precision,300,17,65515,,0.001221094405861253,0.0005956178564394104,0.0019661194502547693,0.0011810516675570479,0.0006131715971084219,0.0018455147731061927,,,,4.0042738304205214e-05,-0.000190382387000512,0.0003033526218229242,0.3808619138086191,0.001181051667557039,0.00011316417580986904,0.0009616118446157369,0.001404258566740441,0.3538464184238947,1.0339043069868747,,,,,,0,grid_uncalibrated,True
prose,end,8,depth,17,recall,300,17,65515,,1.0,1.0,1.0,0.9989588235294119,0.9977315707236843,0.9998266666666666,,,,0.001041176470588101,0.00017333333333335865,0.0022684292763156867,0.9824017598240176,0.9989588235294096,0.007801266166170773,1.0,1.0,0.13346249806286134,1.0010422616488954,,,,,0.0,0,grid_uncalibrated,True
prose,end,8,depth,17,f1,300,17,65515,,0.0024392103056635416,0.0011905266139686484,0.00392452281983012,0.0023593139591957233,0.0012255900842300586,0.00368422671995023,,,,7.989634646781828e-05,-0.0003800798159378706,0.0006052062328155704,0.3802619738026197,0.0023592885532967753,0.00022579355442947868,0.0019213760712434049,0.0028045787797033855,0.3539594058329418,1.033875361390232,,,,,,0,grid_uncalibrated,True
prose,end,8,depth,18,precision,300,11,65515,,0.0007173929634434862,0.0003105955770812903,0.001205006352030709,0.0007712584904220408,0.0003603951551227933,0.0012469840469885604,,,,-5.38655269785546e-05,-0.00023600350206588806,0.00012862157138232255,0.7495250474952505,0.0007712584904220426,9.143740338405001e-05,0.0005952835228573609,0.0009616118446157369,-0.5890972948161445,0.9301589186407783,,,,,,0,grid_uncalibrated,True
prose,end,8,depth,18,recall,300,11,65515,,1.0,1.0,1.0,0.9989454545454546,0.9977571428571429,0.9999100000000001,,,,0.0010545454545454191,8.999999999992347e-05,0.002242857142857102,0.9885011498850115,0.9989454545454529,0.009819278836300733,1.0,1.0,0.10739540776136762,1.001055658694625,,,,,0.0,0,grid_uncalibrated,True
prose,end,8,depth,18,f1,300,11,65515,,0.0014337573594460206,0.0006209982748432663,0.002407112118624538,0.0015413269644098425,0.0007205303758233052,0.0024908556656578497,,,,-0.00010756960496382194,-0.00047105346040687704,0.0002567999955785377,0.7486251374862514,0.0015413104182782967,0.00018259103734370532,0.0011898587424108368,0.0019213760712434049,-0.5890379965902741,0.9302197289028793,,,,,,0,grid_uncalibrated,True
prose,end,8,depth,19,precision,300,5,65515,,0.0003358009616118446,6.429878787725404e-05,0.0006703925422443788,0.00036463252690223613,7.584578069660326e-05,0.0007061973617303536,,,,-2.8831565290391532e-05,-0.00012557731235485344,5.921289752920308e-05,0.7025297470252975,0.00036463252690223586,6.520000503490323e-05,0.0002442188811722506,0.0005037014424177669,-0.44220188748385814,0.9209298042186963,,,,,,0,grid_uncalibrated,True
prose,end,8,depth,19,recall,300,5,65515,,1.0,1.0,1.0,0.9972799999999999,0.9932,1.0,,,,0.0027200000000000557,0.0,0.006800000000000028,0.9864013598640136,0.9972799999999996,0.023165821063080176,1.0,1.0,0.11741435766916572,1.002727418578534,,,,,0.0,0,grid_uncalibrated,True
prose,end,8,depth,19,f1,300,5,65515,,0.0006713764743579962,0.00018067556081895162,0.0013409858163596858,0.0007289985122417951,0.00015885654889179348,0.0014128599383784136,,,,-5.7622037883798866e-05,-0.0002516393718327846,0.00011852042425028838,0.7013298670132987,0.0007289901543174948,0.0001303040210877326,0.0004883185057453724,0.0010068957100140355,-0.44214813540334036,0.9209678215566047,,,,,,0,grid_uncalibrated,True
prose,end,8,depth,20,precision,300,2,65515,,0.00010684576051285965,0.0,0.0003300435068085451,9.943677020529649e-05,0.0,0.00030715734706499254,,,,7.408990307563161e-06,0.0,2.288615974355258e-05,0.46885311468853114,9.943677020529848e-05,3.055019919037699e-05,4.579104021979699e-05,0.0001679004808059223,0.24251855974460967,1.0745095631350905,,,,,,0,grid_uncalibrated,True
prose,end,8,depth,20,recall,300,2,65515,,1.0,1.0,1.0,1.0,1.0,1.0,,,,0.0,0.0,0.0,1.0,1.0,0.0,1.0,1.0,,1.0,,,,,0.0,0,grid_uncalibrated,True
prose,end,8,depth,20,f1,300,2,65515,,0.00021366869143188546,0.00020459640440103832,0.0008342507892207923,0.00019885376703425594,0.00019041045586377326,0.0007764239137261848,,,,1.4814924397629526e-05,1.4185948537265086e-05,5.782687549460747e-05,0.46885311468853114,0.00019885190117667877,6.108731849386425e-05,9.157788699288744e-05,0.00033574458993376673,0.24255100110008798,1.0745116851663492,,,,,,0,grid_uncalibrated,True
prose,end,8,depth,21,precision,300,1,65515,,6.105472029306265e-05,0.0,0.0001887892239156552,8.427840952453636e-05,0.0,0.0002605999249625725,,,,-2.322368923147371e-05,-7.181070104691731e-05,0.0,0.8194180581941806,8.427840952453724e-05,3.29384537331856e-05,3.0527360146531325e-05,0.00015263680073265663,-0.7050631283300541,0.7244408222403256,,,,,,0,grid_uncalibrated,True
prose,end,8,depth,21,recall,300,1,65515,,1.0,1.0,1.0,1.0,1.0,1.0,,,,0.0,0.0,0.0,1.0,1.0,0.0,1.0,1.0,,1.0,,,,,0.0,0,grid_uncalibrated,True
prose,end,8,depth,21,f1,300,1,65515,,0.00012210198568354217,0.00011689104878469653,0.0004787702866486099,0.0001685426145455817,0.00016134989446176483,0.000660822362508645,,,,-4.644062886203953e-05,-0.00018205207586003514,-4.44588456770683e-05,0.8194180581941806,0.00016854044545524486,6.586496518321714e-05,6.105285651052399e-05,0.00030522701259061424,-0.705055557875487,0.7244669690633148,,,,,,0,grid_uncalibrated,True
prose,end,8,depth,22,precision,300,2,65515,,0.0001679004808059223,0.0,0.0005011238915792573,0.00012401129512325422,0.0,0.00031556421667497815,,,,4.388918568266808e-05,-0.00013247726398814443,0.00026794951828842234,0.14858514148585142,0.00012401129512325598,3.4946824836050075e-05,6.105472029306265e-05,0.00019842784095245363,1.2558847874898087,1.3539128080151446,,,,,,0,grid_uncalibrated,True
prose,end,8,depth,22,recall,300,2,65515,,1.0,1.0,1.0,0.99915,0.9983,1.0,,,,0.0008500000000000174,0.0,0.0017000000000000348,0.9983001699830018,0.99915,0.020599027452603665,1.0,1.0,0.04126408404259782,1.0008507231146475,,,,,0.0,0,grid_uncalibrated,True
prose,end,8,depth,22,f1,300,2,65515,,0.00033574458993376673,2.981692408611128e-05,0.0010347905269041551,0.0002479918102979772,0.00011736322062101632,0.0006379100214266881,,,,8.775277963578954e-05,-0.0002669809293440715,0.0005406517117669538,0.14858514148585142,0.000247989383337683,6.987553030568147e-05,0.00012210198568354217,0.0003967769503113173,1.2558789351892548,1.3538667882269337,,,,,,0,grid_uncalibrated,True
prose,end,8,category,clause_level,precision,300,2524,65515,,0.16348927726474852,0.1578388093162646,0.169380910287623,0.1510659162023964,0.14610063252205488,0.1560514435052534,,,,0.012423361062352117,0.010000564852081477,0.01485181815138116,9.999000099990002e-05,0.15106591620239657,0.0012001088738531388,0.14875982599404716,0.15344577577653973,10.351861679403129,1.0822380148656912,,,,,,0,grid_uncalibrated,True
prose,end,8,category,clause_level,recall,300,2524,65515,,0.9984152139461173,0.9966983078827899,0.9996204933586338,0.989197147385103,0.9880690881220334,0.9902350718062745,,,,0.009218066561014315,0.0072638763912591525,0.010996497622847245,9.999000099990002e-05,0.9891971473851016,0.002093763585240983,0.9849445324881141,0.9932646592709984,4.402630089659716,1.0093187354870394,,,,,0.0,0,grid_uncalibrated,True
prose,end,8,category,clause_level,f1,300,2524,65515,,0.2809700504179504,0.2725922582755384,0.28964309257737736,0.26210438300856276,0.2545899824513532,0.2695927763080884,,,,0.018865667409387665,0.015275187807465927,0.02243430149425913,9.999000099990002e-05,0.2621025090127797,0.001819542328179405,0.2585945685195398,0.2656910097289372,10.36938856160009,1.071985352128967,,,,,,0,grid_uncalibrated,True
prose,end,8,category,phrase_level,precision,300,13781,65515,,0.7596733572464321,0.7527434072075687,0.7663010442084501,0.7480377501335573,0.7414200416184585,0.7543865805165013,,,,0.011635607112874813,0.008776441572751674,0.01450036105828929,9.999000099990002e-05,0.7480377501335541,0.001449674112495333,0.7452033885369763,0.7508509501640845,8.026360554131433,1.015554839459373,,,,,,0,grid_uncalibrated,True
prose,end,8,category,phrase_level,recall,300,13781,65515,,0.9974602713881431,0.9964609570498317,0.9983623074303334,0.9961860967999416,0.9953367469131079,0.9969696243839334,,,,0.0012741745882014488,0.0004384781314975555,0.002131882877216734,0.0032996700329967,0.9961860968000781,0.00046420772108804237,0.9952833611494086,0.9970248893403962,2.7448371282547894,1.0012790527715232,,,,,0.0,0,grid_uncalibrated,True
prose,end,8,category,phrase_level,f1,300,13781,65515,,0.862477367386329,0.8579181830094709,0.8668141110031258,0.8544600601289334,0.850042031034423,0.8586516436669004,,,,0.008017307257395578,0.0061202746170817765,0.009935849822957367,9.999000099990002e-05,0.854459267148107,0.0009779891132624269,0.8525591232962214,0.8563510807763948,8.19855776458975,1.0093838296879658,,,,,,0,grid_uncalibrated,True
prose,end,8,category,structural_other,precision,300,18,65515,,0.0016026864076928947,0.0008074775794619695,0.0025341192337658192,0.0013027993589254366,0.0007377508541352019,0.0019603997205485746,,,,0.00029988704876745815,-9.6698894008309e-05,0.0007389720897937757,0.008799120087991202,0.0013027993589254175,0.00012035329837044386,0.0010684576051285964,0.001541631687399832,2.4917227265715134,1.2301866720404528,,,,,,0,grid_uncalibrated,True
prose,end,8,category,structural_other,recall,300,18,65515,,1.0,1.0,1.0,0.9979055555555555,0.99529359375,0.9998071428571428,,,,0.00209444444444451,0.00019285714285721678,0.004706406249999915,0.9627037296270373,0.9979055555555587,0.010698219859106642,0.9444444444444444,1.0,0.19577504220559058,1.00209884034895,,,,,0.0,0,grid_uncalibrated,True
prose,end,8,category,structural_other,f1,300,18,65515,,0.0032002438281011885,0.0016136521709222578,0.005055427411666638,0.0026022014560860597,0.0014744111932146074,0.0039131115552765525,,,,0.0005980423720151288,-0.00019310278793029697,0.001472670826331568,0.008799120087991202,0.002602172776078883,0.00024007931506915545,0.0021346344438514906,0.003078517434772007,2.4911394463535097,1.2298352582581071,,,,,,0,grid_uncalibrated,True
